ERROR 2026-01-16 03:12:11,382 basehttp 35808 44660 You're accessing the development server over HTTPS, but it only supports HTTP.
ERROR 2026-01-16 03:12:11,423 basehttp 35808 44880 You're accessing the development server over HTTPS, but it only supports HTTP.
ERROR 2026-01-16 03:12:23,177 basehttp 35808 21120 You're accessing the development server over HTTPS, but it only supports HTTP.
ERROR 2026-01-16 03:12:23,206 basehttp 35808 46228 You're accessing the development server over HTTPS, but it only supports HTTP.
ERROR 2026-01-16 03:15:16,908 basehttp 10412 47632 You're accessing the development server over HTTPS, but it only supports HTTP.
ERROR 2026-01-16 03:15:16,919 basehttp 10412 47856 You're accessing the development server over HTTPS, but it only supports HTTP.
ERROR 2026-01-16 03:15:59,041 basehttp 10412 47404 You're accessing the development server over HTTPS, but it only supports HTTP.
ERROR 2026-01-16 03:15:59,046 basehttp 10412 47400 You're accessing the development server over HTTPS, but it only supports HTTP.
ERROR 2026-01-16 03:16:20,150 basehttp 10412 24620 You're accessing the development server over HTTPS, but it only supports HTTP.
ERROR 2026-01-16 03:16:20,153 basehttp 10412 47188 You're accessing the development server over HTTPS, but it only supports HTTP.
ERROR 2026-01-16 03:16:20,165 basehttp 10412 46012 You're accessing the development server over HTTPS, but it only supports HTTP.
ERROR 2026-01-16 03:16:20,166 basehttp 10412 36736 You're accessing the development server over HTTPS, but it only supports HTTP.
ERROR 2026-01-16 03:16:20,217 basehttp 10412 35856 You're accessing the development server over HTTPS, but it only supports HTTP.
ERROR 2026-01-16 03:16:20,219 basehttp 10412 36480 You're accessing the development server over HTTPS, but it only supports HTTP.
ERROR 2026-01-16 03:16:33,422 basehttp 10412 10648 You're accessing the development server over HTTPS, but it only supports HTTP.
ERROR 2026-01-16 03:16:33,429 basehttp 10412 46048 You're accessing the development server over HTTPS, but it only supports HTTP.
ERROR 2026-01-16 03:16:33,439 basehttp 10412 31600 You're accessing the development server over HTTPS, but it only supports HTTP.
ERROR 2026-01-16 03:16:33,505 basehttp 10412 34288 You're accessing the development server over HTTPS, but it only supports HTTP.
ERROR 2026-01-16 03:16:34,389 basehttp 10412 38380 You're accessing the development server over HTTPS, but it only supports HTTP.
ERROR 2026-01-16 03:16:34,397 basehttp 10412 38284 You're accessing the development server over HTTPS, but it only supports HTTP.
ERROR 2026-01-16 03:16:43,420 basehttp 10412 46284 You're accessing the development server over HTTPS, but it only supports HTTP.
ERROR 2026-01-16 03:16:43,440 basehttp 10412 42112 You're accessing the development server over HTTPS, but it only supports HTTP.
ERROR 2026-01-16 03:16:43,460 basehttp 10412 47076 You're accessing the development server over HTTPS, but it only supports HTTP.
ERROR 2026-01-16 03:16:43,477 basehttp 10412 46292 You're accessing the development server over HTTPS, but it only supports HTTP.
ERROR 2026-01-16 03:17:42,508 basehttp 46500 45996 You're accessing the development server over HTTPS, but it only supports HTTP.
ERROR 2026-01-16 03:17:42,518 basehttp 46500 46028 You're accessing the development server over HTTPS, but it only supports HTTP.
ERROR 2026-01-16 03:17:55,206 basehttp 46500 41688 You're accessing the development server over HTTPS, but it only supports HTTP.
ERROR 2026-01-16 03:17:55,212 basehttp 46500 45876 You're accessing the development server over HTTPS, but it only supports HTTP.
ERROR 2026-01-16 03:17:59,126 basehttp 46500 46312 You're accessing the development server over HTTPS, but it only supports HTTP.
ERROR 2026-01-16 03:17:59,132 basehttp 46500 29988 You're accessing the development server over HTTPS, but it only supports HTTP.
ERROR 2026-01-16 03:17:59,238 basehttp 46500 38480 You're accessing the development server over HTTPS, but it only supports HTTP.
ERROR 2026-01-16 03:17:59,256 basehttp 46500 46372 You're accessing the development server over HTTPS, but it only supports HTTP.
ERROR 2026-01-16 03:17:59,273 basehttp 46500 48064 You're accessing the development server over HTTPS, but it only supports HTTP.
ERROR 2026-01-16 03:17:59,289 basehttp 46500 41148 You're accessing the development server over HTTPS, but it only supports HTTP.
ERROR 2026-01-16 03:18:12,851 basehttp 46500 47916 You're accessing the development server over HTTPS, but it only supports HTTP.
ERROR 2026-01-16 03:18:13,155 basehttp 46500 44536 You're accessing the development server over HTTPS, but it only supports HTTP.
ERROR 2026-01-16 03:18:13,161 basehttp 46500 45656 You're accessing the development server over HTTPS, but it only supports HTTP.
ERROR 2026-01-16 03:18:13,471 basehttp 46500 45560 You're accessing the development server over HTTPS, but it only supports HTTP.
ERROR 2026-01-16 03:18:21,631 basehttp 46500 38260 You're accessing the development server over HTTPS, but it only supports HTTP.
ERROR 2026-01-16 03:18:21,634 basehttp 46500 44316 You're accessing the development server over HTTPS, but it only supports HTTP.
ERROR 2026-01-16 03:18:21,731 basehttp 46500 46792 You're accessing the development server over HTTPS, but it only supports HTTP.
ERROR 2026-01-16 03:18:21,943 basehttp 46500 46456 You're accessing the development server over HTTPS, but it only supports HTTP.
ERROR 2026-01-16 03:18:21,944 basehttp 46500 45344 You're accessing the development server over HTTPS, but it only supports HTTP.
ERROR 2026-01-16 03:18:22,075 basehttp 46500 45200 You're accessing the development server over HTTPS, but it only supports HTTP.
ERROR 2026-01-16 03:18:27,110 basehttp 46500 46092 You're accessing the development server over HTTPS, but it only supports HTTP.
ERROR 2026-01-16 03:18:27,115 basehttp 46500 44780 You're accessing the development server over HTTPS, but it only supports HTTP.
ERROR 2026-01-16 03:18:38,766 basehttp 46500 48008 You're accessing the development server over HTTPS, but it only supports HTTP.
ERROR 2026-01-16 03:18:38,772 basehttp 46500 47968 You're accessing the development server over HTTPS, but it only supports HTTP.
ERROR 2026-01-16 03:18:38,788 basehttp 46500 44816 You're accessing the development server over HTTPS, but it only supports HTTP.
ERROR 2026-01-16 03:18:38,799 basehttp 46500 42052 You're accessing the development server over HTTPS, but it only supports HTTP.
ERROR 2026-01-16 03:18:39,418 basehttp 46500 46464 You're accessing the development server over HTTPS, but it only supports HTTP.
ERROR 2026-01-16 03:18:39,420 basehttp 46500 37284 You're accessing the development server over HTTPS, but it only supports HTTP.
ERROR 2026-01-16 03:18:39,434 basehttp 46500 47544 You're accessing the development server over HTTPS, but it only supports HTTP.
ERROR 2026-01-16 03:18:39,436 basehttp 46500 47424 You're accessing the development server over HTTPS, but it only supports HTTP.
ERROR 2026-01-16 03:19:57,366 basehttp 45364 38512 You're accessing the development server over HTTPS, but it only supports HTTP.
ERROR 2026-01-16 03:19:57,373 basehttp 45364 42220 You're accessing the development server over HTTPS, but it only supports HTTP.
ERROR 2026-01-16 03:20:14,566 basehttp 45364 46140 You're accessing the development server over HTTPS, but it only supports HTTP.
ERROR 2026-01-16 03:20:14,583 basehttp 45364 45904 You're accessing the development server over HTTPS, but it only supports HTTP.
ERROR 2026-01-16 03:20:26,369 basehttp 45364 46076 You're accessing the development server over HTTPS, but it only supports HTTP.
ERROR 2026-01-16 03:20:26,372 basehttp 45364 36284 You're accessing the development server over HTTPS, but it only supports HTTP.
ERROR 2026-01-16 03:20:55,253 basehttp 45364 45528 You're accessing the development server over HTTPS, but it only supports HTTP.
ERROR 2026-01-16 03:20:55,689 basehttp 45364 46044 You're accessing the development server over HTTPS, but it only supports HTTP.
ERROR 2026-01-16 03:20:55,691 basehttp 45364 37124 You're accessing the development server over HTTPS, but it only supports HTTP.
ERROR 2026-01-16 03:20:55,999 basehttp 45364 46204 You're accessing the development server over HTTPS, but it only supports HTTP.
ERROR 2026-01-16 03:21:51,292 basehttp 45364 47208 You're accessing the development server over HTTPS, but it only supports HTTP.
ERROR 2026-01-16 03:21:51,299 basehttp 45364 40468 You're accessing the development server over HTTPS, but it only supports HTTP.
ERROR 2026-01-16 03:22:11,525 basehttp 45364 37044 You're accessing the development server over HTTPS, but it only supports HTTP.
ERROR 2026-01-16 03:22:11,527 basehttp 45364 32024 You're accessing the development server over HTTPS, but it only supports HTTP.
ERROR 2026-01-16 03:22:11,881 basehttp 45364 25148 You're accessing the development server over HTTPS, but it only supports HTTP.
ERROR 2026-01-16 03:22:11,996 basehttp 45364 28056 You're accessing the development server over HTTPS, but it only supports HTTP.
ERROR 2026-01-16 03:22:26,994 basehttp 45364 45980 You're accessing the development server over HTTPS, but it only supports HTTP.
ERROR 2026-01-16 03:22:27,008 basehttp 45364 45260 You're accessing the development server over HTTPS, but it only supports HTTP.
ERROR 2026-01-16 03:22:27,023 basehttp 45364 47888 You're accessing the development server over HTTPS, but it only supports HTTP.
ERROR 2026-01-16 03:22:27,030 basehttp 45364 44656 You're accessing the development server over HTTPS, but it only supports HTTP.
ERROR 2026-01-16 03:22:34,462 basehttp 45364 45236 You're accessing the development server over HTTPS, but it only supports HTTP.
ERROR 2026-01-16 03:22:34,465 basehttp 45364 47940 You're accessing the development server over HTTPS, but it only supports HTTP.
ERROR 2026-01-16 03:22:55,732 basehttp 45364 11400 You're accessing the development server over HTTPS, but it only supports HTTP.
ERROR 2026-01-16 03:22:55,735 basehttp 45364 43448 You're accessing the development server over HTTPS, but it only supports HTTP.
ERROR 2026-01-16 03:23:12,345 basehttp 45364 40876 You're accessing the development server over HTTPS, but it only supports HTTP.
ERROR 2026-01-16 03:23:12,382 basehttp 45364 46492 You're accessing the development server over HTTPS, but it only supports HTTP.
ERROR 2026-01-16 03:25:17,816 basehttp 43216 41460 You're accessing the development server over HTTPS, but it only supports HTTP.
ERROR 2026-01-16 03:25:17,945 basehttp 43216 14116 You're accessing the development server over HTTPS, but it only supports HTTP.
ERROR 2026-01-16 03:25:47,009 basehttp 43216 28536 You're accessing the development server over HTTPS, but it only supports HTTP.
ERROR 2026-01-16 03:25:47,011 basehttp 43216 2364 You're accessing the development server over HTTPS, but it only supports HTTP.
ERROR 2026-01-16 03:25:47,018 basehttp 43216 44228 You're accessing the development server over HTTPS, but it only supports HTTP.
ERROR 2026-01-16 03:25:47,019 basehttp 43216 46136 You're accessing the development server over HTTPS, but it only supports HTTP.
ERROR 2026-01-16 03:26:10,387 basehttp 43216 44072 You're accessing the development server over HTTPS, but it only supports HTTP.
ERROR 2026-01-16 03:26:10,392 basehttp 43216 46528 You're accessing the development server over HTTPS, but it only supports HTTP.
ERROR 2026-01-16 03:26:37,155 basehttp 43216 39976 You're accessing the development server over HTTPS, but it only supports HTTP.
ERROR 2026-01-16 03:26:37,158 basehttp 43216 46444 You're accessing the development server over HTTPS, but it only supports HTTP.
ERROR 2026-01-16 03:26:37,159 basehttp 43216 45512 You're accessing the development server over HTTPS, but it only supports HTTP.
ERROR 2026-01-16 03:26:37,168 basehttp 43216 42004 You're accessing the development server over HTTPS, but it only supports HTTP.
ERROR 2026-01-16 03:26:51,345 basehttp 43216 21920 You're accessing the development server over HTTPS, but it only supports HTTP.
ERROR 2026-01-16 03:26:51,349 basehttp 43216 40656 You're accessing the development server over HTTPS, but it only supports HTTP.
ERROR 2026-01-16 03:28:45,369 basehttp 43216 41064 You're accessing the development server over HTTPS, but it only supports HTTP.
ERROR 2026-01-16 03:28:45,370 basehttp 43216 43236 You're accessing the development server over HTTPS, but it only supports HTTP.
ERROR 2026-01-16 03:28:45,374 basehttp 43216 21160 You're accessing the development server over HTTPS, but it only supports HTTP.
ERROR 2026-01-16 03:28:45,378 basehttp 43216 43508 You're accessing the development server over HTTPS, but it only supports HTTP.
ERROR 2026-01-16 03:28:54,095 basehttp 43216 36372 You're accessing the development server over HTTPS, but it only supports HTTP.
ERROR 2026-01-16 03:28:54,105 basehttp 43216 47516 You're accessing the development server over HTTPS, but it only supports HTTP.
ERROR 2026-01-16 03:29:03,149 basehttp 43216 41560 You're accessing the development server over HTTPS, but it only supports HTTP.
ERROR 2026-01-16 03:29:03,150 basehttp 43216 44588 You're accessing the development server over HTTPS, but it only supports HTTP.
ERROR 2026-01-16 03:29:03,153 basehttp 43216 29376 You're accessing the development server over HTTPS, but it only supports HTTP.
ERROR 2026-01-16 03:29:03,156 basehttp 43216 44844 You're accessing the development server over HTTPS, but it only supports HTTP.
ERROR 2026-01-16 03:29:53,456 basehttp 39700 45344 You're accessing the development server over HTTPS, but it only supports HTTP.
ERROR 2026-01-16 03:29:53,458 basehttp 39700 45720 You're accessing the development server over HTTPS, but it only supports HTTP.
ERROR 2026-01-16 03:33:00,292 basehttp 45688 46692 You're accessing the development server over HTTPS, but it only supports HTTP.
ERROR 2026-01-16 03:33:00,523 basehttp 45688 43888 You're accessing the development server over HTTPS, but it only supports HTTP.
ERROR 2026-01-16 03:33:00,832 basehttp 45688 41228 You're accessing the development server over HTTPS, but it only supports HTTP.
ERROR 2026-01-16 03:33:00,833 basehttp 45688 47604 You're accessing the development server over HTTPS, but it only supports HTTP.
WARNING 2026-01-16 11:30:19,435 log 21080 18536 Not Found: /favicon.ico
WARNING 2026-01-16 11:30:19,459 basehttp 21080 18536 "GET /favicon.ico HTTP/1.1" 404 3006
WARNING 2026-01-16 12:10:46,306 log 26168 27296 Method Not Allowed (GET): /accounts/logout/
WARNING 2026-01-16 12:10:46,560 basehttp 26168 27296 "GET /accounts/logout/ HTTP/1.1" 405 0
WARNING 2026-01-16 12:10:51,719 log 26168 27296 Not Found: /accounts/
WARNING 2026-01-16 12:10:51,723 basehttp 26168 27296 "GET /accounts/ HTTP/1.1" 404 4607
WARNING 2026-01-16 12:11:04,062 log 26168 27296 Method Not Allowed (GET): /accounts/logout/
WARNING 2026-01-16 12:11:04,121 basehttp 26168 27296 "GET /accounts/logout/ HTTP/1.1" 405 0
WARNING 2026-01-16 12:11:22,373 log 26168 23736 Method Not Allowed (GET): /accounts/logout/
WARNING 2026-01-16 12:11:22,655 basehttp 26168 23736 "GET /accounts/logout/ HTTP/1.1" 405 0
WARNING 2026-01-16 12:12:03,567 log 26168 23736 Not Found: /register
WARNING 2026-01-16 12:12:03,569 basehttp 26168 23736 "GET /register HTTP/1.1" 404 2997
WARNING 2026-01-16 12:41:23,196 log 28632 23224 Method Not Allowed (GET): /accounts/logout/
WARNING 2026-01-16 12:41:23,311 basehttp 28632 23224 "GET /accounts/logout/ HTTP/1.1" 405 0
WARNING 2026-01-16 12:41:28,195 log 28632 23224 Not Found: /accounts/
WARNING 2026-01-16 12:41:28,196 basehttp 28632 23224 "GET /accounts/ HTTP/1.1" 404 4620
WARNING 2026-01-16 12:42:02,598 log 28632 23224 Method Not Allowed (GET): /accounts/logout/
WARNING 2026-01-16 12:42:02,731 basehttp 28632 23224 "GET /accounts/logout/ HTTP/1.1" 405 0
ERROR 2026-01-16 12:48:58,261 log 26540 27788 Internal Server Error: /
Traceback (most recent call last):
  File "D:\Lib\site-packages\django\core\handlers\exception.py", line 55, in inner
    response = get_response(request)
               ^^^^^^^^^^^^^^^^^^^^^
  File "D:\Lib\site-packages\django\core\handlers\base.py", line 197, in _get_response
    response = wrapped_callback(request, *callback_args, **callback_kwargs)
               ^^^^^^^^^^^^^^^^^^^^^^^^^^^^^^^^^^^^^^^^^^^^^^^^^^^^^^^^^^^^
  File "D:\Lib\contextlib.py", line 81, in inner
    return func(*args, **kwds)
           ^^^^^^^^^^^^^^^^^^^
  File "D:\Lib\site-packages\django\views\decorators\http.py", line 43, in inner
    return func(request, *args, **kwargs)
           ^^^^^^^^^^^^^^^^^^^^^^^^^^^^^^
  File "E:\Resume_Projects\lifedocs\core\home_views.py", line 43, in home_view
    return render(request, 'home.html', context)
           ^^^^^^^^^^^^^^^^^^^^^^^^^^^^^^^^^^^^^
  File "D:\Lib\site-packages\django\shortcuts.py", line 24, in render
    content = loader.render_to_string(template_name, context, request, using=using)
              ^^^^^^^^^^^^^^^^^^^^^^^^^^^^^^^^^^^^^^^^^^^^^^^^^^^^^^^^^^^^^^^^^^^^^
  File "D:\Lib\site-packages\django\template\loader.py", line 62, in render_to_string
    return template.render(context, request)
           ^^^^^^^^^^^^^^^^^^^^^^^^^^^^^^^^^
  File "D:\Lib\site-packages\django\template\backends\django.py", line 61, in render
    return self.template.render(context)
           ^^^^^^^^^^^^^^^^^^^^^^^^^^^^^
  File "D:\Lib\site-packages\django\template\base.py", line 175, in render
    return self._render(context)
           ^^^^^^^^^^^^^^^^^^^^^
  File "D:\Lib\site-packages\django\template\base.py", line 167, in _render
    return self.nodelist.render(context)
           ^^^^^^^^^^^^^^^^^^^^^^^^^^^^^
  File "D:\Lib\site-packages\django\template\base.py", line 1005, in render
    return SafeString("".join([node.render_annotated(context) for node in self]))
                              ^^^^^^^^^^^^^^^^^^^^^^^^^^^^^^^^^^^^^^^^^^^^^^^^^
  File "D:\Lib\site-packages\django\template\base.py", line 1005, in <listcomp>
    return SafeString("".join([node.render_annotated(context) for node in self]))
                               ^^^^^^^^^^^^^^^^^^^^^^^^^^^^^^
  File "D:\Lib\site-packages\django\template\base.py", line 966, in render_annotated
    return self.render(context)
           ^^^^^^^^^^^^^^^^^^^^
  File "D:\Lib\site-packages\django\template\loader_tags.py", line 157, in render
    return compiled_parent._render(context)
           ^^^^^^^^^^^^^^^^^^^^^^^^^^^^^^^^
  File "D:\Lib\site-packages\django\template\base.py", line 167, in _render
    return self.nodelist.render(context)
           ^^^^^^^^^^^^^^^^^^^^^^^^^^^^^
  File "D:\Lib\site-packages\django\template\base.py", line 1005, in render
    return SafeString("".join([node.render_annotated(context) for node in self]))
                              ^^^^^^^^^^^^^^^^^^^^^^^^^^^^^^^^^^^^^^^^^^^^^^^^^
  File "D:\Lib\site-packages\django\template\base.py", line 1005, in <listcomp>
    return SafeString("".join([node.render_annotated(context) for node in self]))
                               ^^^^^^^^^^^^^^^^^^^^^^^^^^^^^^
  File "D:\Lib\site-packages\django\template\base.py", line 966, in render_annotated
    return self.render(context)
           ^^^^^^^^^^^^^^^^^^^^
  File "D:\Lib\site-packages\django\template\loader_tags.py", line 63, in render
    result = block.nodelist.render(context)
             ^^^^^^^^^^^^^^^^^^^^^^^^^^^^^^
  File "D:\Lib\site-packages\django\template\base.py", line 1005, in render
    return SafeString("".join([node.render_annotated(context) for node in self]))
                              ^^^^^^^^^^^^^^^^^^^^^^^^^^^^^^^^^^^^^^^^^^^^^^^^^
  File "D:\Lib\site-packages\django\template\base.py", line 1005, in <listcomp>
    return SafeString("".join([node.render_annotated(context) for node in self]))
                               ^^^^^^^^^^^^^^^^^^^^^^^^^^^^^^
  File "D:\Lib\site-packages\django\template\base.py", line 966, in render_annotated
    return self.render(context)
           ^^^^^^^^^^^^^^^^^^^^
  File "D:\Lib\site-packages\django\template\defaulttags.py", line 321, in render
    return nodelist.render(context)
           ^^^^^^^^^^^^^^^^^^^^^^^^
  File "D:\Lib\site-packages\django\template\base.py", line 1005, in render
    return SafeString("".join([node.render_annotated(context) for node in self]))
                              ^^^^^^^^^^^^^^^^^^^^^^^^^^^^^^^^^^^^^^^^^^^^^^^^^
  File "D:\Lib\site-packages\django\template\base.py", line 1005, in <listcomp>
    return SafeString("".join([node.render_annotated(context) for node in self]))
                               ^^^^^^^^^^^^^^^^^^^^^^^^^^^^^^
  File "D:\Lib\site-packages\django\template\base.py", line 966, in render_annotated
    return self.render(context)
           ^^^^^^^^^^^^^^^^^^^^
  File "D:\Lib\site-packages\django\template\defaulttags.py", line 471, in render
    url = reverse(view_name, args=args, kwargs=kwargs, current_app=current_app)
          ^^^^^^^^^^^^^^^^^^^^^^^^^^^^^^^^^^^^^^^^^^^^^^^^^^^^^^^^^^^^^^^^^^^^^
  File "D:\Lib\site-packages\django\urls\base.py", line 88, in reverse
    return resolver._reverse_with_prefix(view, prefix, *args, **kwargs)
           ^^^^^^^^^^^^^^^^^^^^^^^^^^^^^^^^^^^^^^^^^^^^^^^^^^^^^^^^^^^^
  File "D:\Lib\site-packages\django\urls\resolvers.py", line 828, in _reverse_with_prefix
    raise NoReverseMatch(msg)
django.urls.exceptions.NoReverseMatch: Reverse for 'vault' not found. 'vault' is not a valid view function or pattern name.
ERROR 2026-01-16 12:48:58,325 basehttp 26540 27788 "GET / HTTP/1.1" 500 221885
ERROR 2026-01-16 12:49:21,868 log 26540 11536 Internal Server Error: /
Traceback (most recent call last):
  File "D:\Lib\site-packages\django\core\handlers\exception.py", line 55, in inner
    response = get_response(request)
               ^^^^^^^^^^^^^^^^^^^^^
  File "D:\Lib\site-packages\django\core\handlers\base.py", line 197, in _get_response
    response = wrapped_callback(request, *callback_args, **callback_kwargs)
               ^^^^^^^^^^^^^^^^^^^^^^^^^^^^^^^^^^^^^^^^^^^^^^^^^^^^^^^^^^^^
  File "D:\Lib\contextlib.py", line 81, in inner
    return func(*args, **kwds)
           ^^^^^^^^^^^^^^^^^^^
  File "D:\Lib\site-packages\django\views\decorators\http.py", line 43, in inner
    return func(request, *args, **kwargs)
           ^^^^^^^^^^^^^^^^^^^^^^^^^^^^^^
  File "E:\Resume_Projects\lifedocs\core\home_views.py", line 43, in home_view
    return render(request, 'home.html', context)
           ^^^^^^^^^^^^^^^^^^^^^^^^^^^^^^^^^^^^^
  File "D:\Lib\site-packages\django\shortcuts.py", line 24, in render
    content = loader.render_to_string(template_name, context, request, using=using)
              ^^^^^^^^^^^^^^^^^^^^^^^^^^^^^^^^^^^^^^^^^^^^^^^^^^^^^^^^^^^^^^^^^^^^^
  File "D:\Lib\site-packages\django\template\loader.py", line 62, in render_to_string
    return template.render(context, request)
           ^^^^^^^^^^^^^^^^^^^^^^^^^^^^^^^^^
  File "D:\Lib\site-packages\django\template\backends\django.py", line 61, in render
    return self.template.render(context)
           ^^^^^^^^^^^^^^^^^^^^^^^^^^^^^
  File "D:\Lib\site-packages\django\template\base.py", line 175, in render
    return self._render(context)
           ^^^^^^^^^^^^^^^^^^^^^
  File "D:\Lib\site-packages\django\template\base.py", line 167, in _render
    return self.nodelist.render(context)
           ^^^^^^^^^^^^^^^^^^^^^^^^^^^^^
  File "D:\Lib\site-packages\django\template\base.py", line 1005, in render
    return SafeString("".join([node.render_annotated(context) for node in self]))
                              ^^^^^^^^^^^^^^^^^^^^^^^^^^^^^^^^^^^^^^^^^^^^^^^^^
  File "D:\Lib\site-packages\django\template\base.py", line 1005, in <listcomp>
    return SafeString("".join([node.render_annotated(context) for node in self]))
                               ^^^^^^^^^^^^^^^^^^^^^^^^^^^^^^
  File "D:\Lib\site-packages\django\template\base.py", line 966, in render_annotated
    return self.render(context)
           ^^^^^^^^^^^^^^^^^^^^
  File "D:\Lib\site-packages\django\template\loader_tags.py", line 157, in render
    return compiled_parent._render(context)
           ^^^^^^^^^^^^^^^^^^^^^^^^^^^^^^^^
  File "D:\Lib\site-packages\django\template\base.py", line 167, in _render
    return self.nodelist.render(context)
           ^^^^^^^^^^^^^^^^^^^^^^^^^^^^^
  File "D:\Lib\site-packages\django\template\base.py", line 1005, in render
    return SafeString("".join([node.render_annotated(context) for node in self]))
                              ^^^^^^^^^^^^^^^^^^^^^^^^^^^^^^^^^^^^^^^^^^^^^^^^^
  File "D:\Lib\site-packages\django\template\base.py", line 1005, in <listcomp>
    return SafeString("".join([node.render_annotated(context) for node in self]))
                               ^^^^^^^^^^^^^^^^^^^^^^^^^^^^^^
  File "D:\Lib\site-packages\django\template\base.py", line 966, in render_annotated
    return self.render(context)
           ^^^^^^^^^^^^^^^^^^^^
  File "D:\Lib\site-packages\django\template\loader_tags.py", line 63, in render
    result = block.nodelist.render(context)
             ^^^^^^^^^^^^^^^^^^^^^^^^^^^^^^
  File "D:\Lib\site-packages\django\template\base.py", line 1005, in render
    return SafeString("".join([node.render_annotated(context) for node in self]))
                              ^^^^^^^^^^^^^^^^^^^^^^^^^^^^^^^^^^^^^^^^^^^^^^^^^
  File "D:\Lib\site-packages\django\template\base.py", line 1005, in <listcomp>
    return SafeString("".join([node.render_annotated(context) for node in self]))
                               ^^^^^^^^^^^^^^^^^^^^^^^^^^^^^^
  File "D:\Lib\site-packages\django\template\base.py", line 966, in render_annotated
    return self.render(context)
           ^^^^^^^^^^^^^^^^^^^^
  File "D:\Lib\site-packages\django\template\defaulttags.py", line 321, in render
    return nodelist.render(context)
           ^^^^^^^^^^^^^^^^^^^^^^^^
  File "D:\Lib\site-packages\django\template\base.py", line 1005, in render
    return SafeString("".join([node.render_annotated(context) for node in self]))
                              ^^^^^^^^^^^^^^^^^^^^^^^^^^^^^^^^^^^^^^^^^^^^^^^^^
  File "D:\Lib\site-packages\django\template\base.py", line 1005, in <listcomp>
    return SafeString("".join([node.render_annotated(context) for node in self]))
                               ^^^^^^^^^^^^^^^^^^^^^^^^^^^^^^
  File "D:\Lib\site-packages\django\template\base.py", line 966, in render_annotated
    return self.render(context)
           ^^^^^^^^^^^^^^^^^^^^
  File "D:\Lib\site-packages\django\template\defaulttags.py", line 471, in render
    url = reverse(view_name, args=args, kwargs=kwargs, current_app=current_app)
          ^^^^^^^^^^^^^^^^^^^^^^^^^^^^^^^^^^^^^^^^^^^^^^^^^^^^^^^^^^^^^^^^^^^^^
  File "D:\Lib\site-packages\django\urls\base.py", line 88, in reverse
    return resolver._reverse_with_prefix(view, prefix, *args, **kwargs)
           ^^^^^^^^^^^^^^^^^^^^^^^^^^^^^^^^^^^^^^^^^^^^^^^^^^^^^^^^^^^^
  File "D:\Lib\site-packages\django\urls\resolvers.py", line 828, in _reverse_with_prefix
    raise NoReverseMatch(msg)
django.urls.exceptions.NoReverseMatch: Reverse for 'vault' not found. 'vault' is not a valid view function or pattern name.
ERROR 2026-01-16 12:49:21,874 basehttp 26540 11536 "GET / HTTP/1.1" 500 221885
ERROR 2026-01-16 12:50:23,733 log 26540 13076 Internal Server Error: /
Traceback (most recent call last):
  File "D:\Lib\site-packages\django\core\handlers\exception.py", line 55, in inner
    response = get_response(request)
               ^^^^^^^^^^^^^^^^^^^^^
  File "D:\Lib\site-packages\django\core\handlers\base.py", line 197, in _get_response
    response = wrapped_callback(request, *callback_args, **callback_kwargs)
               ^^^^^^^^^^^^^^^^^^^^^^^^^^^^^^^^^^^^^^^^^^^^^^^^^^^^^^^^^^^^
  File "D:\Lib\contextlib.py", line 81, in inner
    return func(*args, **kwds)
           ^^^^^^^^^^^^^^^^^^^
  File "D:\Lib\site-packages\django\views\decorators\http.py", line 43, in inner
    return func(request, *args, **kwargs)
           ^^^^^^^^^^^^^^^^^^^^^^^^^^^^^^
  File "E:\Resume_Projects\lifedocs\core\home_views.py", line 43, in home_view
    return render(request, 'home.html', context)
           ^^^^^^^^^^^^^^^^^^^^^^^^^^^^^^^^^^^^^
  File "D:\Lib\site-packages\django\shortcuts.py", line 24, in render
    content = loader.render_to_string(template_name, context, request, using=using)
              ^^^^^^^^^^^^^^^^^^^^^^^^^^^^^^^^^^^^^^^^^^^^^^^^^^^^^^^^^^^^^^^^^^^^^
  File "D:\Lib\site-packages\django\template\loader.py", line 62, in render_to_string
    return template.render(context, request)
           ^^^^^^^^^^^^^^^^^^^^^^^^^^^^^^^^^
  File "D:\Lib\site-packages\django\template\backends\django.py", line 61, in render
    return self.template.render(context)
           ^^^^^^^^^^^^^^^^^^^^^^^^^^^^^
  File "D:\Lib\site-packages\django\template\base.py", line 175, in render
    return self._render(context)
           ^^^^^^^^^^^^^^^^^^^^^
  File "D:\Lib\site-packages\django\template\base.py", line 167, in _render
    return self.nodelist.render(context)
           ^^^^^^^^^^^^^^^^^^^^^^^^^^^^^
  File "D:\Lib\site-packages\django\template\base.py", line 1005, in render
    return SafeString("".join([node.render_annotated(context) for node in self]))
                              ^^^^^^^^^^^^^^^^^^^^^^^^^^^^^^^^^^^^^^^^^^^^^^^^^
  File "D:\Lib\site-packages\django\template\base.py", line 1005, in <listcomp>
    return SafeString("".join([node.render_annotated(context) for node in self]))
                               ^^^^^^^^^^^^^^^^^^^^^^^^^^^^^^
  File "D:\Lib\site-packages\django\template\base.py", line 966, in render_annotated
    return self.render(context)
           ^^^^^^^^^^^^^^^^^^^^
  File "D:\Lib\site-packages\django\template\loader_tags.py", line 157, in render
    return compiled_parent._render(context)
           ^^^^^^^^^^^^^^^^^^^^^^^^^^^^^^^^
  File "D:\Lib\site-packages\django\template\base.py", line 167, in _render
    return self.nodelist.render(context)
           ^^^^^^^^^^^^^^^^^^^^^^^^^^^^^
  File "D:\Lib\site-packages\django\template\base.py", line 1005, in render
    return SafeString("".join([node.render_annotated(context) for node in self]))
                              ^^^^^^^^^^^^^^^^^^^^^^^^^^^^^^^^^^^^^^^^^^^^^^^^^
  File "D:\Lib\site-packages\django\template\base.py", line 1005, in <listcomp>
    return SafeString("".join([node.render_annotated(context) for node in self]))
                               ^^^^^^^^^^^^^^^^^^^^^^^^^^^^^^
  File "D:\Lib\site-packages\django\template\base.py", line 966, in render_annotated
    return self.render(context)
           ^^^^^^^^^^^^^^^^^^^^
  File "D:\Lib\site-packages\django\template\loader_tags.py", line 63, in render
    result = block.nodelist.render(context)
             ^^^^^^^^^^^^^^^^^^^^^^^^^^^^^^
  File "D:\Lib\site-packages\django\template\base.py", line 1005, in render
    return SafeString("".join([node.render_annotated(context) for node in self]))
                              ^^^^^^^^^^^^^^^^^^^^^^^^^^^^^^^^^^^^^^^^^^^^^^^^^
  File "D:\Lib\site-packages\django\template\base.py", line 1005, in <listcomp>
    return SafeString("".join([node.render_annotated(context) for node in self]))
                               ^^^^^^^^^^^^^^^^^^^^^^^^^^^^^^
  File "D:\Lib\site-packages\django\template\base.py", line 966, in render_annotated
    return self.render(context)
           ^^^^^^^^^^^^^^^^^^^^
  File "D:\Lib\site-packages\django\template\defaulttags.py", line 321, in render
    return nodelist.render(context)
           ^^^^^^^^^^^^^^^^^^^^^^^^
  File "D:\Lib\site-packages\django\template\base.py", line 1005, in render
    return SafeString("".join([node.render_annotated(context) for node in self]))
                              ^^^^^^^^^^^^^^^^^^^^^^^^^^^^^^^^^^^^^^^^^^^^^^^^^
  File "D:\Lib\site-packages\django\template\base.py", line 1005, in <listcomp>
    return SafeString("".join([node.render_annotated(context) for node in self]))
                               ^^^^^^^^^^^^^^^^^^^^^^^^^^^^^^
  File "D:\Lib\site-packages\django\template\base.py", line 966, in render_annotated
    return self.render(context)
           ^^^^^^^^^^^^^^^^^^^^
  File "D:\Lib\site-packages\django\template\defaulttags.py", line 471, in render
    url = reverse(view_name, args=args, kwargs=kwargs, current_app=current_app)
          ^^^^^^^^^^^^^^^^^^^^^^^^^^^^^^^^^^^^^^^^^^^^^^^^^^^^^^^^^^^^^^^^^^^^^
  File "D:\Lib\site-packages\django\urls\base.py", line 88, in reverse
    return resolver._reverse_with_prefix(view, prefix, *args, **kwargs)
           ^^^^^^^^^^^^^^^^^^^^^^^^^^^^^^^^^^^^^^^^^^^^^^^^^^^^^^^^^^^^
  File "D:\Lib\site-packages\django\urls\resolvers.py", line 828, in _reverse_with_prefix
    raise NoReverseMatch(msg)
django.urls.exceptions.NoReverseMatch: Reverse for 'vault' not found. 'vault' is not a valid view function or pattern name.
ERROR 2026-01-16 12:50:23,763 basehttp 26540 13076 "GET / HTTP/1.1" 500 221885
WARNING 2026-01-16 12:51:46,825 log 26540 13076 Method Not Allowed (GET): /accounts/logout/
WARNING 2026-01-16 12:51:46,878 basehttp 26540 13076 "GET /accounts/logout/ HTTP/1.1" 405 0
WARNING 2026-01-16 12:54:46,531 log 26540 31404 Method Not Allowed (GET): /accounts/logout/
WARNING 2026-01-16 12:54:46,663 basehttp 26540 31404 "GET /accounts/logout/ HTTP/1.1" 405 0
WARNING 2026-01-16 12:55:04,321 log 26540 23280 Method Not Allowed (GET): /accounts/logout/
WARNING 2026-01-16 12:55:04,451 basehttp 26540 23280 "GET /accounts/logout/ HTTP/1.1" 405 0
WARNING 2026-01-16 12:59:54,928 log 26540 1848 Not Found: /favicon.ico
WARNING 2026-01-16 12:59:54,992 basehttp 26540 1848 "GET /favicon.ico HTTP/1.1" 404 3019
WARNING 2026-01-16 13:00:11,113 log 26540 13728 Method Not Allowed (GET): /accounts/logout/
WARNING 2026-01-16 13:00:11,253 basehttp 26540 13728 "GET /accounts/logout/ HTTP/1.1" 405 0
WARNING 2026-01-16 13:15:29,761 log 26540 30564 Method Not Allowed (GET): /accounts/logout/
WARNING 2026-01-16 13:15:30,456 basehttp 26540 30564 "GET /accounts/logout/ HTTP/1.1" 405 0
WARNING 2026-01-16 13:15:36,253 log 26540 30564 Method Not Allowed (GET): /accounts/logout/
WARNING 2026-01-16 13:15:36,372 basehttp 26540 30564 "GET /accounts/logout/ HTTP/1.1" 405 0
WARNING 2026-01-16 13:21:52,594 log 26540 29088 Not Found: /accounts/
WARNING 2026-01-16 13:21:52,603 basehttp 26540 29088 "GET /accounts/ HTTP/1.1" 404 4620
ERROR 2026-01-16 13:28:12,930 log 26540 31432 Internal Server Error: /vault/verify-nominee-email-otp/
Traceback (most recent call last):
  File "D:\Lib\site-packages\django\core\handlers\exception.py", line 55, in inner
    response = get_response(request)
               ^^^^^^^^^^^^^^^^^^^^^
  File "D:\Lib\site-packages\django\core\handlers\base.py", line 197, in _get_response
    response = wrapped_callback(request, *callback_args, **callback_kwargs)
               ^^^^^^^^^^^^^^^^^^^^^^^^^^^^^^^^^^^^^^^^^^^^^^^^^^^^^^^^^^^^
  File "D:\Lib\contextlib.py", line 81, in inner
    return func(*args, **kwds)
           ^^^^^^^^^^^^^^^^^^^
  File "D:\Lib\site-packages\django\contrib\auth\decorators.py", line 23, in _wrapper_view
    return view_func(request, *args, **kwargs)
           ^^^^^^^^^^^^^^^^^^^^^^^^^^^^^^^^^^^
  File "D:\Lib\site-packages\django\views\decorators\http.py", line 43, in inner
    return func(request, *args, **kwargs)
           ^^^^^^^^^^^^^^^^^^^^^^^^^^^^^^
  File "E:\Resume_Projects\lifedocs\vault\views.py", line 446, in verify_nominee_email_otp
    return render(request, 'vault/verify_nominee_email_otp.html', {'email': email})
           ^^^^^^^^^^^^^^^^^^^^^^^^^^^^^^^^^^^^^^^^^^^^^^^^^^^^^^^^^^^^^^^^^^^^^^^^
  File "D:\Lib\site-packages\django\shortcuts.py", line 24, in render
    content = loader.render_to_string(template_name, context, request, using=using)
              ^^^^^^^^^^^^^^^^^^^^^^^^^^^^^^^^^^^^^^^^^^^^^^^^^^^^^^^^^^^^^^^^^^^^^
  File "D:\Lib\site-packages\django\template\loader.py", line 61, in render_to_string
    template = get_template(template_name, using=using)
               ^^^^^^^^^^^^^^^^^^^^^^^^^^^^^^^^^^^^^^^^
  File "D:\Lib\site-packages\django\template\loader.py", line 15, in get_template
    return engine.get_template(template_name)
           ^^^^^^^^^^^^^^^^^^^^^^^^^^^^^^^^^^
  File "D:\Lib\site-packages\django\template\backends\django.py", line 33, in get_template
    return Template(self.engine.get_template(template_name), self)
                    ^^^^^^^^^^^^^^^^^^^^^^^^^^^^^^^^^^^^^^^
  File "D:\Lib\site-packages\django\template\engine.py", line 175, in get_template
    template, origin = self.find_template(template_name)
                       ^^^^^^^^^^^^^^^^^^^^^^^^^^^^^^^^^
  File "D:\Lib\site-packages\django\template\engine.py", line 157, in find_template
    template = loader.get_template(name, skip=skip)
               ^^^^^^^^^^^^^^^^^^^^^^^^^^^^^^^^^^^^
  File "D:\Lib\site-packages\django\template\loaders\cached.py", line 57, in get_template
    template = super().get_template(template_name, skip)
               ^^^^^^^^^^^^^^^^^^^^^^^^^^^^^^^^^^^^^^^^^
  File "D:\Lib\site-packages\django\template\loaders\base.py", line 28, in get_template
    return Template(
           ^^^^^^^^^
  File "D:\Lib\site-packages\django\template\base.py", line 154, in __init__
    self.nodelist = self.compile_nodelist()
                    ^^^^^^^^^^^^^^^^^^^^^^^
  File "D:\Lib\site-packages\django\template\base.py", line 200, in compile_nodelist
    return parser.parse()
           ^^^^^^^^^^^^^^
  File "D:\Lib\site-packages\django\template\base.py", line 513, in parse
    raise self.error(token, e)
  File "D:\Lib\site-packages\django\template\base.py", line 511, in parse
    compiled_result = compile_func(self, token)
                      ^^^^^^^^^^^^^^^^^^^^^^^^^
  File "D:\Lib\site-packages\django\template\loader_tags.py", line 293, in do_extends
    nodelist = parser.parse()
               ^^^^^^^^^^^^^^
  File "D:\Lib\site-packages\django\template\base.py", line 513, in parse
    raise self.error(token, e)
  File "D:\Lib\site-packages\django\template\base.py", line 511, in parse
    compiled_result = compile_func(self, token)
                      ^^^^^^^^^^^^^^^^^^^^^^^^^
  File "D:\Lib\site-packages\django\template\loader_tags.py", line 232, in do_block
    nodelist = parser.parse(("endblock",))
               ^^^^^^^^^^^^^^^^^^^^^^^^^^^
  File "D:\Lib\site-packages\django\template\base.py", line 518, in parse
    self.unclosed_block_tag(parse_until)
  File "D:\Lib\site-packages\django\template\base.py", line 581, in unclosed_block_tag
    raise self.error(token, msg)
django.template.exceptions.TemplateSyntaxError: Unclosed tag on line 1: 'block'. Looking for one of: endblock.
ERROR 2026-01-16 13:28:13,053 basehttp 26540 31432 "GET /vault/verify-nominee-email-otp/ HTTP/1.1" 500 193325
WARNING 2026-01-16 13:28:34,686 log 26540 31432 Method Not Allowed (GET): /accounts/logout/
WARNING 2026-01-16 13:28:34,831 basehttp 26540 31432 "GET /accounts/logout/ HTTP/1.1" 405 0
ERROR 2026-01-16 13:29:45,976 log 26540 33852 Internal Server Error: /vault/verify-nominee-email-otp/
Traceback (most recent call last):
  File "D:\Lib\site-packages\django\core\handlers\exception.py", line 55, in inner
    response = get_response(request)
               ^^^^^^^^^^^^^^^^^^^^^
  File "D:\Lib\site-packages\django\core\handlers\base.py", line 197, in _get_response
    response = wrapped_callback(request, *callback_args, **callback_kwargs)
               ^^^^^^^^^^^^^^^^^^^^^^^^^^^^^^^^^^^^^^^^^^^^^^^^^^^^^^^^^^^^
  File "D:\Lib\contextlib.py", line 81, in inner
    return func(*args, **kwds)
           ^^^^^^^^^^^^^^^^^^^
  File "D:\Lib\site-packages\django\contrib\auth\decorators.py", line 23, in _wrapper_view
    return view_func(request, *args, **kwargs)
           ^^^^^^^^^^^^^^^^^^^^^^^^^^^^^^^^^^^
  File "D:\Lib\site-packages\django\views\decorators\http.py", line 43, in inner
    return func(request, *args, **kwargs)
           ^^^^^^^^^^^^^^^^^^^^^^^^^^^^^^
  File "E:\Resume_Projects\lifedocs\vault\views.py", line 446, in verify_nominee_email_otp
    return render(request, 'vault/verify_nominee_email_otp.html', {'email': email})
           ^^^^^^^^^^^^^^^^^^^^^^^^^^^^^^^^^^^^^^^^^^^^^^^^^^^^^^^^^^^^^^^^^^^^^^^^
  File "D:\Lib\site-packages\django\shortcuts.py", line 24, in render
    content = loader.render_to_string(template_name, context, request, using=using)
              ^^^^^^^^^^^^^^^^^^^^^^^^^^^^^^^^^^^^^^^^^^^^^^^^^^^^^^^^^^^^^^^^^^^^^
  File "D:\Lib\site-packages\django\template\loader.py", line 61, in render_to_string
    template = get_template(template_name, using=using)
               ^^^^^^^^^^^^^^^^^^^^^^^^^^^^^^^^^^^^^^^^
  File "D:\Lib\site-packages\django\template\loader.py", line 15, in get_template
    return engine.get_template(template_name)
           ^^^^^^^^^^^^^^^^^^^^^^^^^^^^^^^^^^
  File "D:\Lib\site-packages\django\template\backends\django.py", line 33, in get_template
    return Template(self.engine.get_template(template_name), self)
                    ^^^^^^^^^^^^^^^^^^^^^^^^^^^^^^^^^^^^^^^
  File "D:\Lib\site-packages\django\template\engine.py", line 175, in get_template
    template, origin = self.find_template(template_name)
                       ^^^^^^^^^^^^^^^^^^^^^^^^^^^^^^^^^
  File "D:\Lib\site-packages\django\template\engine.py", line 157, in find_template
    template = loader.get_template(name, skip=skip)
               ^^^^^^^^^^^^^^^^^^^^^^^^^^^^^^^^^^^^
  File "D:\Lib\site-packages\django\template\loaders\cached.py", line 57, in get_template
    template = super().get_template(template_name, skip)
               ^^^^^^^^^^^^^^^^^^^^^^^^^^^^^^^^^^^^^^^^^
  File "D:\Lib\site-packages\django\template\loaders\base.py", line 28, in get_template
    return Template(
           ^^^^^^^^^
  File "D:\Lib\site-packages\django\template\base.py", line 154, in __init__
    self.nodelist = self.compile_nodelist()
                    ^^^^^^^^^^^^^^^^^^^^^^^
  File "D:\Lib\site-packages\django\template\base.py", line 200, in compile_nodelist
    return parser.parse()
           ^^^^^^^^^^^^^^
  File "D:\Lib\site-packages\django\template\base.py", line 513, in parse
    raise self.error(token, e)
  File "D:\Lib\site-packages\django\template\base.py", line 511, in parse
    compiled_result = compile_func(self, token)
                      ^^^^^^^^^^^^^^^^^^^^^^^^^
  File "D:\Lib\site-packages\django\template\loader_tags.py", line 293, in do_extends
    nodelist = parser.parse()
               ^^^^^^^^^^^^^^
  File "D:\Lib\site-packages\django\template\base.py", line 513, in parse
    raise self.error(token, e)
  File "D:\Lib\site-packages\django\template\base.py", line 511, in parse
    compiled_result = compile_func(self, token)
                      ^^^^^^^^^^^^^^^^^^^^^^^^^
  File "D:\Lib\site-packages\django\template\loader_tags.py", line 232, in do_block
    nodelist = parser.parse(("endblock",))
               ^^^^^^^^^^^^^^^^^^^^^^^^^^^
  File "D:\Lib\site-packages\django\template\base.py", line 518, in parse
    self.unclosed_block_tag(parse_until)
  File "D:\Lib\site-packages\django\template\base.py", line 581, in unclosed_block_tag
    raise self.error(token, msg)
django.template.exceptions.TemplateSyntaxError: Unclosed tag on line 1: 'block'. Looking for one of: endblock.
ERROR 2026-01-16 13:29:46,085 basehttp 26540 33852 "GET /vault/verify-nominee-email-otp/ HTTP/1.1" 500 193321
ERROR 2026-01-16 14:40:58,616 log 35940 21096 Internal Server Error: /accounts/register/
Traceback (most recent call last):
  File "D:\Lib\site-packages\django\template\base.py", line 505, in parse
    compile_func = self.tags[command]
                   ~~~~~~~~~^^^^^^^^^
KeyError: 'endblock'

During handling of the above exception, another exception occurred:

Traceback (most recent call last):
  File "D:\Lib\site-packages\django\core\handlers\exception.py", line 55, in inner
    response = get_response(request)
               ^^^^^^^^^^^^^^^^^^^^^
  File "D:\Lib\site-packages\django\core\handlers\base.py", line 197, in _get_response
    response = wrapped_callback(request, *callback_args, **callback_kwargs)
               ^^^^^^^^^^^^^^^^^^^^^^^^^^^^^^^^^^^^^^^^^^^^^^^^^^^^^^^^^^^^
  File "D:\Lib\contextlib.py", line 81, in inner
    return func(*args, **kwds)
           ^^^^^^^^^^^^^^^^^^^
  File "D:\Lib\site-packages\django\utils\decorators.py", line 134, in _wrapper_view
    response = view_func(request, *args, **kwargs)
               ^^^^^^^^^^^^^^^^^^^^^^^^^^^^^^^^^^^
  File "D:\Lib\site-packages\django\views\decorators\http.py", line 43, in inner
    return func(request, *args, **kwargs)
           ^^^^^^^^^^^^^^^^^^^^^^^^^^^^^^
  File "E:\Resume_Projects\lifedocs\accounts\views.py", line 100, in register_view
    return render(request, 'accounts/register.html')
           ^^^^^^^^^^^^^^^^^^^^^^^^^^^^^^^^^^^^^^^^^
  File "D:\Lib\site-packages\django\shortcuts.py", line 24, in render
    content = loader.render_to_string(template_name, context, request, using=using)
              ^^^^^^^^^^^^^^^^^^^^^^^^^^^^^^^^^^^^^^^^^^^^^^^^^^^^^^^^^^^^^^^^^^^^^
  File "D:\Lib\site-packages\django\template\loader.py", line 61, in render_to_string
    template = get_template(template_name, using=using)
               ^^^^^^^^^^^^^^^^^^^^^^^^^^^^^^^^^^^^^^^^
  File "D:\Lib\site-packages\django\template\loader.py", line 15, in get_template
    return engine.get_template(template_name)
           ^^^^^^^^^^^^^^^^^^^^^^^^^^^^^^^^^^
  File "D:\Lib\site-packages\django\template\backends\django.py", line 33, in get_template
    return Template(self.engine.get_template(template_name), self)
                    ^^^^^^^^^^^^^^^^^^^^^^^^^^^^^^^^^^^^^^^
  File "D:\Lib\site-packages\django\template\engine.py", line 175, in get_template
    template, origin = self.find_template(template_name)
                       ^^^^^^^^^^^^^^^^^^^^^^^^^^^^^^^^^
  File "D:\Lib\site-packages\django\template\engine.py", line 157, in find_template
    template = loader.get_template(name, skip=skip)
               ^^^^^^^^^^^^^^^^^^^^^^^^^^^^^^^^^^^^
  File "D:\Lib\site-packages\django\template\loaders\cached.py", line 57, in get_template
    template = super().get_template(template_name, skip)
               ^^^^^^^^^^^^^^^^^^^^^^^^^^^^^^^^^^^^^^^^^
  File "D:\Lib\site-packages\django\template\loaders\base.py", line 28, in get_template
    return Template(
           ^^^^^^^^^
  File "D:\Lib\site-packages\django\template\base.py", line 154, in __init__
    self.nodelist = self.compile_nodelist()
                    ^^^^^^^^^^^^^^^^^^^^^^^
  File "D:\Lib\site-packages\django\template\base.py", line 200, in compile_nodelist
    return parser.parse()
           ^^^^^^^^^^^^^^
  File "D:\Lib\site-packages\django\template\base.py", line 513, in parse
    raise self.error(token, e)
  File "D:\Lib\site-packages\django\template\base.py", line 511, in parse
    compiled_result = compile_func(self, token)
                      ^^^^^^^^^^^^^^^^^^^^^^^^^
  File "D:\Lib\site-packages\django\template\loader_tags.py", line 293, in do_extends
    nodelist = parser.parse()
               ^^^^^^^^^^^^^^
  File "D:\Lib\site-packages\django\template\base.py", line 507, in parse
    self.invalid_block_tag(token, command, parse_until)
  File "D:\Lib\site-packages\django\template\base.py", line 568, in invalid_block_tag
    raise self.error(
django.template.exceptions.TemplateSyntaxError: Invalid block tag on line 186: 'endblock'. Did you forget to register or load this tag?
ERROR 2026-01-16 14:40:58,805 basehttp 35940 21096 "GET /accounts/register/ HTTP/1.1" 500 183373
ERROR 2026-01-16 14:43:58,881 log 35940 25400 Internal Server Error: /vault/verify-nominee-email-otp/
Traceback (most recent call last):
  File "D:\Lib\site-packages\django\core\handlers\exception.py", line 55, in inner
    response = get_response(request)
               ^^^^^^^^^^^^^^^^^^^^^
  File "D:\Lib\site-packages\django\core\handlers\base.py", line 197, in _get_response
    response = wrapped_callback(request, *callback_args, **callback_kwargs)
               ^^^^^^^^^^^^^^^^^^^^^^^^^^^^^^^^^^^^^^^^^^^^^^^^^^^^^^^^^^^^
  File "D:\Lib\contextlib.py", line 81, in inner
    return func(*args, **kwds)
           ^^^^^^^^^^^^^^^^^^^
  File "D:\Lib\site-packages\django\contrib\auth\decorators.py", line 23, in _wrapper_view
    return view_func(request, *args, **kwargs)
           ^^^^^^^^^^^^^^^^^^^^^^^^^^^^^^^^^^^
  File "D:\Lib\site-packages\django\views\decorators\http.py", line 43, in inner
    return func(request, *args, **kwargs)
           ^^^^^^^^^^^^^^^^^^^^^^^^^^^^^^
  File "E:\Resume_Projects\lifedocs\vault\views.py", line 446, in verify_nominee_email_otp
    return render(request, 'vault/verify_nominee_email_otp.html', {'email': email})
           ^^^^^^^^^^^^^^^^^^^^^^^^^^^^^^^^^^^^^^^^^^^^^^^^^^^^^^^^^^^^^^^^^^^^^^^^
  File "D:\Lib\site-packages\django\shortcuts.py", line 24, in render
    content = loader.render_to_string(template_name, context, request, using=using)
              ^^^^^^^^^^^^^^^^^^^^^^^^^^^^^^^^^^^^^^^^^^^^^^^^^^^^^^^^^^^^^^^^^^^^^
  File "D:\Lib\site-packages\django\template\loader.py", line 61, in render_to_string
    template = get_template(template_name, using=using)
               ^^^^^^^^^^^^^^^^^^^^^^^^^^^^^^^^^^^^^^^^
  File "D:\Lib\site-packages\django\template\loader.py", line 15, in get_template
    return engine.get_template(template_name)
           ^^^^^^^^^^^^^^^^^^^^^^^^^^^^^^^^^^
  File "D:\Lib\site-packages\django\template\backends\django.py", line 33, in get_template
    return Template(self.engine.get_template(template_name), self)
                    ^^^^^^^^^^^^^^^^^^^^^^^^^^^^^^^^^^^^^^^
  File "D:\Lib\site-packages\django\template\engine.py", line 175, in get_template
    template, origin = self.find_template(template_name)
                       ^^^^^^^^^^^^^^^^^^^^^^^^^^^^^^^^^
  File "D:\Lib\site-packages\django\template\engine.py", line 157, in find_template
    template = loader.get_template(name, skip=skip)
               ^^^^^^^^^^^^^^^^^^^^^^^^^^^^^^^^^^^^
  File "D:\Lib\site-packages\django\template\loaders\cached.py", line 57, in get_template
    template = super().get_template(template_name, skip)
               ^^^^^^^^^^^^^^^^^^^^^^^^^^^^^^^^^^^^^^^^^
  File "D:\Lib\site-packages\django\template\loaders\base.py", line 28, in get_template
    return Template(
           ^^^^^^^^^
  File "D:\Lib\site-packages\django\template\base.py", line 154, in __init__
    self.nodelist = self.compile_nodelist()
                    ^^^^^^^^^^^^^^^^^^^^^^^
  File "D:\Lib\site-packages\django\template\base.py", line 200, in compile_nodelist
    return parser.parse()
           ^^^^^^^^^^^^^^
  File "D:\Lib\site-packages\django\template\base.py", line 513, in parse
    raise self.error(token, e)
  File "D:\Lib\site-packages\django\template\base.py", line 511, in parse
    compiled_result = compile_func(self, token)
                      ^^^^^^^^^^^^^^^^^^^^^^^^^
  File "D:\Lib\site-packages\django\template\loader_tags.py", line 293, in do_extends
    nodelist = parser.parse()
               ^^^^^^^^^^^^^^
  File "D:\Lib\site-packages\django\template\base.py", line 513, in parse
    raise self.error(token, e)
  File "D:\Lib\site-packages\django\template\base.py", line 511, in parse
    compiled_result = compile_func(self, token)
                      ^^^^^^^^^^^^^^^^^^^^^^^^^
  File "D:\Lib\site-packages\django\template\loader_tags.py", line 232, in do_block
    nodelist = parser.parse(("endblock",))
               ^^^^^^^^^^^^^^^^^^^^^^^^^^^
  File "D:\Lib\site-packages\django\template\base.py", line 518, in parse
    self.unclosed_block_tag(parse_until)
  File "D:\Lib\site-packages\django\template\base.py", line 581, in unclosed_block_tag
    raise self.error(token, msg)
django.template.exceptions.TemplateSyntaxError: Unclosed tag on line 1: 'block'. Looking for one of: endblock.
ERROR 2026-01-16 14:43:58,906 basehttp 35940 25400 "GET /vault/verify-nominee-email-otp/ HTTP/1.1" 500 193328
WARNING 2026-01-16 14:55:46,535 log 35940 4808 Method Not Allowed (GET): /accounts/logout/
WARNING 2026-01-16 14:55:46,848 basehttp 35940 4808 "GET /accounts/logout/ HTTP/1.1" 405 0
WARNING 2026-01-16 16:05:29,402 log 31280 23872 Not Found: /favicon.ico
WARNING 2026-01-16 16:05:29,435 basehttp 31280 23872 "GET /favicon.ico HTTP/1.1" 404 3019
ERROR 2026-01-16 16:06:00,920 log 31280 33424 Internal Server Error: /accounts/register/
Traceback (most recent call last):
  File "D:\Lib\site-packages\django\template\base.py", line 505, in parse
    compile_func = self.tags[command]
                   ~~~~~~~~~^^^^^^^^^
KeyError: 'endblock'

During handling of the above exception, another exception occurred:

Traceback (most recent call last):
  File "D:\Lib\site-packages\django\core\handlers\exception.py", line 55, in inner
    response = get_response(request)
               ^^^^^^^^^^^^^^^^^^^^^
  File "D:\Lib\site-packages\django\core\handlers\base.py", line 197, in _get_response
    response = wrapped_callback(request, *callback_args, **callback_kwargs)
               ^^^^^^^^^^^^^^^^^^^^^^^^^^^^^^^^^^^^^^^^^^^^^^^^^^^^^^^^^^^^
  File "D:\Lib\contextlib.py", line 81, in inner
    return func(*args, **kwds)
           ^^^^^^^^^^^^^^^^^^^
  File "D:\Lib\site-packages\django\utils\decorators.py", line 134, in _wrapper_view
    response = view_func(request, *args, **kwargs)
               ^^^^^^^^^^^^^^^^^^^^^^^^^^^^^^^^^^^
  File "D:\Lib\site-packages\django\views\decorators\http.py", line 43, in inner
    return func(request, *args, **kwargs)
           ^^^^^^^^^^^^^^^^^^^^^^^^^^^^^^
  File "E:\Resume_Projects\lifedocs\accounts\views.py", line 100, in register_view
    return render(request, 'accounts/register.html')
           ^^^^^^^^^^^^^^^^^^^^^^^^^^^^^^^^^^^^^^^^^
  File "D:\Lib\site-packages\django\shortcuts.py", line 24, in render
    content = loader.render_to_string(template_name, context, request, using=using)
              ^^^^^^^^^^^^^^^^^^^^^^^^^^^^^^^^^^^^^^^^^^^^^^^^^^^^^^^^^^^^^^^^^^^^^
  File "D:\Lib\site-packages\django\template\loader.py", line 61, in render_to_string
    template = get_template(template_name, using=using)
               ^^^^^^^^^^^^^^^^^^^^^^^^^^^^^^^^^^^^^^^^
  File "D:\Lib\site-packages\django\template\loader.py", line 15, in get_template
    return engine.get_template(template_name)
           ^^^^^^^^^^^^^^^^^^^^^^^^^^^^^^^^^^
  File "D:\Lib\site-packages\django\template\backends\django.py", line 33, in get_template
    return Template(self.engine.get_template(template_name), self)
                    ^^^^^^^^^^^^^^^^^^^^^^^^^^^^^^^^^^^^^^^
  File "D:\Lib\site-packages\django\template\engine.py", line 175, in get_template
    template, origin = self.find_template(template_name)
                       ^^^^^^^^^^^^^^^^^^^^^^^^^^^^^^^^^
  File "D:\Lib\site-packages\django\template\engine.py", line 157, in find_template
    template = loader.get_template(name, skip=skip)
               ^^^^^^^^^^^^^^^^^^^^^^^^^^^^^^^^^^^^
  File "D:\Lib\site-packages\django\template\loaders\cached.py", line 57, in get_template
    template = super().get_template(template_name, skip)
               ^^^^^^^^^^^^^^^^^^^^^^^^^^^^^^^^^^^^^^^^^
  File "D:\Lib\site-packages\django\template\loaders\base.py", line 28, in get_template
    return Template(
           ^^^^^^^^^
  File "D:\Lib\site-packages\django\template\base.py", line 154, in __init__
    self.nodelist = self.compile_nodelist()
                    ^^^^^^^^^^^^^^^^^^^^^^^
  File "D:\Lib\site-packages\django\template\base.py", line 200, in compile_nodelist
    return parser.parse()
           ^^^^^^^^^^^^^^
  File "D:\Lib\site-packages\django\template\base.py", line 513, in parse
    raise self.error(token, e)
  File "D:\Lib\site-packages\django\template\base.py", line 511, in parse
    compiled_result = compile_func(self, token)
                      ^^^^^^^^^^^^^^^^^^^^^^^^^
  File "D:\Lib\site-packages\django\template\loader_tags.py", line 293, in do_extends
    nodelist = parser.parse()
               ^^^^^^^^^^^^^^
  File "D:\Lib\site-packages\django\template\base.py", line 507, in parse
    self.invalid_block_tag(token, command, parse_until)
  File "D:\Lib\site-packages\django\template\base.py", line 568, in invalid_block_tag
    raise self.error(
django.template.exceptions.TemplateSyntaxError: Invalid block tag on line 186: 'endblock'. Did you forget to register or load this tag?
ERROR 2026-01-16 16:06:00,979 basehttp 31280 33424 "GET /accounts/register/ HTTP/1.1" 500 183373
ERROR 2026-01-16 16:07:56,042 log 31280 31848 Internal Server Error: /accounts/register/
Traceback (most recent call last):
  File "D:\Lib\site-packages\django\template\base.py", line 505, in parse
    compile_func = self.tags[command]
                   ~~~~~~~~~^^^^^^^^^
KeyError: 'endblock'

During handling of the above exception, another exception occurred:

Traceback (most recent call last):
  File "D:\Lib\site-packages\django\core\handlers\exception.py", line 55, in inner
    response = get_response(request)
               ^^^^^^^^^^^^^^^^^^^^^
  File "D:\Lib\site-packages\django\core\handlers\base.py", line 197, in _get_response
    response = wrapped_callback(request, *callback_args, **callback_kwargs)
               ^^^^^^^^^^^^^^^^^^^^^^^^^^^^^^^^^^^^^^^^^^^^^^^^^^^^^^^^^^^^
  File "D:\Lib\contextlib.py", line 81, in inner
    return func(*args, **kwds)
           ^^^^^^^^^^^^^^^^^^^
  File "D:\Lib\site-packages\django\utils\decorators.py", line 134, in _wrapper_view
    response = view_func(request, *args, **kwargs)
               ^^^^^^^^^^^^^^^^^^^^^^^^^^^^^^^^^^^
  File "D:\Lib\site-packages\django\views\decorators\http.py", line 43, in inner
    return func(request, *args, **kwargs)
           ^^^^^^^^^^^^^^^^^^^^^^^^^^^^^^
  File "E:\Resume_Projects\lifedocs\accounts\views.py", line 100, in register_view
    return render(request, 'accounts/register.html')
           ^^^^^^^^^^^^^^^^^^^^^^^^^^^^^^^^^^^^^^^^^
  File "D:\Lib\site-packages\django\shortcuts.py", line 24, in render
    content = loader.render_to_string(template_name, context, request, using=using)
              ^^^^^^^^^^^^^^^^^^^^^^^^^^^^^^^^^^^^^^^^^^^^^^^^^^^^^^^^^^^^^^^^^^^^^
  File "D:\Lib\site-packages\django\template\loader.py", line 61, in render_to_string
    template = get_template(template_name, using=using)
               ^^^^^^^^^^^^^^^^^^^^^^^^^^^^^^^^^^^^^^^^
  File "D:\Lib\site-packages\django\template\loader.py", line 15, in get_template
    return engine.get_template(template_name)
           ^^^^^^^^^^^^^^^^^^^^^^^^^^^^^^^^^^
  File "D:\Lib\site-packages\django\template\backends\django.py", line 33, in get_template
    return Template(self.engine.get_template(template_name), self)
                    ^^^^^^^^^^^^^^^^^^^^^^^^^^^^^^^^^^^^^^^
  File "D:\Lib\site-packages\django\template\engine.py", line 175, in get_template
    template, origin = self.find_template(template_name)
                       ^^^^^^^^^^^^^^^^^^^^^^^^^^^^^^^^^
  File "D:\Lib\site-packages\django\template\engine.py", line 157, in find_template
    template = loader.get_template(name, skip=skip)
               ^^^^^^^^^^^^^^^^^^^^^^^^^^^^^^^^^^^^
  File "D:\Lib\site-packages\django\template\loaders\cached.py", line 57, in get_template
    template = super().get_template(template_name, skip)
               ^^^^^^^^^^^^^^^^^^^^^^^^^^^^^^^^^^^^^^^^^
  File "D:\Lib\site-packages\django\template\loaders\base.py", line 28, in get_template
    return Template(
           ^^^^^^^^^
  File "D:\Lib\site-packages\django\template\base.py", line 154, in __init__
    self.nodelist = self.compile_nodelist()
                    ^^^^^^^^^^^^^^^^^^^^^^^
  File "D:\Lib\site-packages\django\template\base.py", line 200, in compile_nodelist
    return parser.parse()
           ^^^^^^^^^^^^^^
  File "D:\Lib\site-packages\django\template\base.py", line 513, in parse
    raise self.error(token, e)
  File "D:\Lib\site-packages\django\template\base.py", line 511, in parse
    compiled_result = compile_func(self, token)
                      ^^^^^^^^^^^^^^^^^^^^^^^^^
  File "D:\Lib\site-packages\django\template\loader_tags.py", line 293, in do_extends
    nodelist = parser.parse()
               ^^^^^^^^^^^^^^
  File "D:\Lib\site-packages\django\template\base.py", line 507, in parse
    self.invalid_block_tag(token, command, parse_until)
  File "D:\Lib\site-packages\django\template\base.py", line 568, in invalid_block_tag
    raise self.error(
django.template.exceptions.TemplateSyntaxError: Invalid block tag on line 186: 'endblock'. Did you forget to register or load this tag?
ERROR 2026-01-16 16:07:56,168 basehttp 31280 31848 "GET /accounts/register/ HTTP/1.1" 500 183510
ERROR 2026-01-16 16:07:59,092 log 31280 31848 Internal Server Error: /accounts/register/
Traceback (most recent call last):
  File "D:\Lib\site-packages\django\template\base.py", line 505, in parse
    compile_func = self.tags[command]
                   ~~~~~~~~~^^^^^^^^^
KeyError: 'endblock'

During handling of the above exception, another exception occurred:

Traceback (most recent call last):
  File "D:\Lib\site-packages\django\core\handlers\exception.py", line 55, in inner
    response = get_response(request)
               ^^^^^^^^^^^^^^^^^^^^^
  File "D:\Lib\site-packages\django\core\handlers\base.py", line 197, in _get_response
    response = wrapped_callback(request, *callback_args, **callback_kwargs)
               ^^^^^^^^^^^^^^^^^^^^^^^^^^^^^^^^^^^^^^^^^^^^^^^^^^^^^^^^^^^^
  File "D:\Lib\contextlib.py", line 81, in inner
    return func(*args, **kwds)
           ^^^^^^^^^^^^^^^^^^^
  File "D:\Lib\site-packages\django\utils\decorators.py", line 134, in _wrapper_view
    response = view_func(request, *args, **kwargs)
               ^^^^^^^^^^^^^^^^^^^^^^^^^^^^^^^^^^^
  File "D:\Lib\site-packages\django\views\decorators\http.py", line 43, in inner
    return func(request, *args, **kwargs)
           ^^^^^^^^^^^^^^^^^^^^^^^^^^^^^^
  File "E:\Resume_Projects\lifedocs\accounts\views.py", line 100, in register_view
    return render(request, 'accounts/register.html')
           ^^^^^^^^^^^^^^^^^^^^^^^^^^^^^^^^^^^^^^^^^
  File "D:\Lib\site-packages\django\shortcuts.py", line 24, in render
    content = loader.render_to_string(template_name, context, request, using=using)
              ^^^^^^^^^^^^^^^^^^^^^^^^^^^^^^^^^^^^^^^^^^^^^^^^^^^^^^^^^^^^^^^^^^^^^
  File "D:\Lib\site-packages\django\template\loader.py", line 61, in render_to_string
    template = get_template(template_name, using=using)
               ^^^^^^^^^^^^^^^^^^^^^^^^^^^^^^^^^^^^^^^^
  File "D:\Lib\site-packages\django\template\loader.py", line 15, in get_template
    return engine.get_template(template_name)
           ^^^^^^^^^^^^^^^^^^^^^^^^^^^^^^^^^^
  File "D:\Lib\site-packages\django\template\backends\django.py", line 33, in get_template
    return Template(self.engine.get_template(template_name), self)
                    ^^^^^^^^^^^^^^^^^^^^^^^^^^^^^^^^^^^^^^^
  File "D:\Lib\site-packages\django\template\engine.py", line 175, in get_template
    template, origin = self.find_template(template_name)
                       ^^^^^^^^^^^^^^^^^^^^^^^^^^^^^^^^^
  File "D:\Lib\site-packages\django\template\engine.py", line 157, in find_template
    template = loader.get_template(name, skip=skip)
               ^^^^^^^^^^^^^^^^^^^^^^^^^^^^^^^^^^^^
  File "D:\Lib\site-packages\django\template\loaders\cached.py", line 57, in get_template
    template = super().get_template(template_name, skip)
               ^^^^^^^^^^^^^^^^^^^^^^^^^^^^^^^^^^^^^^^^^
  File "D:\Lib\site-packages\django\template\loaders\base.py", line 28, in get_template
    return Template(
           ^^^^^^^^^
  File "D:\Lib\site-packages\django\template\base.py", line 154, in __init__
    self.nodelist = self.compile_nodelist()
                    ^^^^^^^^^^^^^^^^^^^^^^^
  File "D:\Lib\site-packages\django\template\base.py", line 200, in compile_nodelist
    return parser.parse()
           ^^^^^^^^^^^^^^
  File "D:\Lib\site-packages\django\template\base.py", line 513, in parse
    raise self.error(token, e)
  File "D:\Lib\site-packages\django\template\base.py", line 511, in parse
    compiled_result = compile_func(self, token)
                      ^^^^^^^^^^^^^^^^^^^^^^^^^
  File "D:\Lib\site-packages\django\template\loader_tags.py", line 293, in do_extends
    nodelist = parser.parse()
               ^^^^^^^^^^^^^^
  File "D:\Lib\site-packages\django\template\base.py", line 507, in parse
    self.invalid_block_tag(token, command, parse_until)
  File "D:\Lib\site-packages\django\template\base.py", line 568, in invalid_block_tag
    raise self.error(
django.template.exceptions.TemplateSyntaxError: Invalid block tag on line 186: 'endblock'. Did you forget to register or load this tag?
ERROR 2026-01-16 16:07:59,109 basehttp 31280 31848 "GET /accounts/register/ HTTP/1.1" 500 183510
ERROR 2026-01-16 16:08:33,727 log 31280 37052 Internal Server Error: /accounts/register/
Traceback (most recent call last):
  File "D:\Lib\site-packages\django\template\base.py", line 505, in parse
    compile_func = self.tags[command]
                   ~~~~~~~~~^^^^^^^^^
KeyError: 'endblock'

During handling of the above exception, another exception occurred:

Traceback (most recent call last):
  File "D:\Lib\site-packages\django\core\handlers\exception.py", line 55, in inner
    response = get_response(request)
               ^^^^^^^^^^^^^^^^^^^^^
  File "D:\Lib\site-packages\django\core\handlers\base.py", line 197, in _get_response
    response = wrapped_callback(request, *callback_args, **callback_kwargs)
               ^^^^^^^^^^^^^^^^^^^^^^^^^^^^^^^^^^^^^^^^^^^^^^^^^^^^^^^^^^^^
  File "D:\Lib\contextlib.py", line 81, in inner
    return func(*args, **kwds)
           ^^^^^^^^^^^^^^^^^^^
  File "D:\Lib\site-packages\django\utils\decorators.py", line 134, in _wrapper_view
    response = view_func(request, *args, **kwargs)
               ^^^^^^^^^^^^^^^^^^^^^^^^^^^^^^^^^^^
  File "D:\Lib\site-packages\django\views\decorators\http.py", line 43, in inner
    return func(request, *args, **kwargs)
           ^^^^^^^^^^^^^^^^^^^^^^^^^^^^^^
  File "E:\Resume_Projects\lifedocs\accounts\views.py", line 100, in register_view
    return render(request, 'accounts/register.html')
           ^^^^^^^^^^^^^^^^^^^^^^^^^^^^^^^^^^^^^^^^^
  File "D:\Lib\site-packages\django\shortcuts.py", line 24, in render
    content = loader.render_to_string(template_name, context, request, using=using)
              ^^^^^^^^^^^^^^^^^^^^^^^^^^^^^^^^^^^^^^^^^^^^^^^^^^^^^^^^^^^^^^^^^^^^^
  File "D:\Lib\site-packages\django\template\loader.py", line 61, in render_to_string
    template = get_template(template_name, using=using)
               ^^^^^^^^^^^^^^^^^^^^^^^^^^^^^^^^^^^^^^^^
  File "D:\Lib\site-packages\django\template\loader.py", line 15, in get_template
    return engine.get_template(template_name)
           ^^^^^^^^^^^^^^^^^^^^^^^^^^^^^^^^^^
  File "D:\Lib\site-packages\django\template\backends\django.py", line 33, in get_template
    return Template(self.engine.get_template(template_name), self)
                    ^^^^^^^^^^^^^^^^^^^^^^^^^^^^^^^^^^^^^^^
  File "D:\Lib\site-packages\django\template\engine.py", line 175, in get_template
    template, origin = self.find_template(template_name)
                       ^^^^^^^^^^^^^^^^^^^^^^^^^^^^^^^^^
  File "D:\Lib\site-packages\django\template\engine.py", line 157, in find_template
    template = loader.get_template(name, skip=skip)
               ^^^^^^^^^^^^^^^^^^^^^^^^^^^^^^^^^^^^
  File "D:\Lib\site-packages\django\template\loaders\cached.py", line 57, in get_template
    template = super().get_template(template_name, skip)
               ^^^^^^^^^^^^^^^^^^^^^^^^^^^^^^^^^^^^^^^^^
  File "D:\Lib\site-packages\django\template\loaders\base.py", line 28, in get_template
    return Template(
           ^^^^^^^^^
  File "D:\Lib\site-packages\django\template\base.py", line 154, in __init__
    self.nodelist = self.compile_nodelist()
                    ^^^^^^^^^^^^^^^^^^^^^^^
  File "D:\Lib\site-packages\django\template\base.py", line 200, in compile_nodelist
    return parser.parse()
           ^^^^^^^^^^^^^^
  File "D:\Lib\site-packages\django\template\base.py", line 513, in parse
    raise self.error(token, e)
  File "D:\Lib\site-packages\django\template\base.py", line 511, in parse
    compiled_result = compile_func(self, token)
                      ^^^^^^^^^^^^^^^^^^^^^^^^^
  File "D:\Lib\site-packages\django\template\loader_tags.py", line 293, in do_extends
    nodelist = parser.parse()
               ^^^^^^^^^^^^^^
  File "D:\Lib\site-packages\django\template\base.py", line 507, in parse
    self.invalid_block_tag(token, command, parse_until)
  File "D:\Lib\site-packages\django\template\base.py", line 568, in invalid_block_tag
    raise self.error(
django.template.exceptions.TemplateSyntaxError: Invalid block tag on line 186: 'endblock'. Did you forget to register or load this tag?
ERROR 2026-01-16 16:08:33,736 basehttp 31280 37052 "GET /accounts/register/ HTTP/1.1" 500 183373
ERROR 2026-01-16 16:08:36,777 log 31280 37052 Internal Server Error: /accounts/register/
Traceback (most recent call last):
  File "D:\Lib\site-packages\django\template\base.py", line 505, in parse
    compile_func = self.tags[command]
                   ~~~~~~~~~^^^^^^^^^
KeyError: 'endblock'

During handling of the above exception, another exception occurred:

Traceback (most recent call last):
  File "D:\Lib\site-packages\django\core\handlers\exception.py", line 55, in inner
    response = get_response(request)
               ^^^^^^^^^^^^^^^^^^^^^
  File "D:\Lib\site-packages\django\core\handlers\base.py", line 197, in _get_response
    response = wrapped_callback(request, *callback_args, **callback_kwargs)
               ^^^^^^^^^^^^^^^^^^^^^^^^^^^^^^^^^^^^^^^^^^^^^^^^^^^^^^^^^^^^
  File "D:\Lib\contextlib.py", line 81, in inner
    return func(*args, **kwds)
           ^^^^^^^^^^^^^^^^^^^
  File "D:\Lib\site-packages\django\utils\decorators.py", line 134, in _wrapper_view
    response = view_func(request, *args, **kwargs)
               ^^^^^^^^^^^^^^^^^^^^^^^^^^^^^^^^^^^
  File "D:\Lib\site-packages\django\views\decorators\http.py", line 43, in inner
    return func(request, *args, **kwargs)
           ^^^^^^^^^^^^^^^^^^^^^^^^^^^^^^
  File "E:\Resume_Projects\lifedocs\accounts\views.py", line 100, in register_view
    return render(request, 'accounts/register.html')
           ^^^^^^^^^^^^^^^^^^^^^^^^^^^^^^^^^^^^^^^^^
  File "D:\Lib\site-packages\django\shortcuts.py", line 24, in render
    content = loader.render_to_string(template_name, context, request, using=using)
              ^^^^^^^^^^^^^^^^^^^^^^^^^^^^^^^^^^^^^^^^^^^^^^^^^^^^^^^^^^^^^^^^^^^^^
  File "D:\Lib\site-packages\django\template\loader.py", line 61, in render_to_string
    template = get_template(template_name, using=using)
               ^^^^^^^^^^^^^^^^^^^^^^^^^^^^^^^^^^^^^^^^
  File "D:\Lib\site-packages\django\template\loader.py", line 15, in get_template
    return engine.get_template(template_name)
           ^^^^^^^^^^^^^^^^^^^^^^^^^^^^^^^^^^
  File "D:\Lib\site-packages\django\template\backends\django.py", line 33, in get_template
    return Template(self.engine.get_template(template_name), self)
                    ^^^^^^^^^^^^^^^^^^^^^^^^^^^^^^^^^^^^^^^
  File "D:\Lib\site-packages\django\template\engine.py", line 175, in get_template
    template, origin = self.find_template(template_name)
                       ^^^^^^^^^^^^^^^^^^^^^^^^^^^^^^^^^
  File "D:\Lib\site-packages\django\template\engine.py", line 157, in find_template
    template = loader.get_template(name, skip=skip)
               ^^^^^^^^^^^^^^^^^^^^^^^^^^^^^^^^^^^^
  File "D:\Lib\site-packages\django\template\loaders\cached.py", line 57, in get_template
    template = super().get_template(template_name, skip)
               ^^^^^^^^^^^^^^^^^^^^^^^^^^^^^^^^^^^^^^^^^
  File "D:\Lib\site-packages\django\template\loaders\base.py", line 28, in get_template
    return Template(
           ^^^^^^^^^
  File "D:\Lib\site-packages\django\template\base.py", line 154, in __init__
    self.nodelist = self.compile_nodelist()
                    ^^^^^^^^^^^^^^^^^^^^^^^
  File "D:\Lib\site-packages\django\template\base.py", line 200, in compile_nodelist
    return parser.parse()
           ^^^^^^^^^^^^^^
  File "D:\Lib\site-packages\django\template\base.py", line 513, in parse
    raise self.error(token, e)
  File "D:\Lib\site-packages\django\template\base.py", line 511, in parse
    compiled_result = compile_func(self, token)
                      ^^^^^^^^^^^^^^^^^^^^^^^^^
  File "D:\Lib\site-packages\django\template\loader_tags.py", line 293, in do_extends
    nodelist = parser.parse()
               ^^^^^^^^^^^^^^
  File "D:\Lib\site-packages\django\template\base.py", line 507, in parse
    self.invalid_block_tag(token, command, parse_until)
  File "D:\Lib\site-packages\django\template\base.py", line 568, in invalid_block_tag
    raise self.error(
django.template.exceptions.TemplateSyntaxError: Invalid block tag on line 186: 'endblock'. Did you forget to register or load this tag?
ERROR 2026-01-16 16:08:36,783 basehttp 31280 37052 "GET /accounts/register/ HTTP/1.1" 500 183510
ERROR 2026-01-16 16:21:18,042 log 31280 38632 Internal Server Error: /accounts/register/
Traceback (most recent call last):
  File "D:\Lib\site-packages\django\template\base.py", line 505, in parse
    compile_func = self.tags[command]
                   ~~~~~~~~~^^^^^^^^^
KeyError: 'endblock'

During handling of the above exception, another exception occurred:

Traceback (most recent call last):
  File "D:\Lib\site-packages\django\core\handlers\exception.py", line 55, in inner
    response = get_response(request)
               ^^^^^^^^^^^^^^^^^^^^^
  File "D:\Lib\site-packages\django\core\handlers\base.py", line 197, in _get_response
    response = wrapped_callback(request, *callback_args, **callback_kwargs)
               ^^^^^^^^^^^^^^^^^^^^^^^^^^^^^^^^^^^^^^^^^^^^^^^^^^^^^^^^^^^^
  File "D:\Lib\contextlib.py", line 81, in inner
    return func(*args, **kwds)
           ^^^^^^^^^^^^^^^^^^^
  File "D:\Lib\site-packages\django\utils\decorators.py", line 134, in _wrapper_view
    response = view_func(request, *args, **kwargs)
               ^^^^^^^^^^^^^^^^^^^^^^^^^^^^^^^^^^^
  File "D:\Lib\site-packages\django\views\decorators\http.py", line 43, in inner
    return func(request, *args, **kwargs)
           ^^^^^^^^^^^^^^^^^^^^^^^^^^^^^^
  File "E:\Resume_Projects\lifedocs\accounts\views.py", line 100, in register_view
    return render(request, 'accounts/register.html')
           ^^^^^^^^^^^^^^^^^^^^^^^^^^^^^^^^^^^^^^^^^
  File "D:\Lib\site-packages\django\shortcuts.py", line 24, in render
    content = loader.render_to_string(template_name, context, request, using=using)
              ^^^^^^^^^^^^^^^^^^^^^^^^^^^^^^^^^^^^^^^^^^^^^^^^^^^^^^^^^^^^^^^^^^^^^
  File "D:\Lib\site-packages\django\template\loader.py", line 61, in render_to_string
    template = get_template(template_name, using=using)
               ^^^^^^^^^^^^^^^^^^^^^^^^^^^^^^^^^^^^^^^^
  File "D:\Lib\site-packages\django\template\loader.py", line 15, in get_template
    return engine.get_template(template_name)
           ^^^^^^^^^^^^^^^^^^^^^^^^^^^^^^^^^^
  File "D:\Lib\site-packages\django\template\backends\django.py", line 33, in get_template
    return Template(self.engine.get_template(template_name), self)
                    ^^^^^^^^^^^^^^^^^^^^^^^^^^^^^^^^^^^^^^^
  File "D:\Lib\site-packages\django\template\engine.py", line 175, in get_template
    template, origin = self.find_template(template_name)
                       ^^^^^^^^^^^^^^^^^^^^^^^^^^^^^^^^^
  File "D:\Lib\site-packages\django\template\engine.py", line 157, in find_template
    template = loader.get_template(name, skip=skip)
               ^^^^^^^^^^^^^^^^^^^^^^^^^^^^^^^^^^^^
  File "D:\Lib\site-packages\django\template\loaders\cached.py", line 57, in get_template
    template = super().get_template(template_name, skip)
               ^^^^^^^^^^^^^^^^^^^^^^^^^^^^^^^^^^^^^^^^^
  File "D:\Lib\site-packages\django\template\loaders\base.py", line 28, in get_template
    return Template(
           ^^^^^^^^^
  File "D:\Lib\site-packages\django\template\base.py", line 154, in __init__
    self.nodelist = self.compile_nodelist()
                    ^^^^^^^^^^^^^^^^^^^^^^^
  File "D:\Lib\site-packages\django\template\base.py", line 200, in compile_nodelist
    return parser.parse()
           ^^^^^^^^^^^^^^
  File "D:\Lib\site-packages\django\template\base.py", line 513, in parse
    raise self.error(token, e)
  File "D:\Lib\site-packages\django\template\base.py", line 511, in parse
    compiled_result = compile_func(self, token)
                      ^^^^^^^^^^^^^^^^^^^^^^^^^
  File "D:\Lib\site-packages\django\template\loader_tags.py", line 293, in do_extends
    nodelist = parser.parse()
               ^^^^^^^^^^^^^^
  File "D:\Lib\site-packages\django\template\base.py", line 507, in parse
    self.invalid_block_tag(token, command, parse_until)
  File "D:\Lib\site-packages\django\template\base.py", line 568, in invalid_block_tag
    raise self.error(
django.template.exceptions.TemplateSyntaxError: Invalid block tag on line 186: 'endblock'. Did you forget to register or load this tag?
ERROR 2026-01-16 16:21:18,122 basehttp 31280 38632 "GET /accounts/register/ HTTP/1.1" 500 183373
ERROR 2026-01-16 16:23:15,989 log 28004 6492 Internal Server Error: /accounts/register/
Traceback (most recent call last):
  File "D:\Lib\site-packages\django\template\base.py", line 505, in parse
    compile_func = self.tags[command]
                   ~~~~~~~~~^^^^^^^^^
KeyError: 'endblock'

During handling of the above exception, another exception occurred:

Traceback (most recent call last):
  File "D:\Lib\site-packages\django\core\handlers\exception.py", line 55, in inner
    response = get_response(request)
               ^^^^^^^^^^^^^^^^^^^^^
  File "D:\Lib\site-packages\django\core\handlers\base.py", line 197, in _get_response
    response = wrapped_callback(request, *callback_args, **callback_kwargs)
               ^^^^^^^^^^^^^^^^^^^^^^^^^^^^^^^^^^^^^^^^^^^^^^^^^^^^^^^^^^^^
  File "D:\Lib\contextlib.py", line 81, in inner
    return func(*args, **kwds)
           ^^^^^^^^^^^^^^^^^^^
  File "D:\Lib\site-packages\django\utils\decorators.py", line 134, in _wrapper_view
    response = view_func(request, *args, **kwargs)
               ^^^^^^^^^^^^^^^^^^^^^^^^^^^^^^^^^^^
  File "D:\Lib\site-packages\django\views\decorators\http.py", line 43, in inner
    return func(request, *args, **kwargs)
           ^^^^^^^^^^^^^^^^^^^^^^^^^^^^^^
  File "E:\Resume_Projects\lifedocs\accounts\views.py", line 100, in register_view
    return render(request, 'accounts/register.html')
           ^^^^^^^^^^^^^^^^^^^^^^^^^^^^^^^^^^^^^^^^^
  File "D:\Lib\site-packages\django\shortcuts.py", line 24, in render
    content = loader.render_to_string(template_name, context, request, using=using)
              ^^^^^^^^^^^^^^^^^^^^^^^^^^^^^^^^^^^^^^^^^^^^^^^^^^^^^^^^^^^^^^^^^^^^^
  File "D:\Lib\site-packages\django\template\loader.py", line 61, in render_to_string
    template = get_template(template_name, using=using)
               ^^^^^^^^^^^^^^^^^^^^^^^^^^^^^^^^^^^^^^^^
  File "D:\Lib\site-packages\django\template\loader.py", line 15, in get_template
    return engine.get_template(template_name)
           ^^^^^^^^^^^^^^^^^^^^^^^^^^^^^^^^^^
  File "D:\Lib\site-packages\django\template\backends\django.py", line 33, in get_template
    return Template(self.engine.get_template(template_name), self)
                    ^^^^^^^^^^^^^^^^^^^^^^^^^^^^^^^^^^^^^^^
  File "D:\Lib\site-packages\django\template\engine.py", line 175, in get_template
    template, origin = self.find_template(template_name)
                       ^^^^^^^^^^^^^^^^^^^^^^^^^^^^^^^^^
  File "D:\Lib\site-packages\django\template\engine.py", line 157, in find_template
    template = loader.get_template(name, skip=skip)
               ^^^^^^^^^^^^^^^^^^^^^^^^^^^^^^^^^^^^
  File "D:\Lib\site-packages\django\template\loaders\cached.py", line 57, in get_template
    template = super().get_template(template_name, skip)
               ^^^^^^^^^^^^^^^^^^^^^^^^^^^^^^^^^^^^^^^^^
  File "D:\Lib\site-packages\django\template\loaders\base.py", line 28, in get_template
    return Template(
           ^^^^^^^^^
  File "D:\Lib\site-packages\django\template\base.py", line 154, in __init__
    self.nodelist = self.compile_nodelist()
                    ^^^^^^^^^^^^^^^^^^^^^^^
  File "D:\Lib\site-packages\django\template\base.py", line 200, in compile_nodelist
    return parser.parse()
           ^^^^^^^^^^^^^^
  File "D:\Lib\site-packages\django\template\base.py", line 513, in parse
    raise self.error(token, e)
  File "D:\Lib\site-packages\django\template\base.py", line 511, in parse
    compiled_result = compile_func(self, token)
                      ^^^^^^^^^^^^^^^^^^^^^^^^^
  File "D:\Lib\site-packages\django\template\loader_tags.py", line 293, in do_extends
    nodelist = parser.parse()
               ^^^^^^^^^^^^^^
  File "D:\Lib\site-packages\django\template\base.py", line 507, in parse
    self.invalid_block_tag(token, command, parse_until)
  File "D:\Lib\site-packages\django\template\base.py", line 568, in invalid_block_tag
    raise self.error(
django.template.exceptions.TemplateSyntaxError: Invalid block tag on line 186: 'endblock'. Did you forget to register or load this tag?
ERROR 2026-01-16 16:23:16,013 basehttp 28004 6492 "GET /accounts/register/ HTTP/1.1" 500 183388
WARNING 2026-01-16 16:27:26,148 log 28004 17000 Not Found: /accounts/register/—it
WARNING 2026-01-16 16:27:26,178 basehttp 28004 17000 "GET /accounts/register/%E2%80%94it HTTP/1.1" 404 4668
ERROR 2026-01-16 16:27:34,961 log 28004 17000 Internal Server Error: /accounts/register/
Traceback (most recent call last):
  File "D:\Lib\site-packages\django\template\base.py", line 505, in parse
    compile_func = self.tags[command]
                   ~~~~~~~~~^^^^^^^^^
KeyError: 'endblock'

During handling of the above exception, another exception occurred:

Traceback (most recent call last):
  File "D:\Lib\site-packages\django\core\handlers\exception.py", line 55, in inner
    response = get_response(request)
               ^^^^^^^^^^^^^^^^^^^^^
  File "D:\Lib\site-packages\django\core\handlers\base.py", line 197, in _get_response
    response = wrapped_callback(request, *callback_args, **callback_kwargs)
               ^^^^^^^^^^^^^^^^^^^^^^^^^^^^^^^^^^^^^^^^^^^^^^^^^^^^^^^^^^^^
  File "D:\Lib\contextlib.py", line 81, in inner
    return func(*args, **kwds)
           ^^^^^^^^^^^^^^^^^^^
  File "D:\Lib\site-packages\django\utils\decorators.py", line 134, in _wrapper_view
    response = view_func(request, *args, **kwargs)
               ^^^^^^^^^^^^^^^^^^^^^^^^^^^^^^^^^^^
  File "D:\Lib\site-packages\django\views\decorators\http.py", line 43, in inner
    return func(request, *args, **kwargs)
           ^^^^^^^^^^^^^^^^^^^^^^^^^^^^^^
  File "E:\Resume_Projects\lifedocs\accounts\views.py", line 100, in register_view
    return render(request, 'accounts/register.html')
           ^^^^^^^^^^^^^^^^^^^^^^^^^^^^^^^^^^^^^^^^^
  File "D:\Lib\site-packages\django\shortcuts.py", line 24, in render
    content = loader.render_to_string(template_name, context, request, using=using)
              ^^^^^^^^^^^^^^^^^^^^^^^^^^^^^^^^^^^^^^^^^^^^^^^^^^^^^^^^^^^^^^^^^^^^^
  File "D:\Lib\site-packages\django\template\loader.py", line 61, in render_to_string
    template = get_template(template_name, using=using)
               ^^^^^^^^^^^^^^^^^^^^^^^^^^^^^^^^^^^^^^^^
  File "D:\Lib\site-packages\django\template\loader.py", line 15, in get_template
    return engine.get_template(template_name)
           ^^^^^^^^^^^^^^^^^^^^^^^^^^^^^^^^^^
  File "D:\Lib\site-packages\django\template\backends\django.py", line 33, in get_template
    return Template(self.engine.get_template(template_name), self)
                    ^^^^^^^^^^^^^^^^^^^^^^^^^^^^^^^^^^^^^^^
  File "D:\Lib\site-packages\django\template\engine.py", line 175, in get_template
    template, origin = self.find_template(template_name)
                       ^^^^^^^^^^^^^^^^^^^^^^^^^^^^^^^^^
  File "D:\Lib\site-packages\django\template\engine.py", line 157, in find_template
    template = loader.get_template(name, skip=skip)
               ^^^^^^^^^^^^^^^^^^^^^^^^^^^^^^^^^^^^
  File "D:\Lib\site-packages\django\template\loaders\cached.py", line 57, in get_template
    template = super().get_template(template_name, skip)
               ^^^^^^^^^^^^^^^^^^^^^^^^^^^^^^^^^^^^^^^^^
  File "D:\Lib\site-packages\django\template\loaders\base.py", line 28, in get_template
    return Template(
           ^^^^^^^^^
  File "D:\Lib\site-packages\django\template\base.py", line 154, in __init__
    self.nodelist = self.compile_nodelist()
                    ^^^^^^^^^^^^^^^^^^^^^^^
  File "D:\Lib\site-packages\django\template\base.py", line 200, in compile_nodelist
    return parser.parse()
           ^^^^^^^^^^^^^^
  File "D:\Lib\site-packages\django\template\base.py", line 513, in parse
    raise self.error(token, e)
  File "D:\Lib\site-packages\django\template\base.py", line 511, in parse
    compiled_result = compile_func(self, token)
                      ^^^^^^^^^^^^^^^^^^^^^^^^^
  File "D:\Lib\site-packages\django\template\loader_tags.py", line 293, in do_extends
    nodelist = parser.parse()
               ^^^^^^^^^^^^^^
  File "D:\Lib\site-packages\django\template\base.py", line 507, in parse
    self.invalid_block_tag(token, command, parse_until)
  File "D:\Lib\site-packages\django\template\base.py", line 568, in invalid_block_tag
    raise self.error(
django.template.exceptions.TemplateSyntaxError: Invalid block tag on line 186: 'endblock'. Did you forget to register or load this tag?
ERROR 2026-01-16 16:27:34,995 basehttp 28004 17000 "GET /accounts/register/ HTTP/1.1" 500 183222
WARNING 2026-01-16 16:27:44,775 log 28004 17000 Not Found: /accounts/
WARNING 2026-01-16 16:27:44,776 basehttp 28004 17000 "GET /accounts/ HTTP/1.1" 404 4620
ERROR 2026-01-16 16:28:05,620 log 28004 37716 Internal Server Error: /accounts/register/
Traceback (most recent call last):
  File "D:\Lib\site-packages\django\template\base.py", line 505, in parse
    compile_func = self.tags[command]
                   ~~~~~~~~~^^^^^^^^^
KeyError: 'endblock'

During handling of the above exception, another exception occurred:

Traceback (most recent call last):
  File "D:\Lib\site-packages\django\core\handlers\exception.py", line 55, in inner
    response = get_response(request)
               ^^^^^^^^^^^^^^^^^^^^^
  File "D:\Lib\site-packages\django\core\handlers\base.py", line 197, in _get_response
    response = wrapped_callback(request, *callback_args, **callback_kwargs)
               ^^^^^^^^^^^^^^^^^^^^^^^^^^^^^^^^^^^^^^^^^^^^^^^^^^^^^^^^^^^^
  File "D:\Lib\contextlib.py", line 81, in inner
    return func(*args, **kwds)
           ^^^^^^^^^^^^^^^^^^^
  File "D:\Lib\site-packages\django\utils\decorators.py", line 134, in _wrapper_view
    response = view_func(request, *args, **kwargs)
               ^^^^^^^^^^^^^^^^^^^^^^^^^^^^^^^^^^^
  File "D:\Lib\site-packages\django\views\decorators\http.py", line 43, in inner
    return func(request, *args, **kwargs)
           ^^^^^^^^^^^^^^^^^^^^^^^^^^^^^^
  File "E:\Resume_Projects\lifedocs\accounts\views.py", line 100, in register_view
    return render(request, 'accounts/register.html')
           ^^^^^^^^^^^^^^^^^^^^^^^^^^^^^^^^^^^^^^^^^
  File "D:\Lib\site-packages\django\shortcuts.py", line 24, in render
    content = loader.render_to_string(template_name, context, request, using=using)
              ^^^^^^^^^^^^^^^^^^^^^^^^^^^^^^^^^^^^^^^^^^^^^^^^^^^^^^^^^^^^^^^^^^^^^
  File "D:\Lib\site-packages\django\template\loader.py", line 61, in render_to_string
    template = get_template(template_name, using=using)
               ^^^^^^^^^^^^^^^^^^^^^^^^^^^^^^^^^^^^^^^^
  File "D:\Lib\site-packages\django\template\loader.py", line 15, in get_template
    return engine.get_template(template_name)
           ^^^^^^^^^^^^^^^^^^^^^^^^^^^^^^^^^^
  File "D:\Lib\site-packages\django\template\backends\django.py", line 33, in get_template
    return Template(self.engine.get_template(template_name), self)
                    ^^^^^^^^^^^^^^^^^^^^^^^^^^^^^^^^^^^^^^^
  File "D:\Lib\site-packages\django\template\engine.py", line 175, in get_template
    template, origin = self.find_template(template_name)
                       ^^^^^^^^^^^^^^^^^^^^^^^^^^^^^^^^^
  File "D:\Lib\site-packages\django\template\engine.py", line 157, in find_template
    template = loader.get_template(name, skip=skip)
               ^^^^^^^^^^^^^^^^^^^^^^^^^^^^^^^^^^^^
  File "D:\Lib\site-packages\django\template\loaders\cached.py", line 57, in get_template
    template = super().get_template(template_name, skip)
               ^^^^^^^^^^^^^^^^^^^^^^^^^^^^^^^^^^^^^^^^^
  File "D:\Lib\site-packages\django\template\loaders\base.py", line 28, in get_template
    return Template(
           ^^^^^^^^^
  File "D:\Lib\site-packages\django\template\base.py", line 154, in __init__
    self.nodelist = self.compile_nodelist()
                    ^^^^^^^^^^^^^^^^^^^^^^^
  File "D:\Lib\site-packages\django\template\base.py", line 200, in compile_nodelist
    return parser.parse()
           ^^^^^^^^^^^^^^
  File "D:\Lib\site-packages\django\template\base.py", line 513, in parse
    raise self.error(token, e)
  File "D:\Lib\site-packages\django\template\base.py", line 511, in parse
    compiled_result = compile_func(self, token)
                      ^^^^^^^^^^^^^^^^^^^^^^^^^
  File "D:\Lib\site-packages\django\template\loader_tags.py", line 293, in do_extends
    nodelist = parser.parse()
               ^^^^^^^^^^^^^^
  File "D:\Lib\site-packages\django\template\base.py", line 507, in parse
    self.invalid_block_tag(token, command, parse_until)
  File "D:\Lib\site-packages\django\template\base.py", line 568, in invalid_block_tag
    raise self.error(
django.template.exceptions.TemplateSyntaxError: Invalid block tag on line 186: 'endblock'. Did you forget to register or load this tag?
ERROR 2026-01-16 16:28:05,627 basehttp 28004 37716 "GET /accounts/register/ HTTP/1.1" 500 183373
ERROR 2026-01-16 16:28:11,504 log 28004 33096 Internal Server Error: /accounts/register/
Traceback (most recent call last):
  File "D:\Lib\site-packages\django\template\base.py", line 505, in parse
    compile_func = self.tags[command]
                   ~~~~~~~~~^^^^^^^^^
KeyError: 'endblock'

During handling of the above exception, another exception occurred:

Traceback (most recent call last):
  File "D:\Lib\site-packages\django\core\handlers\exception.py", line 55, in inner
    response = get_response(request)
               ^^^^^^^^^^^^^^^^^^^^^
  File "D:\Lib\site-packages\django\core\handlers\base.py", line 197, in _get_response
    response = wrapped_callback(request, *callback_args, **callback_kwargs)
               ^^^^^^^^^^^^^^^^^^^^^^^^^^^^^^^^^^^^^^^^^^^^^^^^^^^^^^^^^^^^
  File "D:\Lib\contextlib.py", line 81, in inner
    return func(*args, **kwds)
           ^^^^^^^^^^^^^^^^^^^
  File "D:\Lib\site-packages\django\utils\decorators.py", line 134, in _wrapper_view
    response = view_func(request, *args, **kwargs)
               ^^^^^^^^^^^^^^^^^^^^^^^^^^^^^^^^^^^
  File "D:\Lib\site-packages\django\views\decorators\http.py", line 43, in inner
    return func(request, *args, **kwargs)
           ^^^^^^^^^^^^^^^^^^^^^^^^^^^^^^
  File "E:\Resume_Projects\lifedocs\accounts\views.py", line 100, in register_view
    return render(request, 'accounts/register.html')
           ^^^^^^^^^^^^^^^^^^^^^^^^^^^^^^^^^^^^^^^^^
  File "D:\Lib\site-packages\django\shortcuts.py", line 24, in render
    content = loader.render_to_string(template_name, context, request, using=using)
              ^^^^^^^^^^^^^^^^^^^^^^^^^^^^^^^^^^^^^^^^^^^^^^^^^^^^^^^^^^^^^^^^^^^^^
  File "D:\Lib\site-packages\django\template\loader.py", line 61, in render_to_string
    template = get_template(template_name, using=using)
               ^^^^^^^^^^^^^^^^^^^^^^^^^^^^^^^^^^^^^^^^
  File "D:\Lib\site-packages\django\template\loader.py", line 15, in get_template
    return engine.get_template(template_name)
           ^^^^^^^^^^^^^^^^^^^^^^^^^^^^^^^^^^
  File "D:\Lib\site-packages\django\template\backends\django.py", line 33, in get_template
    return Template(self.engine.get_template(template_name), self)
                    ^^^^^^^^^^^^^^^^^^^^^^^^^^^^^^^^^^^^^^^
  File "D:\Lib\site-packages\django\template\engine.py", line 175, in get_template
    template, origin = self.find_template(template_name)
                       ^^^^^^^^^^^^^^^^^^^^^^^^^^^^^^^^^
  File "D:\Lib\site-packages\django\template\engine.py", line 157, in find_template
    template = loader.get_template(name, skip=skip)
               ^^^^^^^^^^^^^^^^^^^^^^^^^^^^^^^^^^^^
  File "D:\Lib\site-packages\django\template\loaders\cached.py", line 57, in get_template
    template = super().get_template(template_name, skip)
               ^^^^^^^^^^^^^^^^^^^^^^^^^^^^^^^^^^^^^^^^^
  File "D:\Lib\site-packages\django\template\loaders\base.py", line 28, in get_template
    return Template(
           ^^^^^^^^^
  File "D:\Lib\site-packages\django\template\base.py", line 154, in __init__
    self.nodelist = self.compile_nodelist()
                    ^^^^^^^^^^^^^^^^^^^^^^^
  File "D:\Lib\site-packages\django\template\base.py", line 200, in compile_nodelist
    return parser.parse()
           ^^^^^^^^^^^^^^
  File "D:\Lib\site-packages\django\template\base.py", line 513, in parse
    raise self.error(token, e)
  File "D:\Lib\site-packages\django\template\base.py", line 511, in parse
    compiled_result = compile_func(self, token)
                      ^^^^^^^^^^^^^^^^^^^^^^^^^
  File "D:\Lib\site-packages\django\template\loader_tags.py", line 293, in do_extends
    nodelist = parser.parse()
               ^^^^^^^^^^^^^^
  File "D:\Lib\site-packages\django\template\base.py", line 507, in parse
    self.invalid_block_tag(token, command, parse_until)
  File "D:\Lib\site-packages\django\template\base.py", line 568, in invalid_block_tag
    raise self.error(
django.template.exceptions.TemplateSyntaxError: Invalid block tag on line 186: 'endblock'. Did you forget to register or load this tag?
ERROR 2026-01-16 16:28:11,510 basehttp 28004 33096 "GET /accounts/register/ HTTP/1.1" 500 183373
ERROR 2026-01-16 16:30:46,217 log 28004 3984 Internal Server Error: /vault/verify-nominee-email-otp/
Traceback (most recent call last):
  File "D:\Lib\site-packages\django\core\handlers\exception.py", line 55, in inner
    response = get_response(request)
               ^^^^^^^^^^^^^^^^^^^^^
  File "D:\Lib\site-packages\django\core\handlers\base.py", line 197, in _get_response
    response = wrapped_callback(request, *callback_args, **callback_kwargs)
               ^^^^^^^^^^^^^^^^^^^^^^^^^^^^^^^^^^^^^^^^^^^^^^^^^^^^^^^^^^^^
  File "D:\Lib\contextlib.py", line 81, in inner
    return func(*args, **kwds)
           ^^^^^^^^^^^^^^^^^^^
  File "D:\Lib\site-packages\django\contrib\auth\decorators.py", line 23, in _wrapper_view
    return view_func(request, *args, **kwargs)
           ^^^^^^^^^^^^^^^^^^^^^^^^^^^^^^^^^^^
  File "D:\Lib\site-packages\django\views\decorators\http.py", line 43, in inner
    return func(request, *args, **kwargs)
           ^^^^^^^^^^^^^^^^^^^^^^^^^^^^^^
  File "E:\Resume_Projects\lifedocs\vault\views.py", line 446, in verify_nominee_email_otp
    return render(request, 'vault/verify_nominee_email_otp.html', {'email': email})
           ^^^^^^^^^^^^^^^^^^^^^^^^^^^^^^^^^^^^^^^^^^^^^^^^^^^^^^^^^^^^^^^^^^^^^^^^
  File "D:\Lib\site-packages\django\shortcuts.py", line 24, in render
    content = loader.render_to_string(template_name, context, request, using=using)
              ^^^^^^^^^^^^^^^^^^^^^^^^^^^^^^^^^^^^^^^^^^^^^^^^^^^^^^^^^^^^^^^^^^^^^
  File "D:\Lib\site-packages\django\template\loader.py", line 61, in render_to_string
    template = get_template(template_name, using=using)
               ^^^^^^^^^^^^^^^^^^^^^^^^^^^^^^^^^^^^^^^^
  File "D:\Lib\site-packages\django\template\loader.py", line 15, in get_template
    return engine.get_template(template_name)
           ^^^^^^^^^^^^^^^^^^^^^^^^^^^^^^^^^^
  File "D:\Lib\site-packages\django\template\backends\django.py", line 33, in get_template
    return Template(self.engine.get_template(template_name), self)
                    ^^^^^^^^^^^^^^^^^^^^^^^^^^^^^^^^^^^^^^^
  File "D:\Lib\site-packages\django\template\engine.py", line 175, in get_template
    template, origin = self.find_template(template_name)
                       ^^^^^^^^^^^^^^^^^^^^^^^^^^^^^^^^^
  File "D:\Lib\site-packages\django\template\engine.py", line 157, in find_template
    template = loader.get_template(name, skip=skip)
               ^^^^^^^^^^^^^^^^^^^^^^^^^^^^^^^^^^^^
  File "D:\Lib\site-packages\django\template\loaders\cached.py", line 57, in get_template
    template = super().get_template(template_name, skip)
               ^^^^^^^^^^^^^^^^^^^^^^^^^^^^^^^^^^^^^^^^^
  File "D:\Lib\site-packages\django\template\loaders\base.py", line 28, in get_template
    return Template(
           ^^^^^^^^^
  File "D:\Lib\site-packages\django\template\base.py", line 154, in __init__
    self.nodelist = self.compile_nodelist()
                    ^^^^^^^^^^^^^^^^^^^^^^^
  File "D:\Lib\site-packages\django\template\base.py", line 200, in compile_nodelist
    return parser.parse()
           ^^^^^^^^^^^^^^
  File "D:\Lib\site-packages\django\template\base.py", line 513, in parse
    raise self.error(token, e)
  File "D:\Lib\site-packages\django\template\base.py", line 511, in parse
    compiled_result = compile_func(self, token)
                      ^^^^^^^^^^^^^^^^^^^^^^^^^
  File "D:\Lib\site-packages\django\template\loader_tags.py", line 293, in do_extends
    nodelist = parser.parse()
               ^^^^^^^^^^^^^^
  File "D:\Lib\site-packages\django\template\base.py", line 513, in parse
    raise self.error(token, e)
  File "D:\Lib\site-packages\django\template\base.py", line 511, in parse
    compiled_result = compile_func(self, token)
                      ^^^^^^^^^^^^^^^^^^^^^^^^^
  File "D:\Lib\site-packages\django\template\loader_tags.py", line 232, in do_block
    nodelist = parser.parse(("endblock",))
               ^^^^^^^^^^^^^^^^^^^^^^^^^^^
  File "D:\Lib\site-packages\django\template\base.py", line 518, in parse
    self.unclosed_block_tag(parse_until)
  File "D:\Lib\site-packages\django\template\base.py", line 581, in unclosed_block_tag
    raise self.error(token, msg)
django.template.exceptions.TemplateSyntaxError: Unclosed tag on line 1: 'block'. Looking for one of: endblock.
ERROR 2026-01-16 16:30:46,307 basehttp 28004 3984 "GET /vault/verify-nominee-email-otp/ HTTP/1.1" 500 193302
WARNING 2026-01-16 16:33:22,934 log 28004 26860 Method Not Allowed (GET): /accounts/logout/
WARNING 2026-01-16 16:33:23,053 basehttp 28004 26860 "GET /accounts/logout/ HTTP/1.1" 405 0
WARNING 2026-01-16 16:33:44,925 log 28004 26780 Method Not Allowed (GET): /accounts/logout/
WARNING 2026-01-16 16:33:45,067 basehttp 28004 26780 "GET /accounts/logout/ HTTP/1.1" 405 0
WARNING 2026-01-16 16:34:47,502 log 28004 32600 Method Not Allowed (GET): /accounts/logout/
WARNING 2026-01-16 16:34:47,956 basehttp 28004 32600 "GET /accounts/logout/ HTTP/1.1" 405 0
ERROR 2026-01-16 16:40:54,282 log 27008 11244 Internal Server Error: /accounts/register/
Traceback (most recent call last):
  File "D:\Lib\site-packages\django\template\base.py", line 505, in parse
    compile_func = self.tags[command]
                   ~~~~~~~~~^^^^^^^^^
KeyError: 'endblock'

During handling of the above exception, another exception occurred:

Traceback (most recent call last):
  File "D:\Lib\site-packages\django\core\handlers\exception.py", line 55, in inner
    response = get_response(request)
               ^^^^^^^^^^^^^^^^^^^^^
  File "D:\Lib\site-packages\django\core\handlers\base.py", line 197, in _get_response
    response = wrapped_callback(request, *callback_args, **callback_kwargs)
               ^^^^^^^^^^^^^^^^^^^^^^^^^^^^^^^^^^^^^^^^^^^^^^^^^^^^^^^^^^^^
  File "D:\Lib\contextlib.py", line 81, in inner
    return func(*args, **kwds)
           ^^^^^^^^^^^^^^^^^^^
  File "D:\Lib\site-packages\django\utils\decorators.py", line 134, in _wrapper_view
    response = view_func(request, *args, **kwargs)
               ^^^^^^^^^^^^^^^^^^^^^^^^^^^^^^^^^^^
  File "D:\Lib\site-packages\django\views\decorators\http.py", line 43, in inner
    return func(request, *args, **kwargs)
           ^^^^^^^^^^^^^^^^^^^^^^^^^^^^^^
  File "E:\Resume_Projects\lifedocs\accounts\views.py", line 100, in register_view
    return render(request, 'accounts/register.html')
           ^^^^^^^^^^^^^^^^^^^^^^^^^^^^^^^^^^^^^^^^^
  File "D:\Lib\site-packages\django\shortcuts.py", line 24, in render
    content = loader.render_to_string(template_name, context, request, using=using)
              ^^^^^^^^^^^^^^^^^^^^^^^^^^^^^^^^^^^^^^^^^^^^^^^^^^^^^^^^^^^^^^^^^^^^^
  File "D:\Lib\site-packages\django\template\loader.py", line 61, in render_to_string
    template = get_template(template_name, using=using)
               ^^^^^^^^^^^^^^^^^^^^^^^^^^^^^^^^^^^^^^^^
  File "D:\Lib\site-packages\django\template\loader.py", line 15, in get_template
    return engine.get_template(template_name)
           ^^^^^^^^^^^^^^^^^^^^^^^^^^^^^^^^^^
  File "D:\Lib\site-packages\django\template\backends\django.py", line 33, in get_template
    return Template(self.engine.get_template(template_name), self)
                    ^^^^^^^^^^^^^^^^^^^^^^^^^^^^^^^^^^^^^^^
  File "D:\Lib\site-packages\django\template\engine.py", line 175, in get_template
    template, origin = self.find_template(template_name)
                       ^^^^^^^^^^^^^^^^^^^^^^^^^^^^^^^^^
  File "D:\Lib\site-packages\django\template\engine.py", line 157, in find_template
    template = loader.get_template(name, skip=skip)
               ^^^^^^^^^^^^^^^^^^^^^^^^^^^^^^^^^^^^
  File "D:\Lib\site-packages\django\template\loaders\cached.py", line 57, in get_template
    template = super().get_template(template_name, skip)
               ^^^^^^^^^^^^^^^^^^^^^^^^^^^^^^^^^^^^^^^^^
  File "D:\Lib\site-packages\django\template\loaders\base.py", line 28, in get_template
    return Template(
           ^^^^^^^^^
  File "D:\Lib\site-packages\django\template\base.py", line 154, in __init__
    self.nodelist = self.compile_nodelist()
                    ^^^^^^^^^^^^^^^^^^^^^^^
  File "D:\Lib\site-packages\django\template\base.py", line 200, in compile_nodelist
    return parser.parse()
           ^^^^^^^^^^^^^^
  File "D:\Lib\site-packages\django\template\base.py", line 513, in parse
    raise self.error(token, e)
  File "D:\Lib\site-packages\django\template\base.py", line 511, in parse
    compiled_result = compile_func(self, token)
                      ^^^^^^^^^^^^^^^^^^^^^^^^^
  File "D:\Lib\site-packages\django\template\loader_tags.py", line 293, in do_extends
    nodelist = parser.parse()
               ^^^^^^^^^^^^^^
  File "D:\Lib\site-packages\django\template\base.py", line 507, in parse
    self.invalid_block_tag(token, command, parse_until)
  File "D:\Lib\site-packages\django\template\base.py", line 568, in invalid_block_tag
    raise self.error(
django.template.exceptions.TemplateSyntaxError: Invalid block tag on line 186: 'endblock'. Did you forget to register or load this tag?
ERROR 2026-01-16 16:40:54,409 basehttp 27008 11244 "GET /accounts/register/ HTTP/1.1" 500 183373
ERROR 2026-01-16 16:42:23,408 log 27008 36936 Internal Server Error: /accounts/register/
Traceback (most recent call last):
  File "D:\Lib\site-packages\django\template\base.py", line 505, in parse
    compile_func = self.tags[command]
                   ~~~~~~~~~^^^^^^^^^
KeyError: 'endblock'

During handling of the above exception, another exception occurred:

Traceback (most recent call last):
  File "D:\Lib\site-packages\django\core\handlers\exception.py", line 55, in inner
    response = get_response(request)
               ^^^^^^^^^^^^^^^^^^^^^
  File "D:\Lib\site-packages\django\core\handlers\base.py", line 197, in _get_response
    response = wrapped_callback(request, *callback_args, **callback_kwargs)
               ^^^^^^^^^^^^^^^^^^^^^^^^^^^^^^^^^^^^^^^^^^^^^^^^^^^^^^^^^^^^
  File "D:\Lib\contextlib.py", line 81, in inner
    return func(*args, **kwds)
           ^^^^^^^^^^^^^^^^^^^
  File "D:\Lib\site-packages\django\utils\decorators.py", line 134, in _wrapper_view
    response = view_func(request, *args, **kwargs)
               ^^^^^^^^^^^^^^^^^^^^^^^^^^^^^^^^^^^
  File "D:\Lib\site-packages\django\views\decorators\http.py", line 43, in inner
    return func(request, *args, **kwargs)
           ^^^^^^^^^^^^^^^^^^^^^^^^^^^^^^
  File "E:\Resume_Projects\lifedocs\accounts\views.py", line 100, in register_view
    return render(request, 'accounts/register.html')
           ^^^^^^^^^^^^^^^^^^^^^^^^^^^^^^^^^^^^^^^^^
  File "D:\Lib\site-packages\django\shortcuts.py", line 24, in render
    content = loader.render_to_string(template_name, context, request, using=using)
              ^^^^^^^^^^^^^^^^^^^^^^^^^^^^^^^^^^^^^^^^^^^^^^^^^^^^^^^^^^^^^^^^^^^^^
  File "D:\Lib\site-packages\django\template\loader.py", line 61, in render_to_string
    template = get_template(template_name, using=using)
               ^^^^^^^^^^^^^^^^^^^^^^^^^^^^^^^^^^^^^^^^
  File "D:\Lib\site-packages\django\template\loader.py", line 15, in get_template
    return engine.get_template(template_name)
           ^^^^^^^^^^^^^^^^^^^^^^^^^^^^^^^^^^
  File "D:\Lib\site-packages\django\template\backends\django.py", line 33, in get_template
    return Template(self.engine.get_template(template_name), self)
                    ^^^^^^^^^^^^^^^^^^^^^^^^^^^^^^^^^^^^^^^
  File "D:\Lib\site-packages\django\template\engine.py", line 175, in get_template
    template, origin = self.find_template(template_name)
                       ^^^^^^^^^^^^^^^^^^^^^^^^^^^^^^^^^
  File "D:\Lib\site-packages\django\template\engine.py", line 157, in find_template
    template = loader.get_template(name, skip=skip)
               ^^^^^^^^^^^^^^^^^^^^^^^^^^^^^^^^^^^^
  File "D:\Lib\site-packages\django\template\loaders\cached.py", line 57, in get_template
    template = super().get_template(template_name, skip)
               ^^^^^^^^^^^^^^^^^^^^^^^^^^^^^^^^^^^^^^^^^
  File "D:\Lib\site-packages\django\template\loaders\base.py", line 28, in get_template
    return Template(
           ^^^^^^^^^
  File "D:\Lib\site-packages\django\template\base.py", line 154, in __init__
    self.nodelist = self.compile_nodelist()
                    ^^^^^^^^^^^^^^^^^^^^^^^
  File "D:\Lib\site-packages\django\template\base.py", line 200, in compile_nodelist
    return parser.parse()
           ^^^^^^^^^^^^^^
  File "D:\Lib\site-packages\django\template\base.py", line 513, in parse
    raise self.error(token, e)
  File "D:\Lib\site-packages\django\template\base.py", line 511, in parse
    compiled_result = compile_func(self, token)
                      ^^^^^^^^^^^^^^^^^^^^^^^^^
  File "D:\Lib\site-packages\django\template\loader_tags.py", line 293, in do_extends
    nodelist = parser.parse()
               ^^^^^^^^^^^^^^
  File "D:\Lib\site-packages\django\template\base.py", line 507, in parse
    self.invalid_block_tag(token, command, parse_until)
  File "D:\Lib\site-packages\django\template\base.py", line 568, in invalid_block_tag
    raise self.error(
django.template.exceptions.TemplateSyntaxError: Invalid block tag on line 186: 'endblock'. Did you forget to register or load this tag?
ERROR 2026-01-16 16:42:23,426 basehttp 27008 36936 "GET /accounts/register/ HTTP/1.1" 500 183222
ERROR 2026-01-16 16:45:48,669 log 27008 19076 Internal Server Error: /accounts/register/
Traceback (most recent call last):
  File "D:\Lib\site-packages\django\template\base.py", line 505, in parse
    compile_func = self.tags[command]
                   ~~~~~~~~~^^^^^^^^^
KeyError: 'endblock'

During handling of the above exception, another exception occurred:

Traceback (most recent call last):
  File "D:\Lib\site-packages\django\core\handlers\exception.py", line 55, in inner
    response = get_response(request)
               ^^^^^^^^^^^^^^^^^^^^^
  File "D:\Lib\site-packages\django\core\handlers\base.py", line 197, in _get_response
    response = wrapped_callback(request, *callback_args, **callback_kwargs)
               ^^^^^^^^^^^^^^^^^^^^^^^^^^^^^^^^^^^^^^^^^^^^^^^^^^^^^^^^^^^^
  File "D:\Lib\contextlib.py", line 81, in inner
    return func(*args, **kwds)
           ^^^^^^^^^^^^^^^^^^^
  File "D:\Lib\site-packages\django\utils\decorators.py", line 134, in _wrapper_view
    response = view_func(request, *args, **kwargs)
               ^^^^^^^^^^^^^^^^^^^^^^^^^^^^^^^^^^^
  File "D:\Lib\site-packages\django\views\decorators\http.py", line 43, in inner
    return func(request, *args, **kwargs)
           ^^^^^^^^^^^^^^^^^^^^^^^^^^^^^^
  File "E:\Resume_Projects\lifedocs\accounts\views.py", line 100, in register_view
    return render(request, 'accounts/register.html')
           ^^^^^^^^^^^^^^^^^^^^^^^^^^^^^^^^^^^^^^^^^
  File "D:\Lib\site-packages\django\shortcuts.py", line 24, in render
    content = loader.render_to_string(template_name, context, request, using=using)
              ^^^^^^^^^^^^^^^^^^^^^^^^^^^^^^^^^^^^^^^^^^^^^^^^^^^^^^^^^^^^^^^^^^^^^
  File "D:\Lib\site-packages\django\template\loader.py", line 61, in render_to_string
    template = get_template(template_name, using=using)
               ^^^^^^^^^^^^^^^^^^^^^^^^^^^^^^^^^^^^^^^^
  File "D:\Lib\site-packages\django\template\loader.py", line 15, in get_template
    return engine.get_template(template_name)
           ^^^^^^^^^^^^^^^^^^^^^^^^^^^^^^^^^^
  File "D:\Lib\site-packages\django\template\backends\django.py", line 33, in get_template
    return Template(self.engine.get_template(template_name), self)
                    ^^^^^^^^^^^^^^^^^^^^^^^^^^^^^^^^^^^^^^^
  File "D:\Lib\site-packages\django\template\engine.py", line 175, in get_template
    template, origin = self.find_template(template_name)
                       ^^^^^^^^^^^^^^^^^^^^^^^^^^^^^^^^^
  File "D:\Lib\site-packages\django\template\engine.py", line 157, in find_template
    template = loader.get_template(name, skip=skip)
               ^^^^^^^^^^^^^^^^^^^^^^^^^^^^^^^^^^^^
  File "D:\Lib\site-packages\django\template\loaders\cached.py", line 57, in get_template
    template = super().get_template(template_name, skip)
               ^^^^^^^^^^^^^^^^^^^^^^^^^^^^^^^^^^^^^^^^^
  File "D:\Lib\site-packages\django\template\loaders\base.py", line 28, in get_template
    return Template(
           ^^^^^^^^^
  File "D:\Lib\site-packages\django\template\base.py", line 154, in __init__
    self.nodelist = self.compile_nodelist()
                    ^^^^^^^^^^^^^^^^^^^^^^^
  File "D:\Lib\site-packages\django\template\base.py", line 200, in compile_nodelist
    return parser.parse()
           ^^^^^^^^^^^^^^
  File "D:\Lib\site-packages\django\template\base.py", line 513, in parse
    raise self.error(token, e)
  File "D:\Lib\site-packages\django\template\base.py", line 511, in parse
    compiled_result = compile_func(self, token)
                      ^^^^^^^^^^^^^^^^^^^^^^^^^
  File "D:\Lib\site-packages\django\template\loader_tags.py", line 293, in do_extends
    nodelist = parser.parse()
               ^^^^^^^^^^^^^^
  File "D:\Lib\site-packages\django\template\base.py", line 507, in parse
    self.invalid_block_tag(token, command, parse_until)
  File "D:\Lib\site-packages\django\template\base.py", line 568, in invalid_block_tag
    raise self.error(
django.template.exceptions.TemplateSyntaxError: Invalid block tag on line 186: 'endblock'. Did you forget to register or load this tag?
ERROR 2026-01-16 16:45:48,808 basehttp 27008 19076 "GET /accounts/register/ HTTP/1.1" 500 183373
ERROR 2026-01-16 16:47:19,808 log 29408 16136 Internal Server Error: /accounts/register/
Traceback (most recent call last):
  File "D:\Lib\site-packages\django\template\base.py", line 505, in parse
    compile_func = self.tags[command]
                   ~~~~~~~~~^^^^^^^^^
KeyError: 'endblock'

During handling of the above exception, another exception occurred:

Traceback (most recent call last):
  File "D:\Lib\site-packages\django\core\handlers\exception.py", line 55, in inner
    response = get_response(request)
               ^^^^^^^^^^^^^^^^^^^^^
  File "D:\Lib\site-packages\django\core\handlers\base.py", line 197, in _get_response
    response = wrapped_callback(request, *callback_args, **callback_kwargs)
               ^^^^^^^^^^^^^^^^^^^^^^^^^^^^^^^^^^^^^^^^^^^^^^^^^^^^^^^^^^^^
  File "D:\Lib\contextlib.py", line 81, in inner
    return func(*args, **kwds)
           ^^^^^^^^^^^^^^^^^^^
  File "D:\Lib\site-packages\django\utils\decorators.py", line 134, in _wrapper_view
    response = view_func(request, *args, **kwargs)
               ^^^^^^^^^^^^^^^^^^^^^^^^^^^^^^^^^^^
  File "D:\Lib\site-packages\django\views\decorators\http.py", line 43, in inner
    return func(request, *args, **kwargs)
           ^^^^^^^^^^^^^^^^^^^^^^^^^^^^^^
  File "E:\Resume_Projects\lifedocs\accounts\views.py", line 100, in register_view
    return render(request, 'accounts/register.html')
           ^^^^^^^^^^^^^^^^^^^^^^^^^^^^^^^^^^^^^^^^^
  File "D:\Lib\site-packages\django\shortcuts.py", line 24, in render
    content = loader.render_to_string(template_name, context, request, using=using)
              ^^^^^^^^^^^^^^^^^^^^^^^^^^^^^^^^^^^^^^^^^^^^^^^^^^^^^^^^^^^^^^^^^^^^^
  File "D:\Lib\site-packages\django\template\loader.py", line 61, in render_to_string
    template = get_template(template_name, using=using)
               ^^^^^^^^^^^^^^^^^^^^^^^^^^^^^^^^^^^^^^^^
  File "D:\Lib\site-packages\django\template\loader.py", line 15, in get_template
    return engine.get_template(template_name)
           ^^^^^^^^^^^^^^^^^^^^^^^^^^^^^^^^^^
  File "D:\Lib\site-packages\django\template\backends\django.py", line 33, in get_template
    return Template(self.engine.get_template(template_name), self)
                    ^^^^^^^^^^^^^^^^^^^^^^^^^^^^^^^^^^^^^^^
  File "D:\Lib\site-packages\django\template\engine.py", line 175, in get_template
    template, origin = self.find_template(template_name)
                       ^^^^^^^^^^^^^^^^^^^^^^^^^^^^^^^^^
  File "D:\Lib\site-packages\django\template\engine.py", line 157, in find_template
    template = loader.get_template(name, skip=skip)
               ^^^^^^^^^^^^^^^^^^^^^^^^^^^^^^^^^^^^
  File "D:\Lib\site-packages\django\template\loaders\cached.py", line 57, in get_template
    template = super().get_template(template_name, skip)
               ^^^^^^^^^^^^^^^^^^^^^^^^^^^^^^^^^^^^^^^^^
  File "D:\Lib\site-packages\django\template\loaders\base.py", line 28, in get_template
    return Template(
           ^^^^^^^^^
  File "D:\Lib\site-packages\django\template\base.py", line 154, in __init__
    self.nodelist = self.compile_nodelist()
                    ^^^^^^^^^^^^^^^^^^^^^^^
  File "D:\Lib\site-packages\django\template\base.py", line 200, in compile_nodelist
    return parser.parse()
           ^^^^^^^^^^^^^^
  File "D:\Lib\site-packages\django\template\base.py", line 513, in parse
    raise self.error(token, e)
  File "D:\Lib\site-packages\django\template\base.py", line 511, in parse
    compiled_result = compile_func(self, token)
                      ^^^^^^^^^^^^^^^^^^^^^^^^^
  File "D:\Lib\site-packages\django\template\loader_tags.py", line 293, in do_extends
    nodelist = parser.parse()
               ^^^^^^^^^^^^^^
  File "D:\Lib\site-packages\django\template\base.py", line 507, in parse
    self.invalid_block_tag(token, command, parse_until)
  File "D:\Lib\site-packages\django\template\base.py", line 568, in invalid_block_tag
    raise self.error(
django.template.exceptions.TemplateSyntaxError: Invalid block tag on line 186: 'endblock'. Did you forget to register or load this tag?
ERROR 2026-01-16 16:47:19,854 basehttp 29408 16136 "GET /accounts/register/ HTTP/1.1" 500 183373
WARNING 2026-01-16 16:49:49,913 log 29408 34032 Not Found: /accounts/register/—it
WARNING 2026-01-16 16:49:49,916 basehttp 29408 34032 "GET /accounts/register/%E2%80%94it HTTP/1.1" 404 4668
ERROR 2026-01-16 16:49:56,329 log 29408 34032 Internal Server Error: /accounts/register/
Traceback (most recent call last):
  File "D:\Lib\site-packages\django\template\base.py", line 505, in parse
    compile_func = self.tags[command]
                   ~~~~~~~~~^^^^^^^^^
KeyError: 'endblock'

During handling of the above exception, another exception occurred:

Traceback (most recent call last):
  File "D:\Lib\site-packages\django\core\handlers\exception.py", line 55, in inner
    response = get_response(request)
               ^^^^^^^^^^^^^^^^^^^^^
  File "D:\Lib\site-packages\django\core\handlers\base.py", line 197, in _get_response
    response = wrapped_callback(request, *callback_args, **callback_kwargs)
               ^^^^^^^^^^^^^^^^^^^^^^^^^^^^^^^^^^^^^^^^^^^^^^^^^^^^^^^^^^^^
  File "D:\Lib\contextlib.py", line 81, in inner
    return func(*args, **kwds)
           ^^^^^^^^^^^^^^^^^^^
  File "D:\Lib\site-packages\django\utils\decorators.py", line 134, in _wrapper_view
    response = view_func(request, *args, **kwargs)
               ^^^^^^^^^^^^^^^^^^^^^^^^^^^^^^^^^^^
  File "D:\Lib\site-packages\django\views\decorators\http.py", line 43, in inner
    return func(request, *args, **kwargs)
           ^^^^^^^^^^^^^^^^^^^^^^^^^^^^^^
  File "E:\Resume_Projects\lifedocs\accounts\views.py", line 100, in register_view
    return render(request, 'accounts/register.html')
           ^^^^^^^^^^^^^^^^^^^^^^^^^^^^^^^^^^^^^^^^^
  File "D:\Lib\site-packages\django\shortcuts.py", line 24, in render
    content = loader.render_to_string(template_name, context, request, using=using)
              ^^^^^^^^^^^^^^^^^^^^^^^^^^^^^^^^^^^^^^^^^^^^^^^^^^^^^^^^^^^^^^^^^^^^^
  File "D:\Lib\site-packages\django\template\loader.py", line 61, in render_to_string
    template = get_template(template_name, using=using)
               ^^^^^^^^^^^^^^^^^^^^^^^^^^^^^^^^^^^^^^^^
  File "D:\Lib\site-packages\django\template\loader.py", line 15, in get_template
    return engine.get_template(template_name)
           ^^^^^^^^^^^^^^^^^^^^^^^^^^^^^^^^^^
  File "D:\Lib\site-packages\django\template\backends\django.py", line 33, in get_template
    return Template(self.engine.get_template(template_name), self)
                    ^^^^^^^^^^^^^^^^^^^^^^^^^^^^^^^^^^^^^^^
  File "D:\Lib\site-packages\django\template\engine.py", line 175, in get_template
    template, origin = self.find_template(template_name)
                       ^^^^^^^^^^^^^^^^^^^^^^^^^^^^^^^^^
  File "D:\Lib\site-packages\django\template\engine.py", line 157, in find_template
    template = loader.get_template(name, skip=skip)
               ^^^^^^^^^^^^^^^^^^^^^^^^^^^^^^^^^^^^
  File "D:\Lib\site-packages\django\template\loaders\cached.py", line 57, in get_template
    template = super().get_template(template_name, skip)
               ^^^^^^^^^^^^^^^^^^^^^^^^^^^^^^^^^^^^^^^^^
  File "D:\Lib\site-packages\django\template\loaders\base.py", line 28, in get_template
    return Template(
           ^^^^^^^^^
  File "D:\Lib\site-packages\django\template\base.py", line 154, in __init__
    self.nodelist = self.compile_nodelist()
                    ^^^^^^^^^^^^^^^^^^^^^^^
  File "D:\Lib\site-packages\django\template\base.py", line 200, in compile_nodelist
    return parser.parse()
           ^^^^^^^^^^^^^^
  File "D:\Lib\site-packages\django\template\base.py", line 513, in parse
    raise self.error(token, e)
  File "D:\Lib\site-packages\django\template\base.py", line 511, in parse
    compiled_result = compile_func(self, token)
                      ^^^^^^^^^^^^^^^^^^^^^^^^^
  File "D:\Lib\site-packages\django\template\loader_tags.py", line 293, in do_extends
    nodelist = parser.parse()
               ^^^^^^^^^^^^^^
  File "D:\Lib\site-packages\django\template\base.py", line 507, in parse
    self.invalid_block_tag(token, command, parse_until)
  File "D:\Lib\site-packages\django\template\base.py", line 568, in invalid_block_tag
    raise self.error(
django.template.exceptions.TemplateSyntaxError: Invalid block tag on line 186: 'endblock'. Did you forget to register or load this tag?
ERROR 2026-01-16 16:49:56,345 basehttp 29408 34032 "GET /accounts/register/ HTTP/1.1" 500 183222
ERROR 2026-01-16 16:50:36,262 log 35216 20204 Internal Server Error: /accounts/register/
Traceback (most recent call last):
  File "D:\Lib\site-packages\django\template\base.py", line 505, in parse
    compile_func = self.tags[command]
                   ~~~~~~~~~^^^^^^^^^
KeyError: 'endblock'

During handling of the above exception, another exception occurred:

Traceback (most recent call last):
  File "D:\Lib\site-packages\django\core\handlers\exception.py", line 55, in inner
    response = get_response(request)
               ^^^^^^^^^^^^^^^^^^^^^
  File "D:\Lib\site-packages\django\core\handlers\base.py", line 197, in _get_response
    response = wrapped_callback(request, *callback_args, **callback_kwargs)
               ^^^^^^^^^^^^^^^^^^^^^^^^^^^^^^^^^^^^^^^^^^^^^^^^^^^^^^^^^^^^
  File "D:\Lib\contextlib.py", line 81, in inner
    return func(*args, **kwds)
           ^^^^^^^^^^^^^^^^^^^
  File "D:\Lib\site-packages\django\utils\decorators.py", line 134, in _wrapper_view
    response = view_func(request, *args, **kwargs)
               ^^^^^^^^^^^^^^^^^^^^^^^^^^^^^^^^^^^
  File "D:\Lib\site-packages\django\views\decorators\http.py", line 43, in inner
    return func(request, *args, **kwargs)
           ^^^^^^^^^^^^^^^^^^^^^^^^^^^^^^
  File "E:\Resume_Projects\lifedocs\accounts\views.py", line 100, in register_view
    return render(request, 'accounts/register.html')
           ^^^^^^^^^^^^^^^^^^^^^^^^^^^^^^^^^^^^^^^^^
  File "D:\Lib\site-packages\django\shortcuts.py", line 24, in render
    content = loader.render_to_string(template_name, context, request, using=using)
              ^^^^^^^^^^^^^^^^^^^^^^^^^^^^^^^^^^^^^^^^^^^^^^^^^^^^^^^^^^^^^^^^^^^^^
  File "D:\Lib\site-packages\django\template\loader.py", line 61, in render_to_string
    template = get_template(template_name, using=using)
               ^^^^^^^^^^^^^^^^^^^^^^^^^^^^^^^^^^^^^^^^
  File "D:\Lib\site-packages\django\template\loader.py", line 15, in get_template
    return engine.get_template(template_name)
           ^^^^^^^^^^^^^^^^^^^^^^^^^^^^^^^^^^
  File "D:\Lib\site-packages\django\template\backends\django.py", line 33, in get_template
    return Template(self.engine.get_template(template_name), self)
                    ^^^^^^^^^^^^^^^^^^^^^^^^^^^^^^^^^^^^^^^
  File "D:\Lib\site-packages\django\template\engine.py", line 175, in get_template
    template, origin = self.find_template(template_name)
                       ^^^^^^^^^^^^^^^^^^^^^^^^^^^^^^^^^
  File "D:\Lib\site-packages\django\template\engine.py", line 157, in find_template
    template = loader.get_template(name, skip=skip)
               ^^^^^^^^^^^^^^^^^^^^^^^^^^^^^^^^^^^^
  File "D:\Lib\site-packages\django\template\loaders\cached.py", line 57, in get_template
    template = super().get_template(template_name, skip)
               ^^^^^^^^^^^^^^^^^^^^^^^^^^^^^^^^^^^^^^^^^
  File "D:\Lib\site-packages\django\template\loaders\base.py", line 28, in get_template
    return Template(
           ^^^^^^^^^
  File "D:\Lib\site-packages\django\template\base.py", line 154, in __init__
    self.nodelist = self.compile_nodelist()
                    ^^^^^^^^^^^^^^^^^^^^^^^
  File "D:\Lib\site-packages\django\template\base.py", line 200, in compile_nodelist
    return parser.parse()
           ^^^^^^^^^^^^^^
  File "D:\Lib\site-packages\django\template\base.py", line 513, in parse
    raise self.error(token, e)
  File "D:\Lib\site-packages\django\template\base.py", line 511, in parse
    compiled_result = compile_func(self, token)
                      ^^^^^^^^^^^^^^^^^^^^^^^^^
  File "D:\Lib\site-packages\django\template\loader_tags.py", line 293, in do_extends
    nodelist = parser.parse()
               ^^^^^^^^^^^^^^
  File "D:\Lib\site-packages\django\template\base.py", line 507, in parse
    self.invalid_block_tag(token, command, parse_until)
  File "D:\Lib\site-packages\django\template\base.py", line 568, in invalid_block_tag
    raise self.error(
django.template.exceptions.TemplateSyntaxError: Invalid block tag on line 186: 'endblock'. Did you forget to register or load this tag?
ERROR 2026-01-16 16:50:36,298 basehttp 35216 20204 "GET /accounts/register/ HTTP/1.1" 500 183373
ERROR 2026-01-16 16:53:02,904 log 35216 35512 Internal Server Error: /accounts/register/
Traceback (most recent call last):
  File "D:\Lib\site-packages\django\template\base.py", line 505, in parse
    compile_func = self.tags[command]
                   ~~~~~~~~~^^^^^^^^^
KeyError: 'endblock'

During handling of the above exception, another exception occurred:

Traceback (most recent call last):
  File "D:\Lib\site-packages\django\core\handlers\exception.py", line 55, in inner
    response = get_response(request)
               ^^^^^^^^^^^^^^^^^^^^^
  File "D:\Lib\site-packages\django\core\handlers\base.py", line 197, in _get_response
    response = wrapped_callback(request, *callback_args, **callback_kwargs)
               ^^^^^^^^^^^^^^^^^^^^^^^^^^^^^^^^^^^^^^^^^^^^^^^^^^^^^^^^^^^^
  File "D:\Lib\contextlib.py", line 81, in inner
    return func(*args, **kwds)
           ^^^^^^^^^^^^^^^^^^^
  File "D:\Lib\site-packages\django\utils\decorators.py", line 134, in _wrapper_view
    response = view_func(request, *args, **kwargs)
               ^^^^^^^^^^^^^^^^^^^^^^^^^^^^^^^^^^^
  File "D:\Lib\site-packages\django\views\decorators\http.py", line 43, in inner
    return func(request, *args, **kwargs)
           ^^^^^^^^^^^^^^^^^^^^^^^^^^^^^^
  File "E:\Resume_Projects\lifedocs\accounts\views.py", line 100, in register_view
    return render(request, 'accounts/register.html')
           ^^^^^^^^^^^^^^^^^^^^^^^^^^^^^^^^^^^^^^^^^
  File "D:\Lib\site-packages\django\shortcuts.py", line 24, in render
    content = loader.render_to_string(template_name, context, request, using=using)
              ^^^^^^^^^^^^^^^^^^^^^^^^^^^^^^^^^^^^^^^^^^^^^^^^^^^^^^^^^^^^^^^^^^^^^
  File "D:\Lib\site-packages\django\template\loader.py", line 61, in render_to_string
    template = get_template(template_name, using=using)
               ^^^^^^^^^^^^^^^^^^^^^^^^^^^^^^^^^^^^^^^^
  File "D:\Lib\site-packages\django\template\loader.py", line 15, in get_template
    return engine.get_template(template_name)
           ^^^^^^^^^^^^^^^^^^^^^^^^^^^^^^^^^^
  File "D:\Lib\site-packages\django\template\backends\django.py", line 33, in get_template
    return Template(self.engine.get_template(template_name), self)
                    ^^^^^^^^^^^^^^^^^^^^^^^^^^^^^^^^^^^^^^^
  File "D:\Lib\site-packages\django\template\engine.py", line 175, in get_template
    template, origin = self.find_template(template_name)
                       ^^^^^^^^^^^^^^^^^^^^^^^^^^^^^^^^^
  File "D:\Lib\site-packages\django\template\engine.py", line 157, in find_template
    template = loader.get_template(name, skip=skip)
               ^^^^^^^^^^^^^^^^^^^^^^^^^^^^^^^^^^^^
  File "D:\Lib\site-packages\django\template\loaders\cached.py", line 57, in get_template
    template = super().get_template(template_name, skip)
               ^^^^^^^^^^^^^^^^^^^^^^^^^^^^^^^^^^^^^^^^^
  File "D:\Lib\site-packages\django\template\loaders\base.py", line 28, in get_template
    return Template(
           ^^^^^^^^^
  File "D:\Lib\site-packages\django\template\base.py", line 154, in __init__
    self.nodelist = self.compile_nodelist()
                    ^^^^^^^^^^^^^^^^^^^^^^^
  File "D:\Lib\site-packages\django\template\base.py", line 200, in compile_nodelist
    return parser.parse()
           ^^^^^^^^^^^^^^
  File "D:\Lib\site-packages\django\template\base.py", line 513, in parse
    raise self.error(token, e)
  File "D:\Lib\site-packages\django\template\base.py", line 511, in parse
    compiled_result = compile_func(self, token)
                      ^^^^^^^^^^^^^^^^^^^^^^^^^
  File "D:\Lib\site-packages\django\template\loader_tags.py", line 293, in do_extends
    nodelist = parser.parse()
               ^^^^^^^^^^^^^^
  File "D:\Lib\site-packages\django\template\base.py", line 507, in parse
    self.invalid_block_tag(token, command, parse_until)
  File "D:\Lib\site-packages\django\template\base.py", line 568, in invalid_block_tag
    raise self.error(
django.template.exceptions.TemplateSyntaxError: Invalid block tag on line 186: 'endblock'. Did you forget to register or load this tag?
ERROR 2026-01-16 16:53:02,918 basehttp 35216 35512 "GET /accounts/register/ HTTP/1.1" 500 183510
ERROR 2026-01-16 16:53:05,408 log 35216 25240 Internal Server Error: /accounts/register/
Traceback (most recent call last):
  File "D:\Lib\site-packages\django\template\base.py", line 505, in parse
    compile_func = self.tags[command]
                   ~~~~~~~~~^^^^^^^^^
KeyError: 'endblock'

During handling of the above exception, another exception occurred:

Traceback (most recent call last):
  File "D:\Lib\site-packages\django\core\handlers\exception.py", line 55, in inner
    response = get_response(request)
               ^^^^^^^^^^^^^^^^^^^^^
  File "D:\Lib\site-packages\django\core\handlers\base.py", line 197, in _get_response
    response = wrapped_callback(request, *callback_args, **callback_kwargs)
               ^^^^^^^^^^^^^^^^^^^^^^^^^^^^^^^^^^^^^^^^^^^^^^^^^^^^^^^^^^^^
  File "D:\Lib\contextlib.py", line 81, in inner
    return func(*args, **kwds)
           ^^^^^^^^^^^^^^^^^^^
  File "D:\Lib\site-packages\django\utils\decorators.py", line 134, in _wrapper_view
    response = view_func(request, *args, **kwargs)
               ^^^^^^^^^^^^^^^^^^^^^^^^^^^^^^^^^^^
  File "D:\Lib\site-packages\django\views\decorators\http.py", line 43, in inner
    return func(request, *args, **kwargs)
           ^^^^^^^^^^^^^^^^^^^^^^^^^^^^^^
  File "E:\Resume_Projects\lifedocs\accounts\views.py", line 100, in register_view
    return render(request, 'accounts/register.html')
           ^^^^^^^^^^^^^^^^^^^^^^^^^^^^^^^^^^^^^^^^^
  File "D:\Lib\site-packages\django\shortcuts.py", line 24, in render
    content = loader.render_to_string(template_name, context, request, using=using)
              ^^^^^^^^^^^^^^^^^^^^^^^^^^^^^^^^^^^^^^^^^^^^^^^^^^^^^^^^^^^^^^^^^^^^^
  File "D:\Lib\site-packages\django\template\loader.py", line 61, in render_to_string
    template = get_template(template_name, using=using)
               ^^^^^^^^^^^^^^^^^^^^^^^^^^^^^^^^^^^^^^^^
  File "D:\Lib\site-packages\django\template\loader.py", line 15, in get_template
    return engine.get_template(template_name)
           ^^^^^^^^^^^^^^^^^^^^^^^^^^^^^^^^^^
  File "D:\Lib\site-packages\django\template\backends\django.py", line 33, in get_template
    return Template(self.engine.get_template(template_name), self)
                    ^^^^^^^^^^^^^^^^^^^^^^^^^^^^^^^^^^^^^^^
  File "D:\Lib\site-packages\django\template\engine.py", line 175, in get_template
    template, origin = self.find_template(template_name)
                       ^^^^^^^^^^^^^^^^^^^^^^^^^^^^^^^^^
  File "D:\Lib\site-packages\django\template\engine.py", line 157, in find_template
    template = loader.get_template(name, skip=skip)
               ^^^^^^^^^^^^^^^^^^^^^^^^^^^^^^^^^^^^
  File "D:\Lib\site-packages\django\template\loaders\cached.py", line 57, in get_template
    template = super().get_template(template_name, skip)
               ^^^^^^^^^^^^^^^^^^^^^^^^^^^^^^^^^^^^^^^^^
  File "D:\Lib\site-packages\django\template\loaders\base.py", line 28, in get_template
    return Template(
           ^^^^^^^^^
  File "D:\Lib\site-packages\django\template\base.py", line 154, in __init__
    self.nodelist = self.compile_nodelist()
                    ^^^^^^^^^^^^^^^^^^^^^^^
  File "D:\Lib\site-packages\django\template\base.py", line 200, in compile_nodelist
    return parser.parse()
           ^^^^^^^^^^^^^^
  File "D:\Lib\site-packages\django\template\base.py", line 513, in parse
    raise self.error(token, e)
  File "D:\Lib\site-packages\django\template\base.py", line 511, in parse
    compiled_result = compile_func(self, token)
                      ^^^^^^^^^^^^^^^^^^^^^^^^^
  File "D:\Lib\site-packages\django\template\loader_tags.py", line 293, in do_extends
    nodelist = parser.parse()
               ^^^^^^^^^^^^^^
  File "D:\Lib\site-packages\django\template\base.py", line 507, in parse
    self.invalid_block_tag(token, command, parse_until)
  File "D:\Lib\site-packages\django\template\base.py", line 568, in invalid_block_tag
    raise self.error(
django.template.exceptions.TemplateSyntaxError: Invalid block tag on line 186: 'endblock'. Did you forget to register or load this tag?
ERROR 2026-01-16 16:53:05,423 basehttp 35216 25240 "GET /accounts/register/ HTTP/1.1" 500 183510
ERROR 2026-01-16 16:53:09,263 log 35216 25240 Internal Server Error: /accounts/register/
Traceback (most recent call last):
  File "D:\Lib\site-packages\django\template\base.py", line 505, in parse
    compile_func = self.tags[command]
                   ~~~~~~~~~^^^^^^^^^
KeyError: 'endblock'

During handling of the above exception, another exception occurred:

Traceback (most recent call last):
  File "D:\Lib\site-packages\django\core\handlers\exception.py", line 55, in inner
    response = get_response(request)
               ^^^^^^^^^^^^^^^^^^^^^
  File "D:\Lib\site-packages\django\core\handlers\base.py", line 197, in _get_response
    response = wrapped_callback(request, *callback_args, **callback_kwargs)
               ^^^^^^^^^^^^^^^^^^^^^^^^^^^^^^^^^^^^^^^^^^^^^^^^^^^^^^^^^^^^
  File "D:\Lib\contextlib.py", line 81, in inner
    return func(*args, **kwds)
           ^^^^^^^^^^^^^^^^^^^
  File "D:\Lib\site-packages\django\utils\decorators.py", line 134, in _wrapper_view
    response = view_func(request, *args, **kwargs)
               ^^^^^^^^^^^^^^^^^^^^^^^^^^^^^^^^^^^
  File "D:\Lib\site-packages\django\views\decorators\http.py", line 43, in inner
    return func(request, *args, **kwargs)
           ^^^^^^^^^^^^^^^^^^^^^^^^^^^^^^
  File "E:\Resume_Projects\lifedocs\accounts\views.py", line 100, in register_view
    return render(request, 'accounts/register.html')
           ^^^^^^^^^^^^^^^^^^^^^^^^^^^^^^^^^^^^^^^^^
  File "D:\Lib\site-packages\django\shortcuts.py", line 24, in render
    content = loader.render_to_string(template_name, context, request, using=using)
              ^^^^^^^^^^^^^^^^^^^^^^^^^^^^^^^^^^^^^^^^^^^^^^^^^^^^^^^^^^^^^^^^^^^^^
  File "D:\Lib\site-packages\django\template\loader.py", line 61, in render_to_string
    template = get_template(template_name, using=using)
               ^^^^^^^^^^^^^^^^^^^^^^^^^^^^^^^^^^^^^^^^
  File "D:\Lib\site-packages\django\template\loader.py", line 15, in get_template
    return engine.get_template(template_name)
           ^^^^^^^^^^^^^^^^^^^^^^^^^^^^^^^^^^
  File "D:\Lib\site-packages\django\template\backends\django.py", line 33, in get_template
    return Template(self.engine.get_template(template_name), self)
                    ^^^^^^^^^^^^^^^^^^^^^^^^^^^^^^^^^^^^^^^
  File "D:\Lib\site-packages\django\template\engine.py", line 175, in get_template
    template, origin = self.find_template(template_name)
                       ^^^^^^^^^^^^^^^^^^^^^^^^^^^^^^^^^
  File "D:\Lib\site-packages\django\template\engine.py", line 157, in find_template
    template = loader.get_template(name, skip=skip)
               ^^^^^^^^^^^^^^^^^^^^^^^^^^^^^^^^^^^^
  File "D:\Lib\site-packages\django\template\loaders\cached.py", line 57, in get_template
    template = super().get_template(template_name, skip)
               ^^^^^^^^^^^^^^^^^^^^^^^^^^^^^^^^^^^^^^^^^
  File "D:\Lib\site-packages\django\template\loaders\base.py", line 28, in get_template
    return Template(
           ^^^^^^^^^
  File "D:\Lib\site-packages\django\template\base.py", line 154, in __init__
    self.nodelist = self.compile_nodelist()
                    ^^^^^^^^^^^^^^^^^^^^^^^
  File "D:\Lib\site-packages\django\template\base.py", line 200, in compile_nodelist
    return parser.parse()
           ^^^^^^^^^^^^^^
  File "D:\Lib\site-packages\django\template\base.py", line 513, in parse
    raise self.error(token, e)
  File "D:\Lib\site-packages\django\template\base.py", line 511, in parse
    compiled_result = compile_func(self, token)
                      ^^^^^^^^^^^^^^^^^^^^^^^^^
  File "D:\Lib\site-packages\django\template\loader_tags.py", line 293, in do_extends
    nodelist = parser.parse()
               ^^^^^^^^^^^^^^
  File "D:\Lib\site-packages\django\template\base.py", line 507, in parse
    self.invalid_block_tag(token, command, parse_until)
  File "D:\Lib\site-packages\django\template\base.py", line 568, in invalid_block_tag
    raise self.error(
django.template.exceptions.TemplateSyntaxError: Invalid block tag on line 186: 'endblock'. Did you forget to register or load this tag?
ERROR 2026-01-16 16:53:09,277 basehttp 35216 25240 "GET /accounts/register/ HTTP/1.1" 500 183638
WARNING 2026-01-16 16:53:09,827 log 35216 25240 Not Found: /favicon.ico
WARNING 2026-01-16 16:53:09,830 basehttp 35216 25240 "GET /favicon.ico HTTP/1.1" 404 3019
ERROR 2026-01-16 16:57:38,068 log 36468 18028 Internal Server Error: /accounts/register/
Traceback (most recent call last):
  File "D:\Lib\site-packages\django\template\base.py", line 505, in parse
    compile_func = self.tags[command]
                   ~~~~~~~~~^^^^^^^^^
KeyError: 'endblock'

During handling of the above exception, another exception occurred:

Traceback (most recent call last):
  File "D:\Lib\site-packages\django\core\handlers\exception.py", line 55, in inner
    response = get_response(request)
               ^^^^^^^^^^^^^^^^^^^^^
  File "D:\Lib\site-packages\django\core\handlers\base.py", line 197, in _get_response
    response = wrapped_callback(request, *callback_args, **callback_kwargs)
               ^^^^^^^^^^^^^^^^^^^^^^^^^^^^^^^^^^^^^^^^^^^^^^^^^^^^^^^^^^^^
  File "D:\Lib\contextlib.py", line 81, in inner
    return func(*args, **kwds)
           ^^^^^^^^^^^^^^^^^^^
  File "D:\Lib\site-packages\django\utils\decorators.py", line 134, in _wrapper_view
    response = view_func(request, *args, **kwargs)
               ^^^^^^^^^^^^^^^^^^^^^^^^^^^^^^^^^^^
  File "D:\Lib\site-packages\django\views\decorators\http.py", line 43, in inner
    return func(request, *args, **kwargs)
           ^^^^^^^^^^^^^^^^^^^^^^^^^^^^^^
  File "E:\Resume_Projects\lifedocs\accounts\views.py", line 100, in register_view
    return render(request, 'accounts/register.html')
           ^^^^^^^^^^^^^^^^^^^^^^^^^^^^^^^^^^^^^^^^^
  File "D:\Lib\site-packages\django\shortcuts.py", line 24, in render
    content = loader.render_to_string(template_name, context, request, using=using)
              ^^^^^^^^^^^^^^^^^^^^^^^^^^^^^^^^^^^^^^^^^^^^^^^^^^^^^^^^^^^^^^^^^^^^^
  File "D:\Lib\site-packages\django\template\loader.py", line 61, in render_to_string
    template = get_template(template_name, using=using)
               ^^^^^^^^^^^^^^^^^^^^^^^^^^^^^^^^^^^^^^^^
  File "D:\Lib\site-packages\django\template\loader.py", line 15, in get_template
    return engine.get_template(template_name)
           ^^^^^^^^^^^^^^^^^^^^^^^^^^^^^^^^^^
  File "D:\Lib\site-packages\django\template\backends\django.py", line 33, in get_template
    return Template(self.engine.get_template(template_name), self)
                    ^^^^^^^^^^^^^^^^^^^^^^^^^^^^^^^^^^^^^^^
  File "D:\Lib\site-packages\django\template\engine.py", line 175, in get_template
    template, origin = self.find_template(template_name)
                       ^^^^^^^^^^^^^^^^^^^^^^^^^^^^^^^^^
  File "D:\Lib\site-packages\django\template\engine.py", line 157, in find_template
    template = loader.get_template(name, skip=skip)
               ^^^^^^^^^^^^^^^^^^^^^^^^^^^^^^^^^^^^
  File "D:\Lib\site-packages\django\template\loaders\cached.py", line 57, in get_template
    template = super().get_template(template_name, skip)
               ^^^^^^^^^^^^^^^^^^^^^^^^^^^^^^^^^^^^^^^^^
  File "D:\Lib\site-packages\django\template\loaders\base.py", line 28, in get_template
    return Template(
           ^^^^^^^^^
  File "D:\Lib\site-packages\django\template\base.py", line 154, in __init__
    self.nodelist = self.compile_nodelist()
                    ^^^^^^^^^^^^^^^^^^^^^^^
  File "D:\Lib\site-packages\django\template\base.py", line 200, in compile_nodelist
    return parser.parse()
           ^^^^^^^^^^^^^^
  File "D:\Lib\site-packages\django\template\base.py", line 513, in parse
    raise self.error(token, e)
  File "D:\Lib\site-packages\django\template\base.py", line 511, in parse
    compiled_result = compile_func(self, token)
                      ^^^^^^^^^^^^^^^^^^^^^^^^^
  File "D:\Lib\site-packages\django\template\loader_tags.py", line 293, in do_extends
    nodelist = parser.parse()
               ^^^^^^^^^^^^^^
  File "D:\Lib\site-packages\django\template\base.py", line 507, in parse
    self.invalid_block_tag(token, command, parse_until)
  File "D:\Lib\site-packages\django\template\base.py", line 568, in invalid_block_tag
    raise self.error(
django.template.exceptions.TemplateSyntaxError: Invalid block tag on line 186: 'endblock'. Did you forget to register or load this tag?
ERROR 2026-01-16 16:57:38,114 basehttp 36468 18028 "GET /accounts/register/ HTTP/1.1" 500 182853
ERROR 2026-01-16 17:04:11,443 log 36468 3844 Internal Server Error: /accounts/register/
Traceback (most recent call last):
  File "D:\Lib\site-packages\django\template\base.py", line 505, in parse
    compile_func = self.tags[command]
                   ~~~~~~~~~^^^^^^^^^
KeyError: 'endblock'

During handling of the above exception, another exception occurred:

Traceback (most recent call last):
  File "D:\Lib\site-packages\django\core\handlers\exception.py", line 55, in inner
    response = get_response(request)
               ^^^^^^^^^^^^^^^^^^^^^
  File "D:\Lib\site-packages\django\core\handlers\base.py", line 197, in _get_response
    response = wrapped_callback(request, *callback_args, **callback_kwargs)
               ^^^^^^^^^^^^^^^^^^^^^^^^^^^^^^^^^^^^^^^^^^^^^^^^^^^^^^^^^^^^
  File "D:\Lib\contextlib.py", line 81, in inner
    return func(*args, **kwds)
           ^^^^^^^^^^^^^^^^^^^
  File "D:\Lib\site-packages\django\utils\decorators.py", line 134, in _wrapper_view
    response = view_func(request, *args, **kwargs)
               ^^^^^^^^^^^^^^^^^^^^^^^^^^^^^^^^^^^
  File "D:\Lib\site-packages\django\views\decorators\http.py", line 43, in inner
    return func(request, *args, **kwargs)
           ^^^^^^^^^^^^^^^^^^^^^^^^^^^^^^
  File "E:\Resume_Projects\lifedocs\accounts\views.py", line 100, in register_view
    return render(request, 'accounts/register.html')
           ^^^^^^^^^^^^^^^^^^^^^^^^^^^^^^^^^^^^^^^^^
  File "D:\Lib\site-packages\django\shortcuts.py", line 24, in render
    content = loader.render_to_string(template_name, context, request, using=using)
              ^^^^^^^^^^^^^^^^^^^^^^^^^^^^^^^^^^^^^^^^^^^^^^^^^^^^^^^^^^^^^^^^^^^^^
  File "D:\Lib\site-packages\django\template\loader.py", line 61, in render_to_string
    template = get_template(template_name, using=using)
               ^^^^^^^^^^^^^^^^^^^^^^^^^^^^^^^^^^^^^^^^
  File "D:\Lib\site-packages\django\template\loader.py", line 15, in get_template
    return engine.get_template(template_name)
           ^^^^^^^^^^^^^^^^^^^^^^^^^^^^^^^^^^
  File "D:\Lib\site-packages\django\template\backends\django.py", line 33, in get_template
    return Template(self.engine.get_template(template_name), self)
                    ^^^^^^^^^^^^^^^^^^^^^^^^^^^^^^^^^^^^^^^
  File "D:\Lib\site-packages\django\template\engine.py", line 175, in get_template
    template, origin = self.find_template(template_name)
                       ^^^^^^^^^^^^^^^^^^^^^^^^^^^^^^^^^
  File "D:\Lib\site-packages\django\template\engine.py", line 157, in find_template
    template = loader.get_template(name, skip=skip)
               ^^^^^^^^^^^^^^^^^^^^^^^^^^^^^^^^^^^^
  File "D:\Lib\site-packages\django\template\loaders\cached.py", line 57, in get_template
    template = super().get_template(template_name, skip)
               ^^^^^^^^^^^^^^^^^^^^^^^^^^^^^^^^^^^^^^^^^
  File "D:\Lib\site-packages\django\template\loaders\base.py", line 28, in get_template
    return Template(
           ^^^^^^^^^
  File "D:\Lib\site-packages\django\template\base.py", line 154, in __init__
    self.nodelist = self.compile_nodelist()
                    ^^^^^^^^^^^^^^^^^^^^^^^
  File "D:\Lib\site-packages\django\template\base.py", line 200, in compile_nodelist
    return parser.parse()
           ^^^^^^^^^^^^^^
  File "D:\Lib\site-packages\django\template\base.py", line 513, in parse
    raise self.error(token, e)
  File "D:\Lib\site-packages\django\template\base.py", line 511, in parse
    compiled_result = compile_func(self, token)
                      ^^^^^^^^^^^^^^^^^^^^^^^^^
  File "D:\Lib\site-packages\django\template\loader_tags.py", line 293, in do_extends
    nodelist = parser.parse()
               ^^^^^^^^^^^^^^
  File "D:\Lib\site-packages\django\template\base.py", line 507, in parse
    self.invalid_block_tag(token, command, parse_until)
  File "D:\Lib\site-packages\django\template\base.py", line 568, in invalid_block_tag
    raise self.error(
django.template.exceptions.TemplateSyntaxError: Invalid block tag on line 186: 'endblock'. Did you forget to register or load this tag?
ERROR 2026-01-16 17:04:11,540 basehttp 36468 3844 "GET /accounts/register/ HTTP/1.1" 500 182853
ERROR 2026-01-16 17:05:16,725 log 18412 15132 Internal Server Error: /accounts/register/
Traceback (most recent call last):
  File "D:\Lib\site-packages\django\template\base.py", line 505, in parse
    compile_func = self.tags[command]
                   ~~~~~~~~~^^^^^^^^^
KeyError: 'endblock'

During handling of the above exception, another exception occurred:

Traceback (most recent call last):
  File "D:\Lib\site-packages\django\core\handlers\exception.py", line 55, in inner
    response = get_response(request)
               ^^^^^^^^^^^^^^^^^^^^^
  File "D:\Lib\site-packages\django\core\handlers\base.py", line 197, in _get_response
    response = wrapped_callback(request, *callback_args, **callback_kwargs)
               ^^^^^^^^^^^^^^^^^^^^^^^^^^^^^^^^^^^^^^^^^^^^^^^^^^^^^^^^^^^^
  File "D:\Lib\contextlib.py", line 81, in inner
    return func(*args, **kwds)
           ^^^^^^^^^^^^^^^^^^^
  File "D:\Lib\site-packages\django\utils\decorators.py", line 134, in _wrapper_view
    response = view_func(request, *args, **kwargs)
               ^^^^^^^^^^^^^^^^^^^^^^^^^^^^^^^^^^^
  File "D:\Lib\site-packages\django\views\decorators\http.py", line 43, in inner
    return func(request, *args, **kwargs)
           ^^^^^^^^^^^^^^^^^^^^^^^^^^^^^^
  File "E:\Resume_Projects\lifedocs\accounts\views.py", line 100, in register_view
    return render(request, 'accounts/register.html')
           ^^^^^^^^^^^^^^^^^^^^^^^^^^^^^^^^^^^^^^^^^
  File "D:\Lib\site-packages\django\shortcuts.py", line 24, in render
    content = loader.render_to_string(template_name, context, request, using=using)
              ^^^^^^^^^^^^^^^^^^^^^^^^^^^^^^^^^^^^^^^^^^^^^^^^^^^^^^^^^^^^^^^^^^^^^
  File "D:\Lib\site-packages\django\template\loader.py", line 61, in render_to_string
    template = get_template(template_name, using=using)
               ^^^^^^^^^^^^^^^^^^^^^^^^^^^^^^^^^^^^^^^^
  File "D:\Lib\site-packages\django\template\loader.py", line 15, in get_template
    return engine.get_template(template_name)
           ^^^^^^^^^^^^^^^^^^^^^^^^^^^^^^^^^^
  File "D:\Lib\site-packages\django\template\backends\django.py", line 33, in get_template
    return Template(self.engine.get_template(template_name), self)
                    ^^^^^^^^^^^^^^^^^^^^^^^^^^^^^^^^^^^^^^^
  File "D:\Lib\site-packages\django\template\engine.py", line 175, in get_template
    template, origin = self.find_template(template_name)
                       ^^^^^^^^^^^^^^^^^^^^^^^^^^^^^^^^^
  File "D:\Lib\site-packages\django\template\engine.py", line 157, in find_template
    template = loader.get_template(name, skip=skip)
               ^^^^^^^^^^^^^^^^^^^^^^^^^^^^^^^^^^^^
  File "D:\Lib\site-packages\django\template\loaders\cached.py", line 57, in get_template
    template = super().get_template(template_name, skip)
               ^^^^^^^^^^^^^^^^^^^^^^^^^^^^^^^^^^^^^^^^^
  File "D:\Lib\site-packages\django\template\loaders\base.py", line 28, in get_template
    return Template(
           ^^^^^^^^^
  File "D:\Lib\site-packages\django\template\base.py", line 154, in __init__
    self.nodelist = self.compile_nodelist()
                    ^^^^^^^^^^^^^^^^^^^^^^^
  File "D:\Lib\site-packages\django\template\base.py", line 200, in compile_nodelist
    return parser.parse()
           ^^^^^^^^^^^^^^
  File "D:\Lib\site-packages\django\template\base.py", line 513, in parse
    raise self.error(token, e)
  File "D:\Lib\site-packages\django\template\base.py", line 511, in parse
    compiled_result = compile_func(self, token)
                      ^^^^^^^^^^^^^^^^^^^^^^^^^
  File "D:\Lib\site-packages\django\template\loader_tags.py", line 293, in do_extends
    nodelist = parser.parse()
               ^^^^^^^^^^^^^^
  File "D:\Lib\site-packages\django\template\base.py", line 507, in parse
    self.invalid_block_tag(token, command, parse_until)
  File "D:\Lib\site-packages\django\template\base.py", line 568, in invalid_block_tag
    raise self.error(
django.template.exceptions.TemplateSyntaxError: Invalid block tag on line 186: 'endblock'. Did you forget to register or load this tag?
ERROR 2026-01-16 17:05:16,766 basehttp 18412 15132 "GET /accounts/register/ HTTP/1.1" 500 182852
ERROR 2026-01-16 17:06:48,721 log 18412 36564 Internal Server Error: /accounts/register/
Traceback (most recent call last):
  File "D:\Lib\site-packages\django\template\base.py", line 505, in parse
    compile_func = self.tags[command]
                   ~~~~~~~~~^^^^^^^^^
KeyError: 'endblock'

During handling of the above exception, another exception occurred:

Traceback (most recent call last):
  File "D:\Lib\site-packages\django\core\handlers\exception.py", line 55, in inner
    response = get_response(request)
               ^^^^^^^^^^^^^^^^^^^^^
  File "D:\Lib\site-packages\django\core\handlers\base.py", line 197, in _get_response
    response = wrapped_callback(request, *callback_args, **callback_kwargs)
               ^^^^^^^^^^^^^^^^^^^^^^^^^^^^^^^^^^^^^^^^^^^^^^^^^^^^^^^^^^^^
  File "D:\Lib\contextlib.py", line 81, in inner
    return func(*args, **kwds)
           ^^^^^^^^^^^^^^^^^^^
  File "D:\Lib\site-packages\django\utils\decorators.py", line 134, in _wrapper_view
    response = view_func(request, *args, **kwargs)
               ^^^^^^^^^^^^^^^^^^^^^^^^^^^^^^^^^^^
  File "D:\Lib\site-packages\django\views\decorators\http.py", line 43, in inner
    return func(request, *args, **kwargs)
           ^^^^^^^^^^^^^^^^^^^^^^^^^^^^^^
  File "E:\Resume_Projects\lifedocs\accounts\views.py", line 100, in register_view
    return render(request, 'accounts/register.html')
           ^^^^^^^^^^^^^^^^^^^^^^^^^^^^^^^^^^^^^^^^^
  File "D:\Lib\site-packages\django\shortcuts.py", line 24, in render
    content = loader.render_to_string(template_name, context, request, using=using)
              ^^^^^^^^^^^^^^^^^^^^^^^^^^^^^^^^^^^^^^^^^^^^^^^^^^^^^^^^^^^^^^^^^^^^^
  File "D:\Lib\site-packages\django\template\loader.py", line 61, in render_to_string
    template = get_template(template_name, using=using)
               ^^^^^^^^^^^^^^^^^^^^^^^^^^^^^^^^^^^^^^^^
  File "D:\Lib\site-packages\django\template\loader.py", line 15, in get_template
    return engine.get_template(template_name)
           ^^^^^^^^^^^^^^^^^^^^^^^^^^^^^^^^^^
  File "D:\Lib\site-packages\django\template\backends\django.py", line 33, in get_template
    return Template(self.engine.get_template(template_name), self)
                    ^^^^^^^^^^^^^^^^^^^^^^^^^^^^^^^^^^^^^^^
  File "D:\Lib\site-packages\django\template\engine.py", line 175, in get_template
    template, origin = self.find_template(template_name)
                       ^^^^^^^^^^^^^^^^^^^^^^^^^^^^^^^^^
  File "D:\Lib\site-packages\django\template\engine.py", line 157, in find_template
    template = loader.get_template(name, skip=skip)
               ^^^^^^^^^^^^^^^^^^^^^^^^^^^^^^^^^^^^
  File "D:\Lib\site-packages\django\template\loaders\cached.py", line 57, in get_template
    template = super().get_template(template_name, skip)
               ^^^^^^^^^^^^^^^^^^^^^^^^^^^^^^^^^^^^^^^^^
  File "D:\Lib\site-packages\django\template\loaders\base.py", line 28, in get_template
    return Template(
           ^^^^^^^^^
  File "D:\Lib\site-packages\django\template\base.py", line 154, in __init__
    self.nodelist = self.compile_nodelist()
                    ^^^^^^^^^^^^^^^^^^^^^^^
  File "D:\Lib\site-packages\django\template\base.py", line 200, in compile_nodelist
    return parser.parse()
           ^^^^^^^^^^^^^^
  File "D:\Lib\site-packages\django\template\base.py", line 513, in parse
    raise self.error(token, e)
  File "D:\Lib\site-packages\django\template\base.py", line 511, in parse
    compiled_result = compile_func(self, token)
                      ^^^^^^^^^^^^^^^^^^^^^^^^^
  File "D:\Lib\site-packages\django\template\loader_tags.py", line 293, in do_extends
    nodelist = parser.parse()
               ^^^^^^^^^^^^^^
  File "D:\Lib\site-packages\django\template\base.py", line 507, in parse
    self.invalid_block_tag(token, command, parse_until)
  File "D:\Lib\site-packages\django\template\base.py", line 568, in invalid_block_tag
    raise self.error(
django.template.exceptions.TemplateSyntaxError: Invalid block tag on line 186: 'endblock'. Did you forget to register or load this tag?
ERROR 2026-01-16 17:06:48,742 basehttp 18412 36564 "GET /accounts/register/ HTTP/1.1" 500 182852
ERROR 2026-01-16 17:08:48,407 log 18412 37632 Internal Server Error: /accounts/register/
Traceback (most recent call last):
  File "D:\Lib\site-packages\django\template\base.py", line 505, in parse
    compile_func = self.tags[command]
                   ~~~~~~~~~^^^^^^^^^
KeyError: 'endblock'

During handling of the above exception, another exception occurred:

Traceback (most recent call last):
  File "D:\Lib\site-packages\django\core\handlers\exception.py", line 55, in inner
    response = get_response(request)
               ^^^^^^^^^^^^^^^^^^^^^
  File "D:\Lib\site-packages\django\core\handlers\base.py", line 197, in _get_response
    response = wrapped_callback(request, *callback_args, **callback_kwargs)
               ^^^^^^^^^^^^^^^^^^^^^^^^^^^^^^^^^^^^^^^^^^^^^^^^^^^^^^^^^^^^
  File "D:\Lib\contextlib.py", line 81, in inner
    return func(*args, **kwds)
           ^^^^^^^^^^^^^^^^^^^
  File "D:\Lib\site-packages\django\utils\decorators.py", line 134, in _wrapper_view
    response = view_func(request, *args, **kwargs)
               ^^^^^^^^^^^^^^^^^^^^^^^^^^^^^^^^^^^
  File "D:\Lib\site-packages\django\views\decorators\http.py", line 43, in inner
    return func(request, *args, **kwargs)
           ^^^^^^^^^^^^^^^^^^^^^^^^^^^^^^
  File "E:\Resume_Projects\lifedocs\accounts\views.py", line 100, in register_view
    return render(request, 'accounts/register.html')
           ^^^^^^^^^^^^^^^^^^^^^^^^^^^^^^^^^^^^^^^^^
  File "D:\Lib\site-packages\django\shortcuts.py", line 24, in render
    content = loader.render_to_string(template_name, context, request, using=using)
              ^^^^^^^^^^^^^^^^^^^^^^^^^^^^^^^^^^^^^^^^^^^^^^^^^^^^^^^^^^^^^^^^^^^^^
  File "D:\Lib\site-packages\django\template\loader.py", line 61, in render_to_string
    template = get_template(template_name, using=using)
               ^^^^^^^^^^^^^^^^^^^^^^^^^^^^^^^^^^^^^^^^
  File "D:\Lib\site-packages\django\template\loader.py", line 15, in get_template
    return engine.get_template(template_name)
           ^^^^^^^^^^^^^^^^^^^^^^^^^^^^^^^^^^
  File "D:\Lib\site-packages\django\template\backends\django.py", line 33, in get_template
    return Template(self.engine.get_template(template_name), self)
                    ^^^^^^^^^^^^^^^^^^^^^^^^^^^^^^^^^^^^^^^
  File "D:\Lib\site-packages\django\template\engine.py", line 175, in get_template
    template, origin = self.find_template(template_name)
                       ^^^^^^^^^^^^^^^^^^^^^^^^^^^^^^^^^
  File "D:\Lib\site-packages\django\template\engine.py", line 157, in find_template
    template = loader.get_template(name, skip=skip)
               ^^^^^^^^^^^^^^^^^^^^^^^^^^^^^^^^^^^^
  File "D:\Lib\site-packages\django\template\loaders\cached.py", line 57, in get_template
    template = super().get_template(template_name, skip)
               ^^^^^^^^^^^^^^^^^^^^^^^^^^^^^^^^^^^^^^^^^
  File "D:\Lib\site-packages\django\template\loaders\base.py", line 28, in get_template
    return Template(
           ^^^^^^^^^
  File "D:\Lib\site-packages\django\template\base.py", line 154, in __init__
    self.nodelist = self.compile_nodelist()
                    ^^^^^^^^^^^^^^^^^^^^^^^
  File "D:\Lib\site-packages\django\template\base.py", line 200, in compile_nodelist
    return parser.parse()
           ^^^^^^^^^^^^^^
  File "D:\Lib\site-packages\django\template\base.py", line 513, in parse
    raise self.error(token, e)
  File "D:\Lib\site-packages\django\template\base.py", line 511, in parse
    compiled_result = compile_func(self, token)
                      ^^^^^^^^^^^^^^^^^^^^^^^^^
  File "D:\Lib\site-packages\django\template\loader_tags.py", line 293, in do_extends
    nodelist = parser.parse()
               ^^^^^^^^^^^^^^
  File "D:\Lib\site-packages\django\template\base.py", line 507, in parse
    self.invalid_block_tag(token, command, parse_until)
  File "D:\Lib\site-packages\django\template\base.py", line 568, in invalid_block_tag
    raise self.error(
django.template.exceptions.TemplateSyntaxError: Invalid block tag on line 186: 'endblock'. Did you forget to register or load this tag?
ERROR 2026-01-16 17:08:48,420 basehttp 18412 37632 "GET /accounts/register/ HTTP/1.1" 500 182852
ERROR 2026-01-16 17:16:11,595 log 18412 35468 Internal Server Error: /accounts/register/
Traceback (most recent call last):
  File "D:\Lib\site-packages\django\template\base.py", line 505, in parse
    compile_func = self.tags[command]
                   ~~~~~~~~~^^^^^^^^^
KeyError: 'endblock'

During handling of the above exception, another exception occurred:

Traceback (most recent call last):
  File "D:\Lib\site-packages\django\core\handlers\exception.py", line 55, in inner
    response = get_response(request)
               ^^^^^^^^^^^^^^^^^^^^^
  File "D:\Lib\site-packages\django\core\handlers\base.py", line 197, in _get_response
    response = wrapped_callback(request, *callback_args, **callback_kwargs)
               ^^^^^^^^^^^^^^^^^^^^^^^^^^^^^^^^^^^^^^^^^^^^^^^^^^^^^^^^^^^^
  File "D:\Lib\contextlib.py", line 81, in inner
    return func(*args, **kwds)
           ^^^^^^^^^^^^^^^^^^^
  File "D:\Lib\site-packages\django\utils\decorators.py", line 134, in _wrapper_view
    response = view_func(request, *args, **kwargs)
               ^^^^^^^^^^^^^^^^^^^^^^^^^^^^^^^^^^^
  File "D:\Lib\site-packages\django\views\decorators\http.py", line 43, in inner
    return func(request, *args, **kwargs)
           ^^^^^^^^^^^^^^^^^^^^^^^^^^^^^^
  File "E:\Resume_Projects\lifedocs\accounts\views.py", line 100, in register_view
    return render(request, 'accounts/register.html')
           ^^^^^^^^^^^^^^^^^^^^^^^^^^^^^^^^^^^^^^^^^
  File "D:\Lib\site-packages\django\shortcuts.py", line 24, in render
    content = loader.render_to_string(template_name, context, request, using=using)
              ^^^^^^^^^^^^^^^^^^^^^^^^^^^^^^^^^^^^^^^^^^^^^^^^^^^^^^^^^^^^^^^^^^^^^
  File "D:\Lib\site-packages\django\template\loader.py", line 61, in render_to_string
    template = get_template(template_name, using=using)
               ^^^^^^^^^^^^^^^^^^^^^^^^^^^^^^^^^^^^^^^^
  File "D:\Lib\site-packages\django\template\loader.py", line 15, in get_template
    return engine.get_template(template_name)
           ^^^^^^^^^^^^^^^^^^^^^^^^^^^^^^^^^^
  File "D:\Lib\site-packages\django\template\backends\django.py", line 33, in get_template
    return Template(self.engine.get_template(template_name), self)
                    ^^^^^^^^^^^^^^^^^^^^^^^^^^^^^^^^^^^^^^^
  File "D:\Lib\site-packages\django\template\engine.py", line 175, in get_template
    template, origin = self.find_template(template_name)
                       ^^^^^^^^^^^^^^^^^^^^^^^^^^^^^^^^^
  File "D:\Lib\site-packages\django\template\engine.py", line 157, in find_template
    template = loader.get_template(name, skip=skip)
               ^^^^^^^^^^^^^^^^^^^^^^^^^^^^^^^^^^^^
  File "D:\Lib\site-packages\django\template\loaders\cached.py", line 57, in get_template
    template = super().get_template(template_name, skip)
               ^^^^^^^^^^^^^^^^^^^^^^^^^^^^^^^^^^^^^^^^^
  File "D:\Lib\site-packages\django\template\loaders\base.py", line 28, in get_template
    return Template(
           ^^^^^^^^^
  File "D:\Lib\site-packages\django\template\base.py", line 154, in __init__
    self.nodelist = self.compile_nodelist()
                    ^^^^^^^^^^^^^^^^^^^^^^^
  File "D:\Lib\site-packages\django\template\base.py", line 200, in compile_nodelist
    return parser.parse()
           ^^^^^^^^^^^^^^
  File "D:\Lib\site-packages\django\template\base.py", line 513, in parse
    raise self.error(token, e)
  File "D:\Lib\site-packages\django\template\base.py", line 511, in parse
    compiled_result = compile_func(self, token)
                      ^^^^^^^^^^^^^^^^^^^^^^^^^
  File "D:\Lib\site-packages\django\template\loader_tags.py", line 293, in do_extends
    nodelist = parser.parse()
               ^^^^^^^^^^^^^^
  File "D:\Lib\site-packages\django\template\base.py", line 507, in parse
    self.invalid_block_tag(token, command, parse_until)
  File "D:\Lib\site-packages\django\template\base.py", line 568, in invalid_block_tag
    raise self.error(
django.template.exceptions.TemplateSyntaxError: Invalid block tag on line 186: 'endblock'. Did you forget to register or load this tag?
ERROR 2026-01-16 17:16:11,763 basehttp 18412 35468 "GET /accounts/register/ HTTP/1.1" 500 182989
ERROR 2026-01-16 17:22:20,444 log 18412 5308 Internal Server Error: /accounts/register/
Traceback (most recent call last):
  File "D:\Lib\site-packages\django\template\base.py", line 505, in parse
    compile_func = self.tags[command]
                   ~~~~~~~~~^^^^^^^^^
KeyError: 'endblock'

During handling of the above exception, another exception occurred:

Traceback (most recent call last):
  File "D:\Lib\site-packages\django\core\handlers\exception.py", line 55, in inner
    response = get_response(request)
               ^^^^^^^^^^^^^^^^^^^^^
  File "D:\Lib\site-packages\django\core\handlers\base.py", line 197, in _get_response
    response = wrapped_callback(request, *callback_args, **callback_kwargs)
               ^^^^^^^^^^^^^^^^^^^^^^^^^^^^^^^^^^^^^^^^^^^^^^^^^^^^^^^^^^^^
  File "D:\Lib\contextlib.py", line 81, in inner
    return func(*args, **kwds)
           ^^^^^^^^^^^^^^^^^^^
  File "D:\Lib\site-packages\django\utils\decorators.py", line 134, in _wrapper_view
    response = view_func(request, *args, **kwargs)
               ^^^^^^^^^^^^^^^^^^^^^^^^^^^^^^^^^^^
  File "D:\Lib\site-packages\django\views\decorators\http.py", line 43, in inner
    return func(request, *args, **kwargs)
           ^^^^^^^^^^^^^^^^^^^^^^^^^^^^^^
  File "E:\Resume_Projects\lifedocs\accounts\views.py", line 100, in register_view
    return render(request, 'accounts/register.html')
           ^^^^^^^^^^^^^^^^^^^^^^^^^^^^^^^^^^^^^^^^^
  File "D:\Lib\site-packages\django\shortcuts.py", line 24, in render
    content = loader.render_to_string(template_name, context, request, using=using)
              ^^^^^^^^^^^^^^^^^^^^^^^^^^^^^^^^^^^^^^^^^^^^^^^^^^^^^^^^^^^^^^^^^^^^^
  File "D:\Lib\site-packages\django\template\loader.py", line 61, in render_to_string
    template = get_template(template_name, using=using)
               ^^^^^^^^^^^^^^^^^^^^^^^^^^^^^^^^^^^^^^^^
  File "D:\Lib\site-packages\django\template\loader.py", line 15, in get_template
    return engine.get_template(template_name)
           ^^^^^^^^^^^^^^^^^^^^^^^^^^^^^^^^^^
  File "D:\Lib\site-packages\django\template\backends\django.py", line 33, in get_template
    return Template(self.engine.get_template(template_name), self)
                    ^^^^^^^^^^^^^^^^^^^^^^^^^^^^^^^^^^^^^^^
  File "D:\Lib\site-packages\django\template\engine.py", line 175, in get_template
    template, origin = self.find_template(template_name)
                       ^^^^^^^^^^^^^^^^^^^^^^^^^^^^^^^^^
  File "D:\Lib\site-packages\django\template\engine.py", line 157, in find_template
    template = loader.get_template(name, skip=skip)
               ^^^^^^^^^^^^^^^^^^^^^^^^^^^^^^^^^^^^
  File "D:\Lib\site-packages\django\template\loaders\cached.py", line 57, in get_template
    template = super().get_template(template_name, skip)
               ^^^^^^^^^^^^^^^^^^^^^^^^^^^^^^^^^^^^^^^^^
  File "D:\Lib\site-packages\django\template\loaders\base.py", line 28, in get_template
    return Template(
           ^^^^^^^^^
  File "D:\Lib\site-packages\django\template\base.py", line 154, in __init__
    self.nodelist = self.compile_nodelist()
                    ^^^^^^^^^^^^^^^^^^^^^^^
  File "D:\Lib\site-packages\django\template\base.py", line 200, in compile_nodelist
    return parser.parse()
           ^^^^^^^^^^^^^^
  File "D:\Lib\site-packages\django\template\base.py", line 513, in parse
    raise self.error(token, e)
  File "D:\Lib\site-packages\django\template\base.py", line 511, in parse
    compiled_result = compile_func(self, token)
                      ^^^^^^^^^^^^^^^^^^^^^^^^^
  File "D:\Lib\site-packages\django\template\loader_tags.py", line 293, in do_extends
    nodelist = parser.parse()
               ^^^^^^^^^^^^^^
  File "D:\Lib\site-packages\django\template\base.py", line 507, in parse
    self.invalid_block_tag(token, command, parse_until)
  File "D:\Lib\site-packages\django\template\base.py", line 568, in invalid_block_tag
    raise self.error(
django.template.exceptions.TemplateSyntaxError: Invalid block tag on line 186: 'endblock'. Did you forget to register or load this tag?
ERROR 2026-01-16 17:22:20,477 basehttp 18412 5308 "GET /accounts/register/ HTTP/1.1" 500 182852
ERROR 2026-01-16 17:47:48,661 log 18412 35452 Internal Server Error: /accounts/register/
Traceback (most recent call last):
  File "D:\Lib\site-packages\django\template\base.py", line 505, in parse
    compile_func = self.tags[command]
                   ~~~~~~~~~^^^^^^^^^
KeyError: 'endblock'

During handling of the above exception, another exception occurred:

Traceback (most recent call last):
  File "D:\Lib\site-packages\django\core\handlers\exception.py", line 55, in inner
    response = get_response(request)
               ^^^^^^^^^^^^^^^^^^^^^
  File "D:\Lib\site-packages\django\core\handlers\base.py", line 197, in _get_response
    response = wrapped_callback(request, *callback_args, **callback_kwargs)
               ^^^^^^^^^^^^^^^^^^^^^^^^^^^^^^^^^^^^^^^^^^^^^^^^^^^^^^^^^^^^
  File "D:\Lib\contextlib.py", line 81, in inner
    return func(*args, **kwds)
           ^^^^^^^^^^^^^^^^^^^
  File "D:\Lib\site-packages\django\utils\decorators.py", line 134, in _wrapper_view
    response = view_func(request, *args, **kwargs)
               ^^^^^^^^^^^^^^^^^^^^^^^^^^^^^^^^^^^
  File "D:\Lib\site-packages\django\views\decorators\http.py", line 43, in inner
    return func(request, *args, **kwargs)
           ^^^^^^^^^^^^^^^^^^^^^^^^^^^^^^
  File "E:\Resume_Projects\lifedocs\accounts\views.py", line 100, in register_view
    return render(request, 'accounts/register.html')
           ^^^^^^^^^^^^^^^^^^^^^^^^^^^^^^^^^^^^^^^^^
  File "D:\Lib\site-packages\django\shortcuts.py", line 24, in render
    content = loader.render_to_string(template_name, context, request, using=using)
              ^^^^^^^^^^^^^^^^^^^^^^^^^^^^^^^^^^^^^^^^^^^^^^^^^^^^^^^^^^^^^^^^^^^^^
  File "D:\Lib\site-packages\django\template\loader.py", line 61, in render_to_string
    template = get_template(template_name, using=using)
               ^^^^^^^^^^^^^^^^^^^^^^^^^^^^^^^^^^^^^^^^
  File "D:\Lib\site-packages\django\template\loader.py", line 15, in get_template
    return engine.get_template(template_name)
           ^^^^^^^^^^^^^^^^^^^^^^^^^^^^^^^^^^
  File "D:\Lib\site-packages\django\template\backends\django.py", line 33, in get_template
    return Template(self.engine.get_template(template_name), self)
                    ^^^^^^^^^^^^^^^^^^^^^^^^^^^^^^^^^^^^^^^
  File "D:\Lib\site-packages\django\template\engine.py", line 175, in get_template
    template, origin = self.find_template(template_name)
                       ^^^^^^^^^^^^^^^^^^^^^^^^^^^^^^^^^
  File "D:\Lib\site-packages\django\template\engine.py", line 157, in find_template
    template = loader.get_template(name, skip=skip)
               ^^^^^^^^^^^^^^^^^^^^^^^^^^^^^^^^^^^^
  File "D:\Lib\site-packages\django\template\loaders\cached.py", line 57, in get_template
    template = super().get_template(template_name, skip)
               ^^^^^^^^^^^^^^^^^^^^^^^^^^^^^^^^^^^^^^^^^
  File "D:\Lib\site-packages\django\template\loaders\base.py", line 28, in get_template
    return Template(
           ^^^^^^^^^
  File "D:\Lib\site-packages\django\template\base.py", line 154, in __init__
    self.nodelist = self.compile_nodelist()
                    ^^^^^^^^^^^^^^^^^^^^^^^
  File "D:\Lib\site-packages\django\template\base.py", line 200, in compile_nodelist
    return parser.parse()
           ^^^^^^^^^^^^^^
  File "D:\Lib\site-packages\django\template\base.py", line 513, in parse
    raise self.error(token, e)
  File "D:\Lib\site-packages\django\template\base.py", line 511, in parse
    compiled_result = compile_func(self, token)
                      ^^^^^^^^^^^^^^^^^^^^^^^^^
  File "D:\Lib\site-packages\django\template\loader_tags.py", line 293, in do_extends
    nodelist = parser.parse()
               ^^^^^^^^^^^^^^
  File "D:\Lib\site-packages\django\template\base.py", line 507, in parse
    self.invalid_block_tag(token, command, parse_until)
  File "D:\Lib\site-packages\django\template\base.py", line 568, in invalid_block_tag
    raise self.error(
django.template.exceptions.TemplateSyntaxError: Invalid block tag on line 186: 'endblock'. Did you forget to register or load this tag?
ERROR 2026-01-16 17:47:48,858 basehttp 18412 35452 "GET /accounts/register/ HTTP/1.1" 500 182852
ERROR 2026-01-16 17:47:57,346 log 18412 35452 Internal Server Error: /accounts/register/
Traceback (most recent call last):
  File "D:\Lib\site-packages\django\template\base.py", line 505, in parse
    compile_func = self.tags[command]
                   ~~~~~~~~~^^^^^^^^^
KeyError: 'endblock'

During handling of the above exception, another exception occurred:

Traceback (most recent call last):
  File "D:\Lib\site-packages\django\core\handlers\exception.py", line 55, in inner
    response = get_response(request)
               ^^^^^^^^^^^^^^^^^^^^^
  File "D:\Lib\site-packages\django\core\handlers\base.py", line 197, in _get_response
    response = wrapped_callback(request, *callback_args, **callback_kwargs)
               ^^^^^^^^^^^^^^^^^^^^^^^^^^^^^^^^^^^^^^^^^^^^^^^^^^^^^^^^^^^^
  File "D:\Lib\contextlib.py", line 81, in inner
    return func(*args, **kwds)
           ^^^^^^^^^^^^^^^^^^^
  File "D:\Lib\site-packages\django\utils\decorators.py", line 134, in _wrapper_view
    response = view_func(request, *args, **kwargs)
               ^^^^^^^^^^^^^^^^^^^^^^^^^^^^^^^^^^^
  File "D:\Lib\site-packages\django\views\decorators\http.py", line 43, in inner
    return func(request, *args, **kwargs)
           ^^^^^^^^^^^^^^^^^^^^^^^^^^^^^^
  File "E:\Resume_Projects\lifedocs\accounts\views.py", line 100, in register_view
    return render(request, 'accounts/register.html')
           ^^^^^^^^^^^^^^^^^^^^^^^^^^^^^^^^^^^^^^^^^
  File "D:\Lib\site-packages\django\shortcuts.py", line 24, in render
    content = loader.render_to_string(template_name, context, request, using=using)
              ^^^^^^^^^^^^^^^^^^^^^^^^^^^^^^^^^^^^^^^^^^^^^^^^^^^^^^^^^^^^^^^^^^^^^
  File "D:\Lib\site-packages\django\template\loader.py", line 61, in render_to_string
    template = get_template(template_name, using=using)
               ^^^^^^^^^^^^^^^^^^^^^^^^^^^^^^^^^^^^^^^^
  File "D:\Lib\site-packages\django\template\loader.py", line 15, in get_template
    return engine.get_template(template_name)
           ^^^^^^^^^^^^^^^^^^^^^^^^^^^^^^^^^^
  File "D:\Lib\site-packages\django\template\backends\django.py", line 33, in get_template
    return Template(self.engine.get_template(template_name), self)
                    ^^^^^^^^^^^^^^^^^^^^^^^^^^^^^^^^^^^^^^^
  File "D:\Lib\site-packages\django\template\engine.py", line 175, in get_template
    template, origin = self.find_template(template_name)
                       ^^^^^^^^^^^^^^^^^^^^^^^^^^^^^^^^^
  File "D:\Lib\site-packages\django\template\engine.py", line 157, in find_template
    template = loader.get_template(name, skip=skip)
               ^^^^^^^^^^^^^^^^^^^^^^^^^^^^^^^^^^^^
  File "D:\Lib\site-packages\django\template\loaders\cached.py", line 57, in get_template
    template = super().get_template(template_name, skip)
               ^^^^^^^^^^^^^^^^^^^^^^^^^^^^^^^^^^^^^^^^^
  File "D:\Lib\site-packages\django\template\loaders\base.py", line 28, in get_template
    return Template(
           ^^^^^^^^^
  File "D:\Lib\site-packages\django\template\base.py", line 154, in __init__
    self.nodelist = self.compile_nodelist()
                    ^^^^^^^^^^^^^^^^^^^^^^^
  File "D:\Lib\site-packages\django\template\base.py", line 200, in compile_nodelist
    return parser.parse()
           ^^^^^^^^^^^^^^
  File "D:\Lib\site-packages\django\template\base.py", line 513, in parse
    raise self.error(token, e)
  File "D:\Lib\site-packages\django\template\base.py", line 511, in parse
    compiled_result = compile_func(self, token)
                      ^^^^^^^^^^^^^^^^^^^^^^^^^
  File "D:\Lib\site-packages\django\template\loader_tags.py", line 293, in do_extends
    nodelist = parser.parse()
               ^^^^^^^^^^^^^^
  File "D:\Lib\site-packages\django\template\base.py", line 507, in parse
    self.invalid_block_tag(token, command, parse_until)
  File "D:\Lib\site-packages\django\template\base.py", line 568, in invalid_block_tag
    raise self.error(
django.template.exceptions.TemplateSyntaxError: Invalid block tag on line 186: 'endblock'. Did you forget to register or load this tag?
ERROR 2026-01-16 17:47:57,371 basehttp 18412 35452 "GET /accounts/register/ HTTP/1.1" 500 182852
ERROR 2026-01-16 18:18:15,390 log 18412 43128 Internal Server Error: /accounts/register/
Traceback (most recent call last):
  File "D:\Lib\site-packages\django\template\base.py", line 505, in parse
    compile_func = self.tags[command]
                   ~~~~~~~~~^^^^^^^^^
KeyError: 'endblock'

During handling of the above exception, another exception occurred:

Traceback (most recent call last):
  File "D:\Lib\site-packages\django\core\handlers\exception.py", line 55, in inner
    response = get_response(request)
               ^^^^^^^^^^^^^^^^^^^^^
  File "D:\Lib\site-packages\django\core\handlers\base.py", line 197, in _get_response
    response = wrapped_callback(request, *callback_args, **callback_kwargs)
               ^^^^^^^^^^^^^^^^^^^^^^^^^^^^^^^^^^^^^^^^^^^^^^^^^^^^^^^^^^^^
  File "D:\Lib\contextlib.py", line 81, in inner
    return func(*args, **kwds)
           ^^^^^^^^^^^^^^^^^^^
  File "D:\Lib\site-packages\django\utils\decorators.py", line 134, in _wrapper_view
    response = view_func(request, *args, **kwargs)
               ^^^^^^^^^^^^^^^^^^^^^^^^^^^^^^^^^^^
  File "D:\Lib\site-packages\django\views\decorators\http.py", line 43, in inner
    return func(request, *args, **kwargs)
           ^^^^^^^^^^^^^^^^^^^^^^^^^^^^^^
  File "E:\Resume_Projects\lifedocs\accounts\views.py", line 100, in register_view
    return render(request, 'accounts/register.html')
           ^^^^^^^^^^^^^^^^^^^^^^^^^^^^^^^^^^^^^^^^^
  File "D:\Lib\site-packages\django\shortcuts.py", line 24, in render
    content = loader.render_to_string(template_name, context, request, using=using)
              ^^^^^^^^^^^^^^^^^^^^^^^^^^^^^^^^^^^^^^^^^^^^^^^^^^^^^^^^^^^^^^^^^^^^^
  File "D:\Lib\site-packages\django\template\loader.py", line 61, in render_to_string
    template = get_template(template_name, using=using)
               ^^^^^^^^^^^^^^^^^^^^^^^^^^^^^^^^^^^^^^^^
  File "D:\Lib\site-packages\django\template\loader.py", line 15, in get_template
    return engine.get_template(template_name)
           ^^^^^^^^^^^^^^^^^^^^^^^^^^^^^^^^^^
  File "D:\Lib\site-packages\django\template\backends\django.py", line 33, in get_template
    return Template(self.engine.get_template(template_name), self)
                    ^^^^^^^^^^^^^^^^^^^^^^^^^^^^^^^^^^^^^^^
  File "D:\Lib\site-packages\django\template\engine.py", line 175, in get_template
    template, origin = self.find_template(template_name)
                       ^^^^^^^^^^^^^^^^^^^^^^^^^^^^^^^^^
  File "D:\Lib\site-packages\django\template\engine.py", line 157, in find_template
    template = loader.get_template(name, skip=skip)
               ^^^^^^^^^^^^^^^^^^^^^^^^^^^^^^^^^^^^
  File "D:\Lib\site-packages\django\template\loaders\cached.py", line 57, in get_template
    template = super().get_template(template_name, skip)
               ^^^^^^^^^^^^^^^^^^^^^^^^^^^^^^^^^^^^^^^^^
  File "D:\Lib\site-packages\django\template\loaders\base.py", line 28, in get_template
    return Template(
           ^^^^^^^^^
  File "D:\Lib\site-packages\django\template\base.py", line 154, in __init__
    self.nodelist = self.compile_nodelist()
                    ^^^^^^^^^^^^^^^^^^^^^^^
  File "D:\Lib\site-packages\django\template\base.py", line 200, in compile_nodelist
    return parser.parse()
           ^^^^^^^^^^^^^^
  File "D:\Lib\site-packages\django\template\base.py", line 513, in parse
    raise self.error(token, e)
  File "D:\Lib\site-packages\django\template\base.py", line 511, in parse
    compiled_result = compile_func(self, token)
                      ^^^^^^^^^^^^^^^^^^^^^^^^^
  File "D:\Lib\site-packages\django\template\loader_tags.py", line 293, in do_extends
    nodelist = parser.parse()
               ^^^^^^^^^^^^^^
  File "D:\Lib\site-packages\django\template\base.py", line 507, in parse
    self.invalid_block_tag(token, command, parse_until)
  File "D:\Lib\site-packages\django\template\base.py", line 568, in invalid_block_tag
    raise self.error(
django.template.exceptions.TemplateSyntaxError: Invalid block tag on line 186: 'endblock'. Did you forget to register or load this tag?
ERROR 2026-01-16 18:18:15,561 basehttp 18412 43128 "GET /accounts/register/ HTTP/1.1" 500 182852
ERROR 2026-01-16 19:13:20,222 log 18412 21736 Internal Server Error: /accounts/register/
Traceback (most recent call last):
  File "D:\Lib\site-packages\django\template\base.py", line 505, in parse
    compile_func = self.tags[command]
                   ~~~~~~~~~^^^^^^^^^
KeyError: 'endblock'

During handling of the above exception, another exception occurred:

Traceback (most recent call last):
  File "D:\Lib\site-packages\django\core\handlers\exception.py", line 55, in inner
    response = get_response(request)
               ^^^^^^^^^^^^^^^^^^^^^
  File "D:\Lib\site-packages\django\core\handlers\base.py", line 197, in _get_response
    response = wrapped_callback(request, *callback_args, **callback_kwargs)
               ^^^^^^^^^^^^^^^^^^^^^^^^^^^^^^^^^^^^^^^^^^^^^^^^^^^^^^^^^^^^
  File "D:\Lib\contextlib.py", line 81, in inner
    return func(*args, **kwds)
           ^^^^^^^^^^^^^^^^^^^
  File "D:\Lib\site-packages\django\utils\decorators.py", line 134, in _wrapper_view
    response = view_func(request, *args, **kwargs)
               ^^^^^^^^^^^^^^^^^^^^^^^^^^^^^^^^^^^
  File "D:\Lib\site-packages\django\views\decorators\http.py", line 43, in inner
    return func(request, *args, **kwargs)
           ^^^^^^^^^^^^^^^^^^^^^^^^^^^^^^
  File "E:\Resume_Projects\lifedocs\accounts\views.py", line 100, in register_view
    return render(request, 'accounts/register.html')
           ^^^^^^^^^^^^^^^^^^^^^^^^^^^^^^^^^^^^^^^^^
  File "D:\Lib\site-packages\django\shortcuts.py", line 24, in render
    content = loader.render_to_string(template_name, context, request, using=using)
              ^^^^^^^^^^^^^^^^^^^^^^^^^^^^^^^^^^^^^^^^^^^^^^^^^^^^^^^^^^^^^^^^^^^^^
  File "D:\Lib\site-packages\django\template\loader.py", line 61, in render_to_string
    template = get_template(template_name, using=using)
               ^^^^^^^^^^^^^^^^^^^^^^^^^^^^^^^^^^^^^^^^
  File "D:\Lib\site-packages\django\template\loader.py", line 15, in get_template
    return engine.get_template(template_name)
           ^^^^^^^^^^^^^^^^^^^^^^^^^^^^^^^^^^
  File "D:\Lib\site-packages\django\template\backends\django.py", line 33, in get_template
    return Template(self.engine.get_template(template_name), self)
                    ^^^^^^^^^^^^^^^^^^^^^^^^^^^^^^^^^^^^^^^
  File "D:\Lib\site-packages\django\template\engine.py", line 175, in get_template
    template, origin = self.find_template(template_name)
                       ^^^^^^^^^^^^^^^^^^^^^^^^^^^^^^^^^
  File "D:\Lib\site-packages\django\template\engine.py", line 157, in find_template
    template = loader.get_template(name, skip=skip)
               ^^^^^^^^^^^^^^^^^^^^^^^^^^^^^^^^^^^^
  File "D:\Lib\site-packages\django\template\loaders\cached.py", line 57, in get_template
    template = super().get_template(template_name, skip)
               ^^^^^^^^^^^^^^^^^^^^^^^^^^^^^^^^^^^^^^^^^
  File "D:\Lib\site-packages\django\template\loaders\base.py", line 28, in get_template
    return Template(
           ^^^^^^^^^
  File "D:\Lib\site-packages\django\template\base.py", line 154, in __init__
    self.nodelist = self.compile_nodelist()
                    ^^^^^^^^^^^^^^^^^^^^^^^
  File "D:\Lib\site-packages\django\template\base.py", line 200, in compile_nodelist
    return parser.parse()
           ^^^^^^^^^^^^^^
  File "D:\Lib\site-packages\django\template\base.py", line 513, in parse
    raise self.error(token, e)
  File "D:\Lib\site-packages\django\template\base.py", line 511, in parse
    compiled_result = compile_func(self, token)
                      ^^^^^^^^^^^^^^^^^^^^^^^^^
  File "D:\Lib\site-packages\django\template\loader_tags.py", line 293, in do_extends
    nodelist = parser.parse()
               ^^^^^^^^^^^^^^
  File "D:\Lib\site-packages\django\template\base.py", line 507, in parse
    self.invalid_block_tag(token, command, parse_until)
  File "D:\Lib\site-packages\django\template\base.py", line 568, in invalid_block_tag
    raise self.error(
django.template.exceptions.TemplateSyntaxError: Invalid block tag on line 186: 'endblock'. Did you forget to register or load this tag?
ERROR 2026-01-16 19:13:20,364 basehttp 18412 21736 "GET /accounts/register/ HTTP/1.1" 500 182989
ERROR 2026-01-16 19:19:33,521 log 41684 17204 Internal Server Error: /accounts/register/
Traceback (most recent call last):
  File "D:\Lib\site-packages\django\template\base.py", line 505, in parse
    compile_func = self.tags[command]
                   ~~~~~~~~~^^^^^^^^^
KeyError: 'endblock'

During handling of the above exception, another exception occurred:

Traceback (most recent call last):
  File "D:\Lib\site-packages\django\core\handlers\exception.py", line 55, in inner
    response = get_response(request)
               ^^^^^^^^^^^^^^^^^^^^^
  File "D:\Lib\site-packages\django\core\handlers\base.py", line 197, in _get_response
    response = wrapped_callback(request, *callback_args, **callback_kwargs)
               ^^^^^^^^^^^^^^^^^^^^^^^^^^^^^^^^^^^^^^^^^^^^^^^^^^^^^^^^^^^^
  File "D:\Lib\contextlib.py", line 81, in inner
    return func(*args, **kwds)
           ^^^^^^^^^^^^^^^^^^^
  File "D:\Lib\site-packages\django\utils\decorators.py", line 134, in _wrapper_view
    response = view_func(request, *args, **kwargs)
               ^^^^^^^^^^^^^^^^^^^^^^^^^^^^^^^^^^^
  File "D:\Lib\site-packages\django\views\decorators\http.py", line 43, in inner
    return func(request, *args, **kwargs)
           ^^^^^^^^^^^^^^^^^^^^^^^^^^^^^^
  File "E:\Resume_Projects\lifedocs\accounts\views.py", line 100, in register_view
    return render(request, 'accounts/register.html')
           ^^^^^^^^^^^^^^^^^^^^^^^^^^^^^^^^^^^^^^^^^
  File "D:\Lib\site-packages\django\shortcuts.py", line 24, in render
    content = loader.render_to_string(template_name, context, request, using=using)
              ^^^^^^^^^^^^^^^^^^^^^^^^^^^^^^^^^^^^^^^^^^^^^^^^^^^^^^^^^^^^^^^^^^^^^
  File "D:\Lib\site-packages\django\template\loader.py", line 61, in render_to_string
    template = get_template(template_name, using=using)
               ^^^^^^^^^^^^^^^^^^^^^^^^^^^^^^^^^^^^^^^^
  File "D:\Lib\site-packages\django\template\loader.py", line 15, in get_template
    return engine.get_template(template_name)
           ^^^^^^^^^^^^^^^^^^^^^^^^^^^^^^^^^^
  File "D:\Lib\site-packages\django\template\backends\django.py", line 33, in get_template
    return Template(self.engine.get_template(template_name), self)
                    ^^^^^^^^^^^^^^^^^^^^^^^^^^^^^^^^^^^^^^^
  File "D:\Lib\site-packages\django\template\engine.py", line 175, in get_template
    template, origin = self.find_template(template_name)
                       ^^^^^^^^^^^^^^^^^^^^^^^^^^^^^^^^^
  File "D:\Lib\site-packages\django\template\engine.py", line 157, in find_template
    template = loader.get_template(name, skip=skip)
               ^^^^^^^^^^^^^^^^^^^^^^^^^^^^^^^^^^^^
  File "D:\Lib\site-packages\django\template\loaders\cached.py", line 57, in get_template
    template = super().get_template(template_name, skip)
               ^^^^^^^^^^^^^^^^^^^^^^^^^^^^^^^^^^^^^^^^^
  File "D:\Lib\site-packages\django\template\loaders\base.py", line 28, in get_template
    return Template(
           ^^^^^^^^^
  File "D:\Lib\site-packages\django\template\base.py", line 154, in __init__
    self.nodelist = self.compile_nodelist()
                    ^^^^^^^^^^^^^^^^^^^^^^^
  File "D:\Lib\site-packages\django\template\base.py", line 200, in compile_nodelist
    return parser.parse()
           ^^^^^^^^^^^^^^
  File "D:\Lib\site-packages\django\template\base.py", line 513, in parse
    raise self.error(token, e)
  File "D:\Lib\site-packages\django\template\base.py", line 511, in parse
    compiled_result = compile_func(self, token)
                      ^^^^^^^^^^^^^^^^^^^^^^^^^
  File "D:\Lib\site-packages\django\template\loader_tags.py", line 293, in do_extends
    nodelist = parser.parse()
               ^^^^^^^^^^^^^^
  File "D:\Lib\site-packages\django\template\base.py", line 507, in parse
    self.invalid_block_tag(token, command, parse_until)
  File "D:\Lib\site-packages\django\template\base.py", line 568, in invalid_block_tag
    raise self.error(
django.template.exceptions.TemplateSyntaxError: Invalid block tag on line 186: 'endblock'. Did you forget to register or load this tag?
ERROR 2026-01-16 19:19:33,534 basehttp 41684 17204 "GET /accounts/register/ HTTP/1.1" 500 182852
ERROR 2026-01-16 19:24:55,898 log 44580 42704 Internal Server Error: /accounts/register/
Traceback (most recent call last):
  File "D:\Lib\site-packages\django\template\base.py", line 505, in parse
    compile_func = self.tags[command]
                   ~~~~~~~~~^^^^^^^^^
KeyError: 'endblock'

During handling of the above exception, another exception occurred:

Traceback (most recent call last):
  File "D:\Lib\site-packages\django\core\handlers\exception.py", line 55, in inner
    response = get_response(request)
               ^^^^^^^^^^^^^^^^^^^^^
  File "D:\Lib\site-packages\django\core\handlers\base.py", line 197, in _get_response
    response = wrapped_callback(request, *callback_args, **callback_kwargs)
               ^^^^^^^^^^^^^^^^^^^^^^^^^^^^^^^^^^^^^^^^^^^^^^^^^^^^^^^^^^^^
  File "D:\Lib\contextlib.py", line 81, in inner
    return func(*args, **kwds)
           ^^^^^^^^^^^^^^^^^^^
  File "D:\Lib\site-packages\django\utils\decorators.py", line 134, in _wrapper_view
    response = view_func(request, *args, **kwargs)
               ^^^^^^^^^^^^^^^^^^^^^^^^^^^^^^^^^^^
  File "D:\Lib\site-packages\django\views\decorators\http.py", line 43, in inner
    return func(request, *args, **kwargs)
           ^^^^^^^^^^^^^^^^^^^^^^^^^^^^^^
  File "E:\Resume_Projects\lifedocs\accounts\views.py", line 100, in register_view
    return render(request, 'accounts/register.html')
           ^^^^^^^^^^^^^^^^^^^^^^^^^^^^^^^^^^^^^^^^^
  File "D:\Lib\site-packages\django\shortcuts.py", line 24, in render
    content = loader.render_to_string(template_name, context, request, using=using)
              ^^^^^^^^^^^^^^^^^^^^^^^^^^^^^^^^^^^^^^^^^^^^^^^^^^^^^^^^^^^^^^^^^^^^^
  File "D:\Lib\site-packages\django\template\loader.py", line 61, in render_to_string
    template = get_template(template_name, using=using)
               ^^^^^^^^^^^^^^^^^^^^^^^^^^^^^^^^^^^^^^^^
  File "D:\Lib\site-packages\django\template\loader.py", line 15, in get_template
    return engine.get_template(template_name)
           ^^^^^^^^^^^^^^^^^^^^^^^^^^^^^^^^^^
  File "D:\Lib\site-packages\django\template\backends\django.py", line 33, in get_template
    return Template(self.engine.get_template(template_name), self)
                    ^^^^^^^^^^^^^^^^^^^^^^^^^^^^^^^^^^^^^^^
  File "D:\Lib\site-packages\django\template\engine.py", line 175, in get_template
    template, origin = self.find_template(template_name)
                       ^^^^^^^^^^^^^^^^^^^^^^^^^^^^^^^^^
  File "D:\Lib\site-packages\django\template\engine.py", line 157, in find_template
    template = loader.get_template(name, skip=skip)
               ^^^^^^^^^^^^^^^^^^^^^^^^^^^^^^^^^^^^
  File "D:\Lib\site-packages\django\template\loaders\cached.py", line 57, in get_template
    template = super().get_template(template_name, skip)
               ^^^^^^^^^^^^^^^^^^^^^^^^^^^^^^^^^^^^^^^^^
  File "D:\Lib\site-packages\django\template\loaders\base.py", line 28, in get_template
    return Template(
           ^^^^^^^^^
  File "D:\Lib\site-packages\django\template\base.py", line 154, in __init__
    self.nodelist = self.compile_nodelist()
                    ^^^^^^^^^^^^^^^^^^^^^^^
  File "D:\Lib\site-packages\django\template\base.py", line 200, in compile_nodelist
    return parser.parse()
           ^^^^^^^^^^^^^^
  File "D:\Lib\site-packages\django\template\base.py", line 513, in parse
    raise self.error(token, e)
  File "D:\Lib\site-packages\django\template\base.py", line 511, in parse
    compiled_result = compile_func(self, token)
                      ^^^^^^^^^^^^^^^^^^^^^^^^^
  File "D:\Lib\site-packages\django\template\loader_tags.py", line 293, in do_extends
    nodelist = parser.parse()
               ^^^^^^^^^^^^^^
  File "D:\Lib\site-packages\django\template\base.py", line 507, in parse
    self.invalid_block_tag(token, command, parse_until)
  File "D:\Lib\site-packages\django\template\base.py", line 568, in invalid_block_tag
    raise self.error(
django.template.exceptions.TemplateSyntaxError: Invalid block tag on line 186: 'endblock'. Did you forget to register or load this tag?
ERROR 2026-01-16 19:24:55,956 basehttp 44580 42704 "GET /accounts/register/ HTTP/1.1" 500 182852
WARNING 2026-01-16 23:07:23,182 log 46896 47780 Not Found: /favicon.ico
WARNING 2026-01-16 23:07:23,218 basehttp 46896 47780 "GET /favicon.ico HTTP/1.1" 404 3019
ERROR 2026-01-16 23:10:49,140 log 46896 40136 Internal Server Error: /vault/emergency-settings/verify-nominee-email-otp/
Traceback (most recent call last):
  File "D:\Lib\site-packages\django\core\handlers\exception.py", line 55, in inner
    response = get_response(request)
               ^^^^^^^^^^^^^^^^^^^^^
  File "D:\Lib\site-packages\django\core\handlers\base.py", line 197, in _get_response
    response = wrapped_callback(request, *callback_args, **callback_kwargs)
               ^^^^^^^^^^^^^^^^^^^^^^^^^^^^^^^^^^^^^^^^^^^^^^^^^^^^^^^^^^^^
  File "D:\Lib\contextlib.py", line 81, in inner
    return func(*args, **kwds)
           ^^^^^^^^^^^^^^^^^^^
  File "D:\Lib\site-packages\django\contrib\auth\decorators.py", line 23, in _wrapper_view
    return view_func(request, *args, **kwargs)
           ^^^^^^^^^^^^^^^^^^^^^^^^^^^^^^^^^^^
  File "D:\Lib\site-packages\django\views\decorators\http.py", line 43, in inner
    return func(request, *args, **kwargs)
           ^^^^^^^^^^^^^^^^^^^^^^^^^^^^^^
  File "E:\Resume_Projects\lifedocs\vault\views.py", line 449, in verify_nominee_email_otp
    return render(request, 'vault/verify_nominee_email_otp.html', {'email': email})
           ^^^^^^^^^^^^^^^^^^^^^^^^^^^^^^^^^^^^^^^^^^^^^^^^^^^^^^^^^^^^^^^^^^^^^^^^
  File "D:\Lib\site-packages\django\shortcuts.py", line 24, in render
    content = loader.render_to_string(template_name, context, request, using=using)
              ^^^^^^^^^^^^^^^^^^^^^^^^^^^^^^^^^^^^^^^^^^^^^^^^^^^^^^^^^^^^^^^^^^^^^
  File "D:\Lib\site-packages\django\template\loader.py", line 61, in render_to_string
    template = get_template(template_name, using=using)
               ^^^^^^^^^^^^^^^^^^^^^^^^^^^^^^^^^^^^^^^^
  File "D:\Lib\site-packages\django\template\loader.py", line 15, in get_template
    return engine.get_template(template_name)
           ^^^^^^^^^^^^^^^^^^^^^^^^^^^^^^^^^^
  File "D:\Lib\site-packages\django\template\backends\django.py", line 33, in get_template
    return Template(self.engine.get_template(template_name), self)
                    ^^^^^^^^^^^^^^^^^^^^^^^^^^^^^^^^^^^^^^^
  File "D:\Lib\site-packages\django\template\engine.py", line 175, in get_template
    template, origin = self.find_template(template_name)
                       ^^^^^^^^^^^^^^^^^^^^^^^^^^^^^^^^^
  File "D:\Lib\site-packages\django\template\engine.py", line 157, in find_template
    template = loader.get_template(name, skip=skip)
               ^^^^^^^^^^^^^^^^^^^^^^^^^^^^^^^^^^^^
  File "D:\Lib\site-packages\django\template\loaders\cached.py", line 57, in get_template
    template = super().get_template(template_name, skip)
               ^^^^^^^^^^^^^^^^^^^^^^^^^^^^^^^^^^^^^^^^^
  File "D:\Lib\site-packages\django\template\loaders\base.py", line 28, in get_template
    return Template(
           ^^^^^^^^^
  File "D:\Lib\site-packages\django\template\base.py", line 154, in __init__
    self.nodelist = self.compile_nodelist()
                    ^^^^^^^^^^^^^^^^^^^^^^^
  File "D:\Lib\site-packages\django\template\base.py", line 200, in compile_nodelist
    return parser.parse()
           ^^^^^^^^^^^^^^
  File "D:\Lib\site-packages\django\template\base.py", line 513, in parse
    raise self.error(token, e)
  File "D:\Lib\site-packages\django\template\base.py", line 511, in parse
    compiled_result = compile_func(self, token)
                      ^^^^^^^^^^^^^^^^^^^^^^^^^
  File "D:\Lib\site-packages\django\template\loader_tags.py", line 293, in do_extends
    nodelist = parser.parse()
               ^^^^^^^^^^^^^^
  File "D:\Lib\site-packages\django\template\base.py", line 513, in parse
    raise self.error(token, e)
  File "D:\Lib\site-packages\django\template\base.py", line 511, in parse
    compiled_result = compile_func(self, token)
                      ^^^^^^^^^^^^^^^^^^^^^^^^^
  File "D:\Lib\site-packages\django\template\loader_tags.py", line 232, in do_block
    nodelist = parser.parse(("endblock",))
               ^^^^^^^^^^^^^^^^^^^^^^^^^^^
  File "D:\Lib\site-packages\django\template\base.py", line 518, in parse
    self.unclosed_block_tag(parse_until)
  File "D:\Lib\site-packages\django\template\base.py", line 581, in unclosed_block_tag
    raise self.error(token, msg)
django.template.exceptions.TemplateSyntaxError: Unclosed tag on line 1: 'block'. Looking for one of: endblock.
ERROR 2026-01-16 23:10:49,246 basehttp 46896 40136 "GET /vault/emergency-settings/verify-nominee-email-otp/ HTTP/1.1" 500 193107
ERROR 2026-01-16 23:53:37,781 log 44088 2180 Internal Server Error: /accounts/profile/
Traceback (most recent call last):
  File "D:\Lib\site-packages\django\template\base.py", line 505, in parse
    compile_func = self.tags[command]
                   ~~~~~~~~~^^^^^^^^^
KeyError: 'endblock'

During handling of the above exception, another exception occurred:

Traceback (most recent call last):
  File "D:\Lib\site-packages\django\core\handlers\exception.py", line 55, in inner
    response = get_response(request)
               ^^^^^^^^^^^^^^^^^^^^^
  File "D:\Lib\site-packages\django\core\handlers\base.py", line 197, in _get_response
    response = wrapped_callback(request, *callback_args, **callback_kwargs)
               ^^^^^^^^^^^^^^^^^^^^^^^^^^^^^^^^^^^^^^^^^^^^^^^^^^^^^^^^^^^^
  File "D:\Lib\contextlib.py", line 81, in inner
    return func(*args, **kwds)
           ^^^^^^^^^^^^^^^^^^^
  File "D:\Lib\site-packages\django\contrib\auth\decorators.py", line 23, in _wrapper_view
    return view_func(request, *args, **kwargs)
           ^^^^^^^^^^^^^^^^^^^^^^^^^^^^^^^^^^^
  File "D:\Lib\site-packages\django\views\decorators\http.py", line 43, in inner
    return func(request, *args, **kwargs)
           ^^^^^^^^^^^^^^^^^^^^^^^^^^^^^^
  File "E:\Resume_Projects\lifedocs\accounts\views.py", line 450, in profile_view
    return render(request, 'accounts/profile.html', context)
           ^^^^^^^^^^^^^^^^^^^^^^^^^^^^^^^^^^^^^^^^^^^^^^^^^
  File "D:\Lib\site-packages\django\shortcuts.py", line 24, in render
    content = loader.render_to_string(template_name, context, request, using=using)
              ^^^^^^^^^^^^^^^^^^^^^^^^^^^^^^^^^^^^^^^^^^^^^^^^^^^^^^^^^^^^^^^^^^^^^
  File "D:\Lib\site-packages\django\template\loader.py", line 61, in render_to_string
    template = get_template(template_name, using=using)
               ^^^^^^^^^^^^^^^^^^^^^^^^^^^^^^^^^^^^^^^^
  File "D:\Lib\site-packages\django\template\loader.py", line 15, in get_template
    return engine.get_template(template_name)
           ^^^^^^^^^^^^^^^^^^^^^^^^^^^^^^^^^^
  File "D:\Lib\site-packages\django\template\backends\django.py", line 33, in get_template
    return Template(self.engine.get_template(template_name), self)
                    ^^^^^^^^^^^^^^^^^^^^^^^^^^^^^^^^^^^^^^^
  File "D:\Lib\site-packages\django\template\engine.py", line 175, in get_template
    template, origin = self.find_template(template_name)
                       ^^^^^^^^^^^^^^^^^^^^^^^^^^^^^^^^^
  File "D:\Lib\site-packages\django\template\engine.py", line 157, in find_template
    template = loader.get_template(name, skip=skip)
               ^^^^^^^^^^^^^^^^^^^^^^^^^^^^^^^^^^^^
  File "D:\Lib\site-packages\django\template\loaders\cached.py", line 57, in get_template
    template = super().get_template(template_name, skip)
               ^^^^^^^^^^^^^^^^^^^^^^^^^^^^^^^^^^^^^^^^^
  File "D:\Lib\site-packages\django\template\loaders\base.py", line 28, in get_template
    return Template(
           ^^^^^^^^^
  File "D:\Lib\site-packages\django\template\base.py", line 154, in __init__
    self.nodelist = self.compile_nodelist()
                    ^^^^^^^^^^^^^^^^^^^^^^^
  File "D:\Lib\site-packages\django\template\base.py", line 200, in compile_nodelist
    return parser.parse()
           ^^^^^^^^^^^^^^
  File "D:\Lib\site-packages\django\template\base.py", line 513, in parse
    raise self.error(token, e)
  File "D:\Lib\site-packages\django\template\base.py", line 511, in parse
    compiled_result = compile_func(self, token)
                      ^^^^^^^^^^^^^^^^^^^^^^^^^
  File "D:\Lib\site-packages\django\template\loader_tags.py", line 293, in do_extends
    nodelist = parser.parse()
               ^^^^^^^^^^^^^^
  File "D:\Lib\site-packages\django\template\base.py", line 513, in parse
    raise self.error(token, e)
  File "D:\Lib\site-packages\django\template\base.py", line 511, in parse
    compiled_result = compile_func(self, token)
                      ^^^^^^^^^^^^^^^^^^^^^^^^^
  File "D:\Lib\site-packages\django\template\loader_tags.py", line 232, in do_block
    nodelist = parser.parse(("endblock",))
               ^^^^^^^^^^^^^^^^^^^^^^^^^^^
  File "D:\Lib\site-packages\django\template\base.py", line 513, in parse
    raise self.error(token, e)
  File "D:\Lib\site-packages\django\template\base.py", line 511, in parse
    compiled_result = compile_func(self, token)
                      ^^^^^^^^^^^^^^^^^^^^^^^^^
  File "D:\Lib\site-packages\django\template\defaulttags.py", line 967, in do_if
    nodelist = parser.parse(("endif",))
               ^^^^^^^^^^^^^^^^^^^^^^^^
  File "D:\Lib\site-packages\django\template\base.py", line 507, in parse
    self.invalid_block_tag(token, command, parse_until)
  File "D:\Lib\site-packages\django\template\base.py", line 558, in invalid_block_tag
    raise self.error(
django.template.exceptions.TemplateSyntaxError: Invalid block tag on line 360: 'endblock', expected 'endif'. Did you forget to register or load this tag?
ERROR 2026-01-16 23:53:37,992 basehttp 44088 2180 "GET /accounts/profile/ HTTP/1.1" 500 219226
ERROR 2026-01-16 23:54:01,374 log 44088 30432 Internal Server Error: /accounts/profile/
Traceback (most recent call last):
  File "D:\Lib\site-packages\django\template\base.py", line 505, in parse
    compile_func = self.tags[command]
                   ~~~~~~~~~^^^^^^^^^
KeyError: 'endblock'

During handling of the above exception, another exception occurred:

Traceback (most recent call last):
  File "D:\Lib\site-packages\django\core\handlers\exception.py", line 55, in inner
    response = get_response(request)
               ^^^^^^^^^^^^^^^^^^^^^
  File "D:\Lib\site-packages\django\core\handlers\base.py", line 197, in _get_response
    response = wrapped_callback(request, *callback_args, **callback_kwargs)
               ^^^^^^^^^^^^^^^^^^^^^^^^^^^^^^^^^^^^^^^^^^^^^^^^^^^^^^^^^^^^
  File "D:\Lib\contextlib.py", line 81, in inner
    return func(*args, **kwds)
           ^^^^^^^^^^^^^^^^^^^
  File "D:\Lib\site-packages\django\contrib\auth\decorators.py", line 23, in _wrapper_view
    return view_func(request, *args, **kwargs)
           ^^^^^^^^^^^^^^^^^^^^^^^^^^^^^^^^^^^
  File "D:\Lib\site-packages\django\views\decorators\http.py", line 43, in inner
    return func(request, *args, **kwargs)
           ^^^^^^^^^^^^^^^^^^^^^^^^^^^^^^
  File "E:\Resume_Projects\lifedocs\accounts\views.py", line 450, in profile_view
    return render(request, 'accounts/profile.html', context)
           ^^^^^^^^^^^^^^^^^^^^^^^^^^^^^^^^^^^^^^^^^^^^^^^^^
  File "D:\Lib\site-packages\django\shortcuts.py", line 24, in render
    content = loader.render_to_string(template_name, context, request, using=using)
              ^^^^^^^^^^^^^^^^^^^^^^^^^^^^^^^^^^^^^^^^^^^^^^^^^^^^^^^^^^^^^^^^^^^^^
  File "D:\Lib\site-packages\django\template\loader.py", line 61, in render_to_string
    template = get_template(template_name, using=using)
               ^^^^^^^^^^^^^^^^^^^^^^^^^^^^^^^^^^^^^^^^
  File "D:\Lib\site-packages\django\template\loader.py", line 15, in get_template
    return engine.get_template(template_name)
           ^^^^^^^^^^^^^^^^^^^^^^^^^^^^^^^^^^
  File "D:\Lib\site-packages\django\template\backends\django.py", line 33, in get_template
    return Template(self.engine.get_template(template_name), self)
                    ^^^^^^^^^^^^^^^^^^^^^^^^^^^^^^^^^^^^^^^
  File "D:\Lib\site-packages\django\template\engine.py", line 175, in get_template
    template, origin = self.find_template(template_name)
                       ^^^^^^^^^^^^^^^^^^^^^^^^^^^^^^^^^
  File "D:\Lib\site-packages\django\template\engine.py", line 157, in find_template
    template = loader.get_template(name, skip=skip)
               ^^^^^^^^^^^^^^^^^^^^^^^^^^^^^^^^^^^^
  File "D:\Lib\site-packages\django\template\loaders\cached.py", line 57, in get_template
    template = super().get_template(template_name, skip)
               ^^^^^^^^^^^^^^^^^^^^^^^^^^^^^^^^^^^^^^^^^
  File "D:\Lib\site-packages\django\template\loaders\base.py", line 28, in get_template
    return Template(
           ^^^^^^^^^
  File "D:\Lib\site-packages\django\template\base.py", line 154, in __init__
    self.nodelist = self.compile_nodelist()
                    ^^^^^^^^^^^^^^^^^^^^^^^
  File "D:\Lib\site-packages\django\template\base.py", line 200, in compile_nodelist
    return parser.parse()
           ^^^^^^^^^^^^^^
  File "D:\Lib\site-packages\django\template\base.py", line 513, in parse
    raise self.error(token, e)
  File "D:\Lib\site-packages\django\template\base.py", line 511, in parse
    compiled_result = compile_func(self, token)
                      ^^^^^^^^^^^^^^^^^^^^^^^^^
  File "D:\Lib\site-packages\django\template\loader_tags.py", line 293, in do_extends
    nodelist = parser.parse()
               ^^^^^^^^^^^^^^
  File "D:\Lib\site-packages\django\template\base.py", line 513, in parse
    raise self.error(token, e)
  File "D:\Lib\site-packages\django\template\base.py", line 511, in parse
    compiled_result = compile_func(self, token)
                      ^^^^^^^^^^^^^^^^^^^^^^^^^
  File "D:\Lib\site-packages\django\template\loader_tags.py", line 232, in do_block
    nodelist = parser.parse(("endblock",))
               ^^^^^^^^^^^^^^^^^^^^^^^^^^^
  File "D:\Lib\site-packages\django\template\base.py", line 513, in parse
    raise self.error(token, e)
  File "D:\Lib\site-packages\django\template\base.py", line 511, in parse
    compiled_result = compile_func(self, token)
                      ^^^^^^^^^^^^^^^^^^^^^^^^^
  File "D:\Lib\site-packages\django\template\defaulttags.py", line 967, in do_if
    nodelist = parser.parse(("endif",))
               ^^^^^^^^^^^^^^^^^^^^^^^^
  File "D:\Lib\site-packages\django\template\base.py", line 507, in parse
    self.invalid_block_tag(token, command, parse_until)
  File "D:\Lib\site-packages\django\template\base.py", line 558, in invalid_block_tag
    raise self.error(
django.template.exceptions.TemplateSyntaxError: Invalid block tag on line 360: 'endblock', expected 'endif'. Did you forget to register or load this tag?
ERROR 2026-01-16 23:54:01,426 basehttp 44088 30432 "GET /accounts/profile/ HTTP/1.1" 500 219072
ERROR 2026-01-16 23:54:29,635 log 44088 40392 Internal Server Error: /accounts/profile/
Traceback (most recent call last):
  File "D:\Lib\site-packages\django\template\base.py", line 505, in parse
    compile_func = self.tags[command]
                   ~~~~~~~~~^^^^^^^^^
KeyError: 'endblock'

During handling of the above exception, another exception occurred:

Traceback (most recent call last):
  File "D:\Lib\site-packages\django\core\handlers\exception.py", line 55, in inner
    response = get_response(request)
               ^^^^^^^^^^^^^^^^^^^^^
  File "D:\Lib\site-packages\django\core\handlers\base.py", line 197, in _get_response
    response = wrapped_callback(request, *callback_args, **callback_kwargs)
               ^^^^^^^^^^^^^^^^^^^^^^^^^^^^^^^^^^^^^^^^^^^^^^^^^^^^^^^^^^^^
  File "D:\Lib\contextlib.py", line 81, in inner
    return func(*args, **kwds)
           ^^^^^^^^^^^^^^^^^^^
  File "D:\Lib\site-packages\django\contrib\auth\decorators.py", line 23, in _wrapper_view
    return view_func(request, *args, **kwargs)
           ^^^^^^^^^^^^^^^^^^^^^^^^^^^^^^^^^^^
  File "D:\Lib\site-packages\django\views\decorators\http.py", line 43, in inner
    return func(request, *args, **kwargs)
           ^^^^^^^^^^^^^^^^^^^^^^^^^^^^^^
  File "E:\Resume_Projects\lifedocs\accounts\views.py", line 450, in profile_view
    return render(request, 'accounts/profile.html', context)
           ^^^^^^^^^^^^^^^^^^^^^^^^^^^^^^^^^^^^^^^^^^^^^^^^^
  File "D:\Lib\site-packages\django\shortcuts.py", line 24, in render
    content = loader.render_to_string(template_name, context, request, using=using)
              ^^^^^^^^^^^^^^^^^^^^^^^^^^^^^^^^^^^^^^^^^^^^^^^^^^^^^^^^^^^^^^^^^^^^^
  File "D:\Lib\site-packages\django\template\loader.py", line 61, in render_to_string
    template = get_template(template_name, using=using)
               ^^^^^^^^^^^^^^^^^^^^^^^^^^^^^^^^^^^^^^^^
  File "D:\Lib\site-packages\django\template\loader.py", line 15, in get_template
    return engine.get_template(template_name)
           ^^^^^^^^^^^^^^^^^^^^^^^^^^^^^^^^^^
  File "D:\Lib\site-packages\django\template\backends\django.py", line 33, in get_template
    return Template(self.engine.get_template(template_name), self)
                    ^^^^^^^^^^^^^^^^^^^^^^^^^^^^^^^^^^^^^^^
  File "D:\Lib\site-packages\django\template\engine.py", line 175, in get_template
    template, origin = self.find_template(template_name)
                       ^^^^^^^^^^^^^^^^^^^^^^^^^^^^^^^^^
  File "D:\Lib\site-packages\django\template\engine.py", line 157, in find_template
    template = loader.get_template(name, skip=skip)
               ^^^^^^^^^^^^^^^^^^^^^^^^^^^^^^^^^^^^
  File "D:\Lib\site-packages\django\template\loaders\cached.py", line 57, in get_template
    template = super().get_template(template_name, skip)
               ^^^^^^^^^^^^^^^^^^^^^^^^^^^^^^^^^^^^^^^^^
  File "D:\Lib\site-packages\django\template\loaders\base.py", line 28, in get_template
    return Template(
           ^^^^^^^^^
  File "D:\Lib\site-packages\django\template\base.py", line 154, in __init__
    self.nodelist = self.compile_nodelist()
                    ^^^^^^^^^^^^^^^^^^^^^^^
  File "D:\Lib\site-packages\django\template\base.py", line 200, in compile_nodelist
    return parser.parse()
           ^^^^^^^^^^^^^^
  File "D:\Lib\site-packages\django\template\base.py", line 513, in parse
    raise self.error(token, e)
  File "D:\Lib\site-packages\django\template\base.py", line 511, in parse
    compiled_result = compile_func(self, token)
                      ^^^^^^^^^^^^^^^^^^^^^^^^^
  File "D:\Lib\site-packages\django\template\loader_tags.py", line 293, in do_extends
    nodelist = parser.parse()
               ^^^^^^^^^^^^^^
  File "D:\Lib\site-packages\django\template\base.py", line 513, in parse
    raise self.error(token, e)
  File "D:\Lib\site-packages\django\template\base.py", line 511, in parse
    compiled_result = compile_func(self, token)
                      ^^^^^^^^^^^^^^^^^^^^^^^^^
  File "D:\Lib\site-packages\django\template\loader_tags.py", line 232, in do_block
    nodelist = parser.parse(("endblock",))
               ^^^^^^^^^^^^^^^^^^^^^^^^^^^
  File "D:\Lib\site-packages\django\template\base.py", line 513, in parse
    raise self.error(token, e)
  File "D:\Lib\site-packages\django\template\base.py", line 511, in parse
    compiled_result = compile_func(self, token)
                      ^^^^^^^^^^^^^^^^^^^^^^^^^
  File "D:\Lib\site-packages\django\template\defaulttags.py", line 967, in do_if
    nodelist = parser.parse(("endif",))
               ^^^^^^^^^^^^^^^^^^^^^^^^
  File "D:\Lib\site-packages\django\template\base.py", line 507, in parse
    self.invalid_block_tag(token, command, parse_until)
  File "D:\Lib\site-packages\django\template\base.py", line 558, in invalid_block_tag
    raise self.error(
django.template.exceptions.TemplateSyntaxError: Invalid block tag on line 360: 'endblock', expected 'endif'. Did you forget to register or load this tag?
ERROR 2026-01-16 23:54:29,656 basehttp 44088 40392 "GET /accounts/profile/ HTTP/1.1" 500 219072
ERROR 2026-01-16 23:56:09,381 log 44088 49264 Internal Server Error: /accounts/profile/
Traceback (most recent call last):
  File "D:\Lib\site-packages\django\template\base.py", line 505, in parse
    compile_func = self.tags[command]
                   ~~~~~~~~~^^^^^^^^^
KeyError: 'endblock'

During handling of the above exception, another exception occurred:

Traceback (most recent call last):
  File "D:\Lib\site-packages\django\core\handlers\exception.py", line 55, in inner
    response = get_response(request)
               ^^^^^^^^^^^^^^^^^^^^^
  File "D:\Lib\site-packages\django\core\handlers\base.py", line 197, in _get_response
    response = wrapped_callback(request, *callback_args, **callback_kwargs)
               ^^^^^^^^^^^^^^^^^^^^^^^^^^^^^^^^^^^^^^^^^^^^^^^^^^^^^^^^^^^^
  File "D:\Lib\contextlib.py", line 81, in inner
    return func(*args, **kwds)
           ^^^^^^^^^^^^^^^^^^^
  File "D:\Lib\site-packages\django\contrib\auth\decorators.py", line 23, in _wrapper_view
    return view_func(request, *args, **kwargs)
           ^^^^^^^^^^^^^^^^^^^^^^^^^^^^^^^^^^^
  File "D:\Lib\site-packages\django\views\decorators\http.py", line 43, in inner
    return func(request, *args, **kwargs)
           ^^^^^^^^^^^^^^^^^^^^^^^^^^^^^^
  File "E:\Resume_Projects\lifedocs\accounts\views.py", line 450, in profile_view
    return render(request, 'accounts/profile.html', context)
           ^^^^^^^^^^^^^^^^^^^^^^^^^^^^^^^^^^^^^^^^^^^^^^^^^
  File "D:\Lib\site-packages\django\shortcuts.py", line 24, in render
    content = loader.render_to_string(template_name, context, request, using=using)
              ^^^^^^^^^^^^^^^^^^^^^^^^^^^^^^^^^^^^^^^^^^^^^^^^^^^^^^^^^^^^^^^^^^^^^
  File "D:\Lib\site-packages\django\template\loader.py", line 61, in render_to_string
    template = get_template(template_name, using=using)
               ^^^^^^^^^^^^^^^^^^^^^^^^^^^^^^^^^^^^^^^^
  File "D:\Lib\site-packages\django\template\loader.py", line 15, in get_template
    return engine.get_template(template_name)
           ^^^^^^^^^^^^^^^^^^^^^^^^^^^^^^^^^^
  File "D:\Lib\site-packages\django\template\backends\django.py", line 33, in get_template
    return Template(self.engine.get_template(template_name), self)
                    ^^^^^^^^^^^^^^^^^^^^^^^^^^^^^^^^^^^^^^^
  File "D:\Lib\site-packages\django\template\engine.py", line 175, in get_template
    template, origin = self.find_template(template_name)
                       ^^^^^^^^^^^^^^^^^^^^^^^^^^^^^^^^^
  File "D:\Lib\site-packages\django\template\engine.py", line 157, in find_template
    template = loader.get_template(name, skip=skip)
               ^^^^^^^^^^^^^^^^^^^^^^^^^^^^^^^^^^^^
  File "D:\Lib\site-packages\django\template\loaders\cached.py", line 57, in get_template
    template = super().get_template(template_name, skip)
               ^^^^^^^^^^^^^^^^^^^^^^^^^^^^^^^^^^^^^^^^^
  File "D:\Lib\site-packages\django\template\loaders\base.py", line 28, in get_template
    return Template(
           ^^^^^^^^^
  File "D:\Lib\site-packages\django\template\base.py", line 154, in __init__
    self.nodelist = self.compile_nodelist()
                    ^^^^^^^^^^^^^^^^^^^^^^^
  File "D:\Lib\site-packages\django\template\base.py", line 200, in compile_nodelist
    return parser.parse()
           ^^^^^^^^^^^^^^
  File "D:\Lib\site-packages\django\template\base.py", line 513, in parse
    raise self.error(token, e)
  File "D:\Lib\site-packages\django\template\base.py", line 511, in parse
    compiled_result = compile_func(self, token)
                      ^^^^^^^^^^^^^^^^^^^^^^^^^
  File "D:\Lib\site-packages\django\template\loader_tags.py", line 293, in do_extends
    nodelist = parser.parse()
               ^^^^^^^^^^^^^^
  File "D:\Lib\site-packages\django\template\base.py", line 513, in parse
    raise self.error(token, e)
  File "D:\Lib\site-packages\django\template\base.py", line 511, in parse
    compiled_result = compile_func(self, token)
                      ^^^^^^^^^^^^^^^^^^^^^^^^^
  File "D:\Lib\site-packages\django\template\loader_tags.py", line 232, in do_block
    nodelist = parser.parse(("endblock",))
               ^^^^^^^^^^^^^^^^^^^^^^^^^^^
  File "D:\Lib\site-packages\django\template\base.py", line 513, in parse
    raise self.error(token, e)
  File "D:\Lib\site-packages\django\template\base.py", line 511, in parse
    compiled_result = compile_func(self, token)
                      ^^^^^^^^^^^^^^^^^^^^^^^^^
  File "D:\Lib\site-packages\django\template\defaulttags.py", line 967, in do_if
    nodelist = parser.parse(("endif",))
               ^^^^^^^^^^^^^^^^^^^^^^^^
  File "D:\Lib\site-packages\django\template\base.py", line 507, in parse
    self.invalid_block_tag(token, command, parse_until)
  File "D:\Lib\site-packages\django\template\base.py", line 558, in invalid_block_tag
    raise self.error(
django.template.exceptions.TemplateSyntaxError: Invalid block tag on line 360: 'endblock', expected 'endif'. Did you forget to register or load this tag?
ERROR 2026-01-16 23:56:09,388 basehttp 44088 49264 "GET /accounts/profile/ HTTP/1.1" 500 219109
ERROR 2026-01-17 00:04:44,267 log 38264 49008 Internal Server Error: /accounts/profile/
Traceback (most recent call last):
  File "D:\Lib\site-packages\django\core\handlers\exception.py", line 55, in inner
    response = get_response(request)
               ^^^^^^^^^^^^^^^^^^^^^
  File "D:\Lib\site-packages\django\core\handlers\base.py", line 197, in _get_response
    response = wrapped_callback(request, *callback_args, **callback_kwargs)
               ^^^^^^^^^^^^^^^^^^^^^^^^^^^^^^^^^^^^^^^^^^^^^^^^^^^^^^^^^^^^
  File "D:\Lib\contextlib.py", line 81, in inner
    return func(*args, **kwds)
           ^^^^^^^^^^^^^^^^^^^
  File "D:\Lib\site-packages\django\contrib\auth\decorators.py", line 23, in _wrapper_view
    return view_func(request, *args, **kwargs)
           ^^^^^^^^^^^^^^^^^^^^^^^^^^^^^^^^^^^
  File "D:\Lib\site-packages\django\views\decorators\http.py", line 43, in inner
    return func(request, *args, **kwargs)
           ^^^^^^^^^^^^^^^^^^^^^^^^^^^^^^
  File "E:\Resume_Projects\lifedocs\accounts\views.py", line 450, in profile_view
    return render(request, 'accounts/profile.html', context)
           ^^^^^^^^^^^^^^^^^^^^^^^^^^^^^^^^^^^^^^^^^^^^^^^^^
  File "D:\Lib\site-packages\django\shortcuts.py", line 24, in render
    content = loader.render_to_string(template_name, context, request, using=using)
              ^^^^^^^^^^^^^^^^^^^^^^^^^^^^^^^^^^^^^^^^^^^^^^^^^^^^^^^^^^^^^^^^^^^^^
  File "D:\Lib\site-packages\django\template\loader.py", line 62, in render_to_string
    return template.render(context, request)
           ^^^^^^^^^^^^^^^^^^^^^^^^^^^^^^^^^
  File "D:\Lib\site-packages\django\template\backends\django.py", line 61, in render
    return self.template.render(context)
           ^^^^^^^^^^^^^^^^^^^^^^^^^^^^^
  File "D:\Lib\site-packages\django\template\base.py", line 175, in render
    return self._render(context)
           ^^^^^^^^^^^^^^^^^^^^^
  File "D:\Lib\site-packages\django\template\base.py", line 167, in _render
    return self.nodelist.render(context)
           ^^^^^^^^^^^^^^^^^^^^^^^^^^^^^
  File "D:\Lib\site-packages\django\template\base.py", line 1005, in render
    return SafeString("".join([node.render_annotated(context) for node in self]))
                              ^^^^^^^^^^^^^^^^^^^^^^^^^^^^^^^^^^^^^^^^^^^^^^^^^
  File "D:\Lib\site-packages\django\template\base.py", line 1005, in <listcomp>
    return SafeString("".join([node.render_annotated(context) for node in self]))
                               ^^^^^^^^^^^^^^^^^^^^^^^^^^^^^^
  File "D:\Lib\site-packages\django\template\base.py", line 966, in render_annotated
    return self.render(context)
           ^^^^^^^^^^^^^^^^^^^^
  File "D:\Lib\site-packages\django\template\loader_tags.py", line 157, in render
    return compiled_parent._render(context)
           ^^^^^^^^^^^^^^^^^^^^^^^^^^^^^^^^
  File "D:\Lib\site-packages\django\template\base.py", line 167, in _render
    return self.nodelist.render(context)
           ^^^^^^^^^^^^^^^^^^^^^^^^^^^^^
  File "D:\Lib\site-packages\django\template\base.py", line 1005, in render
    return SafeString("".join([node.render_annotated(context) for node in self]))
                              ^^^^^^^^^^^^^^^^^^^^^^^^^^^^^^^^^^^^^^^^^^^^^^^^^
  File "D:\Lib\site-packages\django\template\base.py", line 1005, in <listcomp>
    return SafeString("".join([node.render_annotated(context) for node in self]))
                               ^^^^^^^^^^^^^^^^^^^^^^^^^^^^^^
  File "D:\Lib\site-packages\django\template\base.py", line 966, in render_annotated
    return self.render(context)
           ^^^^^^^^^^^^^^^^^^^^
  File "D:\Lib\site-packages\django\template\loader_tags.py", line 63, in render
    result = block.nodelist.render(context)
             ^^^^^^^^^^^^^^^^^^^^^^^^^^^^^^
  File "D:\Lib\site-packages\django\template\base.py", line 1005, in render
    return SafeString("".join([node.render_annotated(context) for node in self]))
                              ^^^^^^^^^^^^^^^^^^^^^^^^^^^^^^^^^^^^^^^^^^^^^^^^^
  File "D:\Lib\site-packages\django\template\base.py", line 1005, in <listcomp>
    return SafeString("".join([node.render_annotated(context) for node in self]))
                               ^^^^^^^^^^^^^^^^^^^^^^^^^^^^^^
  File "D:\Lib\site-packages\django\template\base.py", line 966, in render_annotated
    return self.render(context)
           ^^^^^^^^^^^^^^^^^^^^
  File "D:\Lib\site-packages\django\template\defaulttags.py", line 471, in render
    url = reverse(view_name, args=args, kwargs=kwargs, current_app=current_app)
          ^^^^^^^^^^^^^^^^^^^^^^^^^^^^^^^^^^^^^^^^^^^^^^^^^^^^^^^^^^^^^^^^^^^^^
  File "D:\Lib\site-packages\django\urls\base.py", line 88, in reverse
    return resolver._reverse_with_prefix(view, prefix, *args, **kwargs)
           ^^^^^^^^^^^^^^^^^^^^^^^^^^^^^^^^^^^^^^^^^^^^^^^^^^^^^^^^^^^^
  File "D:\Lib\site-packages\django\urls\resolvers.py", line 828, in _reverse_with_prefix
    raise NoReverseMatch(msg)
django.urls.exceptions.NoReverseMatch: Reverse for 'change_password' not found. 'change_password' is not a valid view function or pattern name.
ERROR 2026-01-17 00:04:45,780 basehttp 38264 49008 "GET /accounts/profile/ HTTP/1.1" 500 191047
ERROR 2026-01-17 00:05:37,185 log 38264 44324 Internal Server Error: /accounts/profile/
Traceback (most recent call last):
  File "D:\Lib\site-packages\django\core\handlers\exception.py", line 55, in inner
    response = get_response(request)
               ^^^^^^^^^^^^^^^^^^^^^
  File "D:\Lib\site-packages\django\core\handlers\base.py", line 197, in _get_response
    response = wrapped_callback(request, *callback_args, **callback_kwargs)
               ^^^^^^^^^^^^^^^^^^^^^^^^^^^^^^^^^^^^^^^^^^^^^^^^^^^^^^^^^^^^
  File "D:\Lib\contextlib.py", line 81, in inner
    return func(*args, **kwds)
           ^^^^^^^^^^^^^^^^^^^
  File "D:\Lib\site-packages\django\contrib\auth\decorators.py", line 23, in _wrapper_view
    return view_func(request, *args, **kwargs)
           ^^^^^^^^^^^^^^^^^^^^^^^^^^^^^^^^^^^
  File "D:\Lib\site-packages\django\views\decorators\http.py", line 43, in inner
    return func(request, *args, **kwargs)
           ^^^^^^^^^^^^^^^^^^^^^^^^^^^^^^
  File "E:\Resume_Projects\lifedocs\accounts\views.py", line 450, in profile_view
    return render(request, 'accounts/profile.html', context)
           ^^^^^^^^^^^^^^^^^^^^^^^^^^^^^^^^^^^^^^^^^^^^^^^^^
  File "D:\Lib\site-packages\django\shortcuts.py", line 24, in render
    content = loader.render_to_string(template_name, context, request, using=using)
              ^^^^^^^^^^^^^^^^^^^^^^^^^^^^^^^^^^^^^^^^^^^^^^^^^^^^^^^^^^^^^^^^^^^^^
  File "D:\Lib\site-packages\django\template\loader.py", line 62, in render_to_string
    return template.render(context, request)
           ^^^^^^^^^^^^^^^^^^^^^^^^^^^^^^^^^
  File "D:\Lib\site-packages\django\template\backends\django.py", line 61, in render
    return self.template.render(context)
           ^^^^^^^^^^^^^^^^^^^^^^^^^^^^^
  File "D:\Lib\site-packages\django\template\base.py", line 175, in render
    return self._render(context)
           ^^^^^^^^^^^^^^^^^^^^^
  File "D:\Lib\site-packages\django\template\base.py", line 167, in _render
    return self.nodelist.render(context)
           ^^^^^^^^^^^^^^^^^^^^^^^^^^^^^
  File "D:\Lib\site-packages\django\template\base.py", line 1005, in render
    return SafeString("".join([node.render_annotated(context) for node in self]))
                              ^^^^^^^^^^^^^^^^^^^^^^^^^^^^^^^^^^^^^^^^^^^^^^^^^
  File "D:\Lib\site-packages\django\template\base.py", line 1005, in <listcomp>
    return SafeString("".join([node.render_annotated(context) for node in self]))
                               ^^^^^^^^^^^^^^^^^^^^^^^^^^^^^^
  File "D:\Lib\site-packages\django\template\base.py", line 966, in render_annotated
    return self.render(context)
           ^^^^^^^^^^^^^^^^^^^^
  File "D:\Lib\site-packages\django\template\loader_tags.py", line 157, in render
    return compiled_parent._render(context)
           ^^^^^^^^^^^^^^^^^^^^^^^^^^^^^^^^
  File "D:\Lib\site-packages\django\template\base.py", line 167, in _render
    return self.nodelist.render(context)
           ^^^^^^^^^^^^^^^^^^^^^^^^^^^^^
  File "D:\Lib\site-packages\django\template\base.py", line 1005, in render
    return SafeString("".join([node.render_annotated(context) for node in self]))
                              ^^^^^^^^^^^^^^^^^^^^^^^^^^^^^^^^^^^^^^^^^^^^^^^^^
  File "D:\Lib\site-packages\django\template\base.py", line 1005, in <listcomp>
    return SafeString("".join([node.render_annotated(context) for node in self]))
                               ^^^^^^^^^^^^^^^^^^^^^^^^^^^^^^
  File "D:\Lib\site-packages\django\template\base.py", line 966, in render_annotated
    return self.render(context)
           ^^^^^^^^^^^^^^^^^^^^
  File "D:\Lib\site-packages\django\template\loader_tags.py", line 63, in render
    result = block.nodelist.render(context)
             ^^^^^^^^^^^^^^^^^^^^^^^^^^^^^^
  File "D:\Lib\site-packages\django\template\base.py", line 1005, in render
    return SafeString("".join([node.render_annotated(context) for node in self]))
                              ^^^^^^^^^^^^^^^^^^^^^^^^^^^^^^^^^^^^^^^^^^^^^^^^^
  File "D:\Lib\site-packages\django\template\base.py", line 1005, in <listcomp>
    return SafeString("".join([node.render_annotated(context) for node in self]))
                               ^^^^^^^^^^^^^^^^^^^^^^^^^^^^^^
  File "D:\Lib\site-packages\django\template\base.py", line 966, in render_annotated
    return self.render(context)
           ^^^^^^^^^^^^^^^^^^^^
  File "D:\Lib\site-packages\django\template\defaulttags.py", line 471, in render
    url = reverse(view_name, args=args, kwargs=kwargs, current_app=current_app)
          ^^^^^^^^^^^^^^^^^^^^^^^^^^^^^^^^^^^^^^^^^^^^^^^^^^^^^^^^^^^^^^^^^^^^^
  File "D:\Lib\site-packages\django\urls\base.py", line 88, in reverse
    return resolver._reverse_with_prefix(view, prefix, *args, **kwargs)
           ^^^^^^^^^^^^^^^^^^^^^^^^^^^^^^^^^^^^^^^^^^^^^^^^^^^^^^^^^^^^
  File "D:\Lib\site-packages\django\urls\resolvers.py", line 828, in _reverse_with_prefix
    raise NoReverseMatch(msg)
django.urls.exceptions.NoReverseMatch: Reverse for 'change_password' not found. 'change_password' is not a valid view function or pattern name.
ERROR 2026-01-17 00:05:37,197 basehttp 38264 44324 "GET /accounts/profile/ HTTP/1.1" 500 191072
WARNING 2026-01-17 00:24:36,334 log 45780 25648 Not Found: /favicon.ico
WARNING 2026-01-17 00:24:36,439 basehttp 45780 25648 "GET /favicon.ico HTTP/1.1" 404 3019
ERROR 2026-01-17 00:34:00,969 log 9440 13232 Internal Server Error: /
Traceback (most recent call last):
  File "D:\Lib\site-packages\django\db\backends\utils.py", line 89, in _execute
    return self.cursor.execute(sql, params)
           ^^^^^^^^^^^^^^^^^^^^^^^^^^^^^^^^
  File "D:\Lib\site-packages\django\db\backends\sqlite3\base.py", line 328, in execute
    return super().execute(query, params)
           ^^^^^^^^^^^^^^^^^^^^^^^^^^^^^^
sqlite3.OperationalError: no such column: users.profile_image

The above exception was the direct cause of the following exception:

Traceback (most recent call last):
  File "D:\Lib\site-packages\django\core\handlers\exception.py", line 55, in inner
    response = get_response(request)
               ^^^^^^^^^^^^^^^^^^^^^
  File "D:\Lib\site-packages\django\core\handlers\base.py", line 197, in _get_response
    response = wrapped_callback(request, *callback_args, **callback_kwargs)
               ^^^^^^^^^^^^^^^^^^^^^^^^^^^^^^^^^^^^^^^^^^^^^^^^^^^^^^^^^^^^
  File "D:\Lib\contextlib.py", line 81, in inner
    return func(*args, **kwds)
           ^^^^^^^^^^^^^^^^^^^
  File "D:\Lib\site-packages\django\views\decorators\http.py", line 43, in inner
    return func(request, *args, **kwargs)
           ^^^^^^^^^^^^^^^^^^^^^^^^^^^^^^
  File "E:\Resume_Projects\lifedocs\core\home_views.py", line 43, in home_view
    return render(request, 'home.html', context)
           ^^^^^^^^^^^^^^^^^^^^^^^^^^^^^^^^^^^^^
  File "D:\Lib\site-packages\django\shortcuts.py", line 24, in render
    content = loader.render_to_string(template_name, context, request, using=using)
              ^^^^^^^^^^^^^^^^^^^^^^^^^^^^^^^^^^^^^^^^^^^^^^^^^^^^^^^^^^^^^^^^^^^^^
  File "D:\Lib\site-packages\django\template\loader.py", line 62, in render_to_string
    return template.render(context, request)
           ^^^^^^^^^^^^^^^^^^^^^^^^^^^^^^^^^
  File "D:\Lib\site-packages\django\template\backends\django.py", line 61, in render
    return self.template.render(context)
           ^^^^^^^^^^^^^^^^^^^^^^^^^^^^^
  File "D:\Lib\site-packages\django\template\base.py", line 175, in render
    return self._render(context)
           ^^^^^^^^^^^^^^^^^^^^^
  File "D:\Lib\site-packages\django\template\base.py", line 167, in _render
    return self.nodelist.render(context)
           ^^^^^^^^^^^^^^^^^^^^^^^^^^^^^
  File "D:\Lib\site-packages\django\template\base.py", line 1005, in render
    return SafeString("".join([node.render_annotated(context) for node in self]))
                              ^^^^^^^^^^^^^^^^^^^^^^^^^^^^^^^^^^^^^^^^^^^^^^^^^
  File "D:\Lib\site-packages\django\template\base.py", line 1005, in <listcomp>
    return SafeString("".join([node.render_annotated(context) for node in self]))
                               ^^^^^^^^^^^^^^^^^^^^^^^^^^^^^^
  File "D:\Lib\site-packages\django\template\base.py", line 966, in render_annotated
    return self.render(context)
           ^^^^^^^^^^^^^^^^^^^^
  File "D:\Lib\site-packages\django\template\loader_tags.py", line 157, in render
    return compiled_parent._render(context)
           ^^^^^^^^^^^^^^^^^^^^^^^^^^^^^^^^
  File "D:\Lib\site-packages\django\template\base.py", line 167, in _render
    return self.nodelist.render(context)
           ^^^^^^^^^^^^^^^^^^^^^^^^^^^^^
  File "D:\Lib\site-packages\django\template\base.py", line 1005, in render
    return SafeString("".join([node.render_annotated(context) for node in self]))
                              ^^^^^^^^^^^^^^^^^^^^^^^^^^^^^^^^^^^^^^^^^^^^^^^^^
  File "D:\Lib\site-packages\django\template\base.py", line 1005, in <listcomp>
    return SafeString("".join([node.render_annotated(context) for node in self]))
                               ^^^^^^^^^^^^^^^^^^^^^^^^^^^^^^
  File "D:\Lib\site-packages\django\template\base.py", line 966, in render_annotated
    return self.render(context)
           ^^^^^^^^^^^^^^^^^^^^
  File "D:\Lib\site-packages\django\template\defaulttags.py", line 314, in render
    match = condition.eval(context)
            ^^^^^^^^^^^^^^^^^^^^^^^
  File "D:\Lib\site-packages\django\template\defaulttags.py", line 877, in eval
    return self.value.resolve(context, ignore_failures=True)
           ^^^^^^^^^^^^^^^^^^^^^^^^^^^^^^^^^^^^^^^^^^^^^^^^^
  File "D:\Lib\site-packages\django\template\base.py", line 715, in resolve
    obj = self.var.resolve(context)
          ^^^^^^^^^^^^^^^^^^^^^^^^^
  File "D:\Lib\site-packages\django\template\base.py", line 847, in resolve
    value = self._resolve_lookup(context)
            ^^^^^^^^^^^^^^^^^^^^^^^^^^^^^
  File "D:\Lib\site-packages\django\template\base.py", line 880, in _resolve_lookup
    current = current[bit]
              ~~~~~~~^^^^^
  File "D:\Lib\site-packages\django\utils\functional.py", line 266, in inner
    self._setup()
  File "D:\Lib\site-packages\django\utils\functional.py", line 419, in _setup
    self._wrapped = self._setupfunc()
                    ^^^^^^^^^^^^^^^^^
  File "D:\Lib\site-packages\django\contrib\auth\middleware.py", line 25, in <lambda>
    request.user = SimpleLazyObject(lambda: get_user(request))
                                            ^^^^^^^^^^^^^^^^^
  File "D:\Lib\site-packages\django\contrib\auth\middleware.py", line 11, in get_user
    request._cached_user = auth.get_user(request)
                           ^^^^^^^^^^^^^^^^^^^^^^
  File "D:\Lib\site-packages\django\contrib\auth\__init__.py", line 198, in get_user
    user = backend.get_user(user_id)
           ^^^^^^^^^^^^^^^^^^^^^^^^^
  File "D:\Lib\site-packages\django\contrib\auth\backends.py", line 161, in get_user
    user = UserModel._default_manager.get(pk=user_id)
           ^^^^^^^^^^^^^^^^^^^^^^^^^^^^^^^^^^^^^^^^^^
  File "D:\Lib\site-packages\django\db\models\manager.py", line 87, in manager_method
    return getattr(self.get_queryset(), name)(*args, **kwargs)
           ^^^^^^^^^^^^^^^^^^^^^^^^^^^^^^^^^^^^^^^^^^^^^^^^^^^
  File "D:\Lib\site-packages\django\db\models\query.py", line 633, in get
    num = len(clone)
          ^^^^^^^^^^
  File "D:\Lib\site-packages\django\db\models\query.py", line 380, in __len__
    self._fetch_all()
  File "D:\Lib\site-packages\django\db\models\query.py", line 1881, in _fetch_all
    self._result_cache = list(self._iterable_class(self))
                         ^^^^^^^^^^^^^^^^^^^^^^^^^^^^^^^^
  File "D:\Lib\site-packages\django\db\models\query.py", line 91, in __iter__
    results = compiler.execute_sql(
              ^^^^^^^^^^^^^^^^^^^^^
  File "D:\Lib\site-packages\django\db\models\sql\compiler.py", line 1562, in execute_sql
    cursor.execute(sql, params)
  File "D:\Lib\site-packages\django\db\backends\utils.py", line 102, in execute
    return super().execute(sql, params)
           ^^^^^^^^^^^^^^^^^^^^^^^^^^^^
  File "D:\Lib\site-packages\django\db\backends\utils.py", line 67, in execute
    return self._execute_with_wrappers(
           ^^^^^^^^^^^^^^^^^^^^^^^^^^^^
  File "D:\Lib\site-packages\django\db\backends\utils.py", line 80, in _execute_with_wrappers
    return executor(sql, params, many, context)
           ^^^^^^^^^^^^^^^^^^^^^^^^^^^^^^^^^^^^
  File "D:\Lib\site-packages\django\db\backends\utils.py", line 84, in _execute
    with self.db.wrap_database_errors:
  File "D:\Lib\site-packages\django\db\utils.py", line 91, in __exit__
    raise dj_exc_value.with_traceback(traceback) from exc_value
  File "D:\Lib\site-packages\django\db\backends\utils.py", line 89, in _execute
    return self.cursor.execute(sql, params)
           ^^^^^^^^^^^^^^^^^^^^^^^^^^^^^^^^
  File "D:\Lib\site-packages\django\db\backends\sqlite3\base.py", line 328, in execute
    return super().execute(query, params)
           ^^^^^^^^^^^^^^^^^^^^^^^^^^^^^^
django.db.utils.OperationalError: no such column: users.profile_image
ERROR 2026-01-17 00:34:01,127 basehttp 9440 13232 "GET / HTTP/1.1" 500 286482
ERROR 2026-01-17 00:34:02,683 log 9440 47948 Internal Server Error: /
Traceback (most recent call last):
  File "D:\Lib\site-packages\django\db\backends\utils.py", line 89, in _execute
    return self.cursor.execute(sql, params)
           ^^^^^^^^^^^^^^^^^^^^^^^^^^^^^^^^
  File "D:\Lib\site-packages\django\db\backends\sqlite3\base.py", line 328, in execute
    return super().execute(query, params)
           ^^^^^^^^^^^^^^^^^^^^^^^^^^^^^^
sqlite3.OperationalError: no such column: users.profile_image

The above exception was the direct cause of the following exception:

Traceback (most recent call last):
  File "D:\Lib\site-packages\django\core\handlers\exception.py", line 55, in inner
    response = get_response(request)
               ^^^^^^^^^^^^^^^^^^^^^
  File "D:\Lib\site-packages\django\core\handlers\base.py", line 197, in _get_response
    response = wrapped_callback(request, *callback_args, **callback_kwargs)
               ^^^^^^^^^^^^^^^^^^^^^^^^^^^^^^^^^^^^^^^^^^^^^^^^^^^^^^^^^^^^
  File "D:\Lib\contextlib.py", line 81, in inner
    return func(*args, **kwds)
           ^^^^^^^^^^^^^^^^^^^
  File "D:\Lib\site-packages\django\views\decorators\http.py", line 43, in inner
    return func(request, *args, **kwargs)
           ^^^^^^^^^^^^^^^^^^^^^^^^^^^^^^
  File "E:\Resume_Projects\lifedocs\core\home_views.py", line 43, in home_view
    return render(request, 'home.html', context)
           ^^^^^^^^^^^^^^^^^^^^^^^^^^^^^^^^^^^^^
  File "D:\Lib\site-packages\django\shortcuts.py", line 24, in render
    content = loader.render_to_string(template_name, context, request, using=using)
              ^^^^^^^^^^^^^^^^^^^^^^^^^^^^^^^^^^^^^^^^^^^^^^^^^^^^^^^^^^^^^^^^^^^^^
  File "D:\Lib\site-packages\django\template\loader.py", line 62, in render_to_string
    return template.render(context, request)
           ^^^^^^^^^^^^^^^^^^^^^^^^^^^^^^^^^
  File "D:\Lib\site-packages\django\template\backends\django.py", line 61, in render
    return self.template.render(context)
           ^^^^^^^^^^^^^^^^^^^^^^^^^^^^^
  File "D:\Lib\site-packages\django\template\base.py", line 175, in render
    return self._render(context)
           ^^^^^^^^^^^^^^^^^^^^^
  File "D:\Lib\site-packages\django\template\base.py", line 167, in _render
    return self.nodelist.render(context)
           ^^^^^^^^^^^^^^^^^^^^^^^^^^^^^
  File "D:\Lib\site-packages\django\template\base.py", line 1005, in render
    return SafeString("".join([node.render_annotated(context) for node in self]))
                              ^^^^^^^^^^^^^^^^^^^^^^^^^^^^^^^^^^^^^^^^^^^^^^^^^
  File "D:\Lib\site-packages\django\template\base.py", line 1005, in <listcomp>
    return SafeString("".join([node.render_annotated(context) for node in self]))
                               ^^^^^^^^^^^^^^^^^^^^^^^^^^^^^^
  File "D:\Lib\site-packages\django\template\base.py", line 966, in render_annotated
    return self.render(context)
           ^^^^^^^^^^^^^^^^^^^^
  File "D:\Lib\site-packages\django\template\loader_tags.py", line 157, in render
    return compiled_parent._render(context)
           ^^^^^^^^^^^^^^^^^^^^^^^^^^^^^^^^
  File "D:\Lib\site-packages\django\template\base.py", line 167, in _render
    return self.nodelist.render(context)
           ^^^^^^^^^^^^^^^^^^^^^^^^^^^^^
  File "D:\Lib\site-packages\django\template\base.py", line 1005, in render
    return SafeString("".join([node.render_annotated(context) for node in self]))
                              ^^^^^^^^^^^^^^^^^^^^^^^^^^^^^^^^^^^^^^^^^^^^^^^^^
  File "D:\Lib\site-packages\django\template\base.py", line 1005, in <listcomp>
    return SafeString("".join([node.render_annotated(context) for node in self]))
                               ^^^^^^^^^^^^^^^^^^^^^^^^^^^^^^
  File "D:\Lib\site-packages\django\template\base.py", line 966, in render_annotated
    return self.render(context)
           ^^^^^^^^^^^^^^^^^^^^
  File "D:\Lib\site-packages\django\template\defaulttags.py", line 314, in render
    match = condition.eval(context)
            ^^^^^^^^^^^^^^^^^^^^^^^
  File "D:\Lib\site-packages\django\template\defaulttags.py", line 877, in eval
    return self.value.resolve(context, ignore_failures=True)
           ^^^^^^^^^^^^^^^^^^^^^^^^^^^^^^^^^^^^^^^^^^^^^^^^^
  File "D:\Lib\site-packages\django\template\base.py", line 715, in resolve
    obj = self.var.resolve(context)
          ^^^^^^^^^^^^^^^^^^^^^^^^^
  File "D:\Lib\site-packages\django\template\base.py", line 847, in resolve
    value = self._resolve_lookup(context)
            ^^^^^^^^^^^^^^^^^^^^^^^^^^^^^
  File "D:\Lib\site-packages\django\template\base.py", line 880, in _resolve_lookup
    current = current[bit]
              ~~~~~~~^^^^^
  File "D:\Lib\site-packages\django\utils\functional.py", line 266, in inner
    self._setup()
  File "D:\Lib\site-packages\django\utils\functional.py", line 419, in _setup
    self._wrapped = self._setupfunc()
                    ^^^^^^^^^^^^^^^^^
  File "D:\Lib\site-packages\django\contrib\auth\middleware.py", line 25, in <lambda>
    request.user = SimpleLazyObject(lambda: get_user(request))
                                            ^^^^^^^^^^^^^^^^^
  File "D:\Lib\site-packages\django\contrib\auth\middleware.py", line 11, in get_user
    request._cached_user = auth.get_user(request)
                           ^^^^^^^^^^^^^^^^^^^^^^
  File "D:\Lib\site-packages\django\contrib\auth\__init__.py", line 198, in get_user
    user = backend.get_user(user_id)
           ^^^^^^^^^^^^^^^^^^^^^^^^^
  File "D:\Lib\site-packages\django\contrib\auth\backends.py", line 161, in get_user
    user = UserModel._default_manager.get(pk=user_id)
           ^^^^^^^^^^^^^^^^^^^^^^^^^^^^^^^^^^^^^^^^^^
  File "D:\Lib\site-packages\django\db\models\manager.py", line 87, in manager_method
    return getattr(self.get_queryset(), name)(*args, **kwargs)
           ^^^^^^^^^^^^^^^^^^^^^^^^^^^^^^^^^^^^^^^^^^^^^^^^^^^
  File "D:\Lib\site-packages\django\db\models\query.py", line 633, in get
    num = len(clone)
          ^^^^^^^^^^
  File "D:\Lib\site-packages\django\db\models\query.py", line 380, in __len__
    self._fetch_all()
  File "D:\Lib\site-packages\django\db\models\query.py", line 1881, in _fetch_all
    self._result_cache = list(self._iterable_class(self))
                         ^^^^^^^^^^^^^^^^^^^^^^^^^^^^^^^^
  File "D:\Lib\site-packages\django\db\models\query.py", line 91, in __iter__
    results = compiler.execute_sql(
              ^^^^^^^^^^^^^^^^^^^^^
  File "D:\Lib\site-packages\django\db\models\sql\compiler.py", line 1562, in execute_sql
    cursor.execute(sql, params)
  File "D:\Lib\site-packages\django\db\backends\utils.py", line 102, in execute
    return super().execute(sql, params)
           ^^^^^^^^^^^^^^^^^^^^^^^^^^^^
  File "D:\Lib\site-packages\django\db\backends\utils.py", line 67, in execute
    return self._execute_with_wrappers(
           ^^^^^^^^^^^^^^^^^^^^^^^^^^^^
  File "D:\Lib\site-packages\django\db\backends\utils.py", line 80, in _execute_with_wrappers
    return executor(sql, params, many, context)
           ^^^^^^^^^^^^^^^^^^^^^^^^^^^^^^^^^^^^
  File "D:\Lib\site-packages\django\db\backends\utils.py", line 84, in _execute
    with self.db.wrap_database_errors:
  File "D:\Lib\site-packages\django\db\utils.py", line 91, in __exit__
    raise dj_exc_value.with_traceback(traceback) from exc_value
  File "D:\Lib\site-packages\django\db\backends\utils.py", line 89, in _execute
    return self.cursor.execute(sql, params)
           ^^^^^^^^^^^^^^^^^^^^^^^^^^^^^^^^
  File "D:\Lib\site-packages\django\db\backends\sqlite3\base.py", line 328, in execute
    return super().execute(query, params)
           ^^^^^^^^^^^^^^^^^^^^^^^^^^^^^^
django.db.utils.OperationalError: no such column: users.profile_image
ERROR 2026-01-17 00:34:02,699 basehttp 9440 47948 "GET / HTTP/1.1" 500 286482
ERROR 2026-01-17 00:34:08,554 log 9440 19016 Internal Server Error: /
Traceback (most recent call last):
  File "D:\Lib\site-packages\django\db\backends\utils.py", line 89, in _execute
    return self.cursor.execute(sql, params)
           ^^^^^^^^^^^^^^^^^^^^^^^^^^^^^^^^
  File "D:\Lib\site-packages\django\db\backends\sqlite3\base.py", line 328, in execute
    return super().execute(query, params)
           ^^^^^^^^^^^^^^^^^^^^^^^^^^^^^^
sqlite3.OperationalError: no such column: users.profile_image

The above exception was the direct cause of the following exception:

Traceback (most recent call last):
  File "D:\Lib\site-packages\django\core\handlers\exception.py", line 55, in inner
    response = get_response(request)
               ^^^^^^^^^^^^^^^^^^^^^
  File "D:\Lib\site-packages\django\core\handlers\base.py", line 197, in _get_response
    response = wrapped_callback(request, *callback_args, **callback_kwargs)
               ^^^^^^^^^^^^^^^^^^^^^^^^^^^^^^^^^^^^^^^^^^^^^^^^^^^^^^^^^^^^
  File "D:\Lib\contextlib.py", line 81, in inner
    return func(*args, **kwds)
           ^^^^^^^^^^^^^^^^^^^
  File "D:\Lib\site-packages\django\views\decorators\http.py", line 43, in inner
    return func(request, *args, **kwargs)
           ^^^^^^^^^^^^^^^^^^^^^^^^^^^^^^
  File "E:\Resume_Projects\lifedocs\core\home_views.py", line 43, in home_view
    return render(request, 'home.html', context)
           ^^^^^^^^^^^^^^^^^^^^^^^^^^^^^^^^^^^^^
  File "D:\Lib\site-packages\django\shortcuts.py", line 24, in render
    content = loader.render_to_string(template_name, context, request, using=using)
              ^^^^^^^^^^^^^^^^^^^^^^^^^^^^^^^^^^^^^^^^^^^^^^^^^^^^^^^^^^^^^^^^^^^^^
  File "D:\Lib\site-packages\django\template\loader.py", line 62, in render_to_string
    return template.render(context, request)
           ^^^^^^^^^^^^^^^^^^^^^^^^^^^^^^^^^
  File "D:\Lib\site-packages\django\template\backends\django.py", line 61, in render
    return self.template.render(context)
           ^^^^^^^^^^^^^^^^^^^^^^^^^^^^^
  File "D:\Lib\site-packages\django\template\base.py", line 175, in render
    return self._render(context)
           ^^^^^^^^^^^^^^^^^^^^^
  File "D:\Lib\site-packages\django\template\base.py", line 167, in _render
    return self.nodelist.render(context)
           ^^^^^^^^^^^^^^^^^^^^^^^^^^^^^
  File "D:\Lib\site-packages\django\template\base.py", line 1005, in render
    return SafeString("".join([node.render_annotated(context) for node in self]))
                              ^^^^^^^^^^^^^^^^^^^^^^^^^^^^^^^^^^^^^^^^^^^^^^^^^
  File "D:\Lib\site-packages\django\template\base.py", line 1005, in <listcomp>
    return SafeString("".join([node.render_annotated(context) for node in self]))
                               ^^^^^^^^^^^^^^^^^^^^^^^^^^^^^^
  File "D:\Lib\site-packages\django\template\base.py", line 966, in render_annotated
    return self.render(context)
           ^^^^^^^^^^^^^^^^^^^^
  File "D:\Lib\site-packages\django\template\loader_tags.py", line 157, in render
    return compiled_parent._render(context)
           ^^^^^^^^^^^^^^^^^^^^^^^^^^^^^^^^
  File "D:\Lib\site-packages\django\template\base.py", line 167, in _render
    return self.nodelist.render(context)
           ^^^^^^^^^^^^^^^^^^^^^^^^^^^^^
  File "D:\Lib\site-packages\django\template\base.py", line 1005, in render
    return SafeString("".join([node.render_annotated(context) for node in self]))
                              ^^^^^^^^^^^^^^^^^^^^^^^^^^^^^^^^^^^^^^^^^^^^^^^^^
  File "D:\Lib\site-packages\django\template\base.py", line 1005, in <listcomp>
    return SafeString("".join([node.render_annotated(context) for node in self]))
                               ^^^^^^^^^^^^^^^^^^^^^^^^^^^^^^
  File "D:\Lib\site-packages\django\template\base.py", line 966, in render_annotated
    return self.render(context)
           ^^^^^^^^^^^^^^^^^^^^
  File "D:\Lib\site-packages\django\template\defaulttags.py", line 314, in render
    match = condition.eval(context)
            ^^^^^^^^^^^^^^^^^^^^^^^
  File "D:\Lib\site-packages\django\template\defaulttags.py", line 877, in eval
    return self.value.resolve(context, ignore_failures=True)
           ^^^^^^^^^^^^^^^^^^^^^^^^^^^^^^^^^^^^^^^^^^^^^^^^^
  File "D:\Lib\site-packages\django\template\base.py", line 715, in resolve
    obj = self.var.resolve(context)
          ^^^^^^^^^^^^^^^^^^^^^^^^^
  File "D:\Lib\site-packages\django\template\base.py", line 847, in resolve
    value = self._resolve_lookup(context)
            ^^^^^^^^^^^^^^^^^^^^^^^^^^^^^
  File "D:\Lib\site-packages\django\template\base.py", line 880, in _resolve_lookup
    current = current[bit]
              ~~~~~~~^^^^^
  File "D:\Lib\site-packages\django\utils\functional.py", line 266, in inner
    self._setup()
  File "D:\Lib\site-packages\django\utils\functional.py", line 419, in _setup
    self._wrapped = self._setupfunc()
                    ^^^^^^^^^^^^^^^^^
  File "D:\Lib\site-packages\django\contrib\auth\middleware.py", line 25, in <lambda>
    request.user = SimpleLazyObject(lambda: get_user(request))
                                            ^^^^^^^^^^^^^^^^^
  File "D:\Lib\site-packages\django\contrib\auth\middleware.py", line 11, in get_user
    request._cached_user = auth.get_user(request)
                           ^^^^^^^^^^^^^^^^^^^^^^
  File "D:\Lib\site-packages\django\contrib\auth\__init__.py", line 198, in get_user
    user = backend.get_user(user_id)
           ^^^^^^^^^^^^^^^^^^^^^^^^^
  File "D:\Lib\site-packages\django\contrib\auth\backends.py", line 161, in get_user
    user = UserModel._default_manager.get(pk=user_id)
           ^^^^^^^^^^^^^^^^^^^^^^^^^^^^^^^^^^^^^^^^^^
  File "D:\Lib\site-packages\django\db\models\manager.py", line 87, in manager_method
    return getattr(self.get_queryset(), name)(*args, **kwargs)
           ^^^^^^^^^^^^^^^^^^^^^^^^^^^^^^^^^^^^^^^^^^^^^^^^^^^
  File "D:\Lib\site-packages\django\db\models\query.py", line 633, in get
    num = len(clone)
          ^^^^^^^^^^
  File "D:\Lib\site-packages\django\db\models\query.py", line 380, in __len__
    self._fetch_all()
  File "D:\Lib\site-packages\django\db\models\query.py", line 1881, in _fetch_all
    self._result_cache = list(self._iterable_class(self))
                         ^^^^^^^^^^^^^^^^^^^^^^^^^^^^^^^^
  File "D:\Lib\site-packages\django\db\models\query.py", line 91, in __iter__
    results = compiler.execute_sql(
              ^^^^^^^^^^^^^^^^^^^^^
  File "D:\Lib\site-packages\django\db\models\sql\compiler.py", line 1562, in execute_sql
    cursor.execute(sql, params)
  File "D:\Lib\site-packages\django\db\backends\utils.py", line 102, in execute
    return super().execute(sql, params)
           ^^^^^^^^^^^^^^^^^^^^^^^^^^^^
  File "D:\Lib\site-packages\django\db\backends\utils.py", line 67, in execute
    return self._execute_with_wrappers(
           ^^^^^^^^^^^^^^^^^^^^^^^^^^^^
  File "D:\Lib\site-packages\django\db\backends\utils.py", line 80, in _execute_with_wrappers
    return executor(sql, params, many, context)
           ^^^^^^^^^^^^^^^^^^^^^^^^^^^^^^^^^^^^
  File "D:\Lib\site-packages\django\db\backends\utils.py", line 84, in _execute
    with self.db.wrap_database_errors:
  File "D:\Lib\site-packages\django\db\utils.py", line 91, in __exit__
    raise dj_exc_value.with_traceback(traceback) from exc_value
  File "D:\Lib\site-packages\django\db\backends\utils.py", line 89, in _execute
    return self.cursor.execute(sql, params)
           ^^^^^^^^^^^^^^^^^^^^^^^^^^^^^^^^
  File "D:\Lib\site-packages\django\db\backends\sqlite3\base.py", line 328, in execute
    return super().execute(query, params)
           ^^^^^^^^^^^^^^^^^^^^^^^^^^^^^^
django.db.utils.OperationalError: no such column: users.profile_image
ERROR 2026-01-17 00:34:08,579 basehttp 9440 19016 "GET / HTTP/1.1" 500 286619
ERROR 2026-01-17 00:34:44,649 log 38328 42284 Internal Server Error: /
Traceback (most recent call last):
  File "D:\Lib\site-packages\django\db\backends\utils.py", line 89, in _execute
    return self.cursor.execute(sql, params)
           ^^^^^^^^^^^^^^^^^^^^^^^^^^^^^^^^
  File "D:\Lib\site-packages\django\db\backends\sqlite3\base.py", line 328, in execute
    return super().execute(query, params)
           ^^^^^^^^^^^^^^^^^^^^^^^^^^^^^^
sqlite3.OperationalError: no such column: users.profile_image

The above exception was the direct cause of the following exception:

Traceback (most recent call last):
  File "D:\Lib\site-packages\django\core\handlers\exception.py", line 55, in inner
    response = get_response(request)
               ^^^^^^^^^^^^^^^^^^^^^
  File "D:\Lib\site-packages\django\core\handlers\base.py", line 197, in _get_response
    response = wrapped_callback(request, *callback_args, **callback_kwargs)
               ^^^^^^^^^^^^^^^^^^^^^^^^^^^^^^^^^^^^^^^^^^^^^^^^^^^^^^^^^^^^
  File "D:\Lib\contextlib.py", line 81, in inner
    return func(*args, **kwds)
           ^^^^^^^^^^^^^^^^^^^
  File "D:\Lib\site-packages\django\views\decorators\http.py", line 43, in inner
    return func(request, *args, **kwargs)
           ^^^^^^^^^^^^^^^^^^^^^^^^^^^^^^
  File "E:\Resume_Projects\lifedocs\core\home_views.py", line 43, in home_view
    return render(request, 'home.html', context)
           ^^^^^^^^^^^^^^^^^^^^^^^^^^^^^^^^^^^^^
  File "D:\Lib\site-packages\django\shortcuts.py", line 24, in render
    content = loader.render_to_string(template_name, context, request, using=using)
              ^^^^^^^^^^^^^^^^^^^^^^^^^^^^^^^^^^^^^^^^^^^^^^^^^^^^^^^^^^^^^^^^^^^^^
  File "D:\Lib\site-packages\django\template\loader.py", line 62, in render_to_string
    return template.render(context, request)
           ^^^^^^^^^^^^^^^^^^^^^^^^^^^^^^^^^
  File "D:\Lib\site-packages\django\template\backends\django.py", line 61, in render
    return self.template.render(context)
           ^^^^^^^^^^^^^^^^^^^^^^^^^^^^^
  File "D:\Lib\site-packages\django\template\base.py", line 175, in render
    return self._render(context)
           ^^^^^^^^^^^^^^^^^^^^^
  File "D:\Lib\site-packages\django\template\base.py", line 167, in _render
    return self.nodelist.render(context)
           ^^^^^^^^^^^^^^^^^^^^^^^^^^^^^
  File "D:\Lib\site-packages\django\template\base.py", line 1005, in render
    return SafeString("".join([node.render_annotated(context) for node in self]))
                              ^^^^^^^^^^^^^^^^^^^^^^^^^^^^^^^^^^^^^^^^^^^^^^^^^
  File "D:\Lib\site-packages\django\template\base.py", line 1005, in <listcomp>
    return SafeString("".join([node.render_annotated(context) for node in self]))
                               ^^^^^^^^^^^^^^^^^^^^^^^^^^^^^^
  File "D:\Lib\site-packages\django\template\base.py", line 966, in render_annotated
    return self.render(context)
           ^^^^^^^^^^^^^^^^^^^^
  File "D:\Lib\site-packages\django\template\loader_tags.py", line 157, in render
    return compiled_parent._render(context)
           ^^^^^^^^^^^^^^^^^^^^^^^^^^^^^^^^
  File "D:\Lib\site-packages\django\template\base.py", line 167, in _render
    return self.nodelist.render(context)
           ^^^^^^^^^^^^^^^^^^^^^^^^^^^^^
  File "D:\Lib\site-packages\django\template\base.py", line 1005, in render
    return SafeString("".join([node.render_annotated(context) for node in self]))
                              ^^^^^^^^^^^^^^^^^^^^^^^^^^^^^^^^^^^^^^^^^^^^^^^^^
  File "D:\Lib\site-packages\django\template\base.py", line 1005, in <listcomp>
    return SafeString("".join([node.render_annotated(context) for node in self]))
                               ^^^^^^^^^^^^^^^^^^^^^^^^^^^^^^
  File "D:\Lib\site-packages\django\template\base.py", line 966, in render_annotated
    return self.render(context)
           ^^^^^^^^^^^^^^^^^^^^
  File "D:\Lib\site-packages\django\template\defaulttags.py", line 314, in render
    match = condition.eval(context)
            ^^^^^^^^^^^^^^^^^^^^^^^
  File "D:\Lib\site-packages\django\template\defaulttags.py", line 877, in eval
    return self.value.resolve(context, ignore_failures=True)
           ^^^^^^^^^^^^^^^^^^^^^^^^^^^^^^^^^^^^^^^^^^^^^^^^^
  File "D:\Lib\site-packages\django\template\base.py", line 715, in resolve
    obj = self.var.resolve(context)
          ^^^^^^^^^^^^^^^^^^^^^^^^^
  File "D:\Lib\site-packages\django\template\base.py", line 847, in resolve
    value = self._resolve_lookup(context)
            ^^^^^^^^^^^^^^^^^^^^^^^^^^^^^
  File "D:\Lib\site-packages\django\template\base.py", line 880, in _resolve_lookup
    current = current[bit]
              ~~~~~~~^^^^^
  File "D:\Lib\site-packages\django\utils\functional.py", line 266, in inner
    self._setup()
  File "D:\Lib\site-packages\django\utils\functional.py", line 419, in _setup
    self._wrapped = self._setupfunc()
                    ^^^^^^^^^^^^^^^^^
  File "D:\Lib\site-packages\django\contrib\auth\middleware.py", line 25, in <lambda>
    request.user = SimpleLazyObject(lambda: get_user(request))
                                            ^^^^^^^^^^^^^^^^^
  File "D:\Lib\site-packages\django\contrib\auth\middleware.py", line 11, in get_user
    request._cached_user = auth.get_user(request)
                           ^^^^^^^^^^^^^^^^^^^^^^
  File "D:\Lib\site-packages\django\contrib\auth\__init__.py", line 198, in get_user
    user = backend.get_user(user_id)
           ^^^^^^^^^^^^^^^^^^^^^^^^^
  File "D:\Lib\site-packages\django\contrib\auth\backends.py", line 161, in get_user
    user = UserModel._default_manager.get(pk=user_id)
           ^^^^^^^^^^^^^^^^^^^^^^^^^^^^^^^^^^^^^^^^^^
  File "D:\Lib\site-packages\django\db\models\manager.py", line 87, in manager_method
    return getattr(self.get_queryset(), name)(*args, **kwargs)
           ^^^^^^^^^^^^^^^^^^^^^^^^^^^^^^^^^^^^^^^^^^^^^^^^^^^
  File "D:\Lib\site-packages\django\db\models\query.py", line 633, in get
    num = len(clone)
          ^^^^^^^^^^
  File "D:\Lib\site-packages\django\db\models\query.py", line 380, in __len__
    self._fetch_all()
  File "D:\Lib\site-packages\django\db\models\query.py", line 1881, in _fetch_all
    self._result_cache = list(self._iterable_class(self))
                         ^^^^^^^^^^^^^^^^^^^^^^^^^^^^^^^^
  File "D:\Lib\site-packages\django\db\models\query.py", line 91, in __iter__
    results = compiler.execute_sql(
              ^^^^^^^^^^^^^^^^^^^^^
  File "D:\Lib\site-packages\django\db\models\sql\compiler.py", line 1562, in execute_sql
    cursor.execute(sql, params)
  File "D:\Lib\site-packages\django\db\backends\utils.py", line 102, in execute
    return super().execute(sql, params)
           ^^^^^^^^^^^^^^^^^^^^^^^^^^^^
  File "D:\Lib\site-packages\django\db\backends\utils.py", line 67, in execute
    return self._execute_with_wrappers(
           ^^^^^^^^^^^^^^^^^^^^^^^^^^^^
  File "D:\Lib\site-packages\django\db\backends\utils.py", line 80, in _execute_with_wrappers
    return executor(sql, params, many, context)
           ^^^^^^^^^^^^^^^^^^^^^^^^^^^^^^^^^^^^
  File "D:\Lib\site-packages\django\db\backends\utils.py", line 84, in _execute
    with self.db.wrap_database_errors:
  File "D:\Lib\site-packages\django\db\utils.py", line 91, in __exit__
    raise dj_exc_value.with_traceback(traceback) from exc_value
  File "D:\Lib\site-packages\django\db\backends\utils.py", line 89, in _execute
    return self.cursor.execute(sql, params)
           ^^^^^^^^^^^^^^^^^^^^^^^^^^^^^^^^
  File "D:\Lib\site-packages\django\db\backends\sqlite3\base.py", line 328, in execute
    return super().execute(query, params)
           ^^^^^^^^^^^^^^^^^^^^^^^^^^^^^^
django.db.utils.OperationalError: no such column: users.profile_image
ERROR 2026-01-17 00:34:44,698 basehttp 38328 42284 "GET / HTTP/1.1" 500 286482
ERROR 2026-01-17 00:35:50,687 log 38328 41104 Internal Server Error: /accounts/login/
Traceback (most recent call last):
  File "D:\Lib\site-packages\django\db\backends\utils.py", line 89, in _execute
    return self.cursor.execute(sql, params)
           ^^^^^^^^^^^^^^^^^^^^^^^^^^^^^^^^
  File "D:\Lib\site-packages\django\db\backends\sqlite3\base.py", line 328, in execute
    return super().execute(query, params)
           ^^^^^^^^^^^^^^^^^^^^^^^^^^^^^^
sqlite3.OperationalError: no such column: users.profile_image

The above exception was the direct cause of the following exception:

Traceback (most recent call last):
  File "D:\Lib\site-packages\django\core\handlers\exception.py", line 55, in inner
    response = get_response(request)
               ^^^^^^^^^^^^^^^^^^^^^
  File "D:\Lib\site-packages\django\core\handlers\base.py", line 197, in _get_response
    response = wrapped_callback(request, *callback_args, **callback_kwargs)
               ^^^^^^^^^^^^^^^^^^^^^^^^^^^^^^^^^^^^^^^^^^^^^^^^^^^^^^^^^^^^
  File "D:\Lib\contextlib.py", line 81, in inner
    return func(*args, **kwds)
           ^^^^^^^^^^^^^^^^^^^
  File "D:\Lib\site-packages\django\utils\decorators.py", line 134, in _wrapper_view
    response = view_func(request, *args, **kwargs)
               ^^^^^^^^^^^^^^^^^^^^^^^^^^^^^^^^^^^
  File "D:\Lib\site-packages\django\views\decorators\http.py", line 43, in inner
    return func(request, *args, **kwargs)
           ^^^^^^^^^^^^^^^^^^^^^^^^^^^^^^
  File "E:\Resume_Projects\lifedocs\accounts\views.py", line 326, in login_view
    if request.user.is_authenticated:
       ^^^^^^^^^^^^^^^^^^^^^^^^^^^^^
  File "D:\Lib\site-packages\django\utils\functional.py", line 266, in inner
    self._setup()
  File "D:\Lib\site-packages\django\utils\functional.py", line 419, in _setup
    self._wrapped = self._setupfunc()
                    ^^^^^^^^^^^^^^^^^
  File "D:\Lib\site-packages\django\contrib\auth\middleware.py", line 25, in <lambda>
    request.user = SimpleLazyObject(lambda: get_user(request))
                                            ^^^^^^^^^^^^^^^^^
  File "D:\Lib\site-packages\django\contrib\auth\middleware.py", line 11, in get_user
    request._cached_user = auth.get_user(request)
                           ^^^^^^^^^^^^^^^^^^^^^^
  File "D:\Lib\site-packages\django\contrib\auth\__init__.py", line 198, in get_user
    user = backend.get_user(user_id)
           ^^^^^^^^^^^^^^^^^^^^^^^^^
  File "D:\Lib\site-packages\django\contrib\auth\backends.py", line 161, in get_user
    user = UserModel._default_manager.get(pk=user_id)
           ^^^^^^^^^^^^^^^^^^^^^^^^^^^^^^^^^^^^^^^^^^
  File "D:\Lib\site-packages\django\db\models\manager.py", line 87, in manager_method
    return getattr(self.get_queryset(), name)(*args, **kwargs)
           ^^^^^^^^^^^^^^^^^^^^^^^^^^^^^^^^^^^^^^^^^^^^^^^^^^^
  File "D:\Lib\site-packages\django\db\models\query.py", line 633, in get
    num = len(clone)
          ^^^^^^^^^^
  File "D:\Lib\site-packages\django\db\models\query.py", line 380, in __len__
    self._fetch_all()
  File "D:\Lib\site-packages\django\db\models\query.py", line 1881, in _fetch_all
    self._result_cache = list(self._iterable_class(self))
                         ^^^^^^^^^^^^^^^^^^^^^^^^^^^^^^^^
  File "D:\Lib\site-packages\django\db\models\query.py", line 91, in __iter__
    results = compiler.execute_sql(
              ^^^^^^^^^^^^^^^^^^^^^
  File "D:\Lib\site-packages\django\db\models\sql\compiler.py", line 1562, in execute_sql
    cursor.execute(sql, params)
  File "D:\Lib\site-packages\django\db\backends\utils.py", line 102, in execute
    return super().execute(sql, params)
           ^^^^^^^^^^^^^^^^^^^^^^^^^^^^
  File "D:\Lib\site-packages\django\db\backends\utils.py", line 67, in execute
    return self._execute_with_wrappers(
           ^^^^^^^^^^^^^^^^^^^^^^^^^^^^
  File "D:\Lib\site-packages\django\db\backends\utils.py", line 80, in _execute_with_wrappers
    return executor(sql, params, many, context)
           ^^^^^^^^^^^^^^^^^^^^^^^^^^^^^^^^^^^^
  File "D:\Lib\site-packages\django\db\backends\utils.py", line 84, in _execute
    with self.db.wrap_database_errors:
  File "D:\Lib\site-packages\django\db\utils.py", line 91, in __exit__
    raise dj_exc_value.with_traceback(traceback) from exc_value
  File "D:\Lib\site-packages\django\db\backends\utils.py", line 89, in _execute
    return self.cursor.execute(sql, params)
           ^^^^^^^^^^^^^^^^^^^^^^^^^^^^^^^^
  File "D:\Lib\site-packages\django\db\backends\sqlite3\base.py", line 328, in execute
    return super().execute(query, params)
           ^^^^^^^^^^^^^^^^^^^^^^^^^^^^^^
django.db.utils.OperationalError: no such column: users.profile_image
ERROR 2026-01-17 00:35:50,701 basehttp 38328 41104 "GET /accounts/login/ HTTP/1.1" 500 189117
ERROR 2026-01-17 00:40:37,691 log 45364 39984 Internal Server Error: /
Traceback (most recent call last):
  File "D:\Lib\site-packages\django\db\backends\utils.py", line 89, in _execute
    return self.cursor.execute(sql, params)
           ^^^^^^^^^^^^^^^^^^^^^^^^^^^^^^^^
  File "D:\Lib\site-packages\django\db\backends\sqlite3\base.py", line 328, in execute
    return super().execute(query, params)
           ^^^^^^^^^^^^^^^^^^^^^^^^^^^^^^
sqlite3.OperationalError: no such column: users.profile_image

The above exception was the direct cause of the following exception:

Traceback (most recent call last):
  File "D:\Lib\site-packages\django\core\handlers\exception.py", line 55, in inner
    response = get_response(request)
               ^^^^^^^^^^^^^^^^^^^^^
  File "D:\Lib\site-packages\django\core\handlers\base.py", line 197, in _get_response
    response = wrapped_callback(request, *callback_args, **callback_kwargs)
               ^^^^^^^^^^^^^^^^^^^^^^^^^^^^^^^^^^^^^^^^^^^^^^^^^^^^^^^^^^^^
  File "D:\Lib\contextlib.py", line 81, in inner
    return func(*args, **kwds)
           ^^^^^^^^^^^^^^^^^^^
  File "D:\Lib\site-packages\django\views\decorators\http.py", line 43, in inner
    return func(request, *args, **kwargs)
           ^^^^^^^^^^^^^^^^^^^^^^^^^^^^^^
  File "E:\Resume_Projects\lifedocs\core\home_views.py", line 43, in home_view
    return render(request, 'home.html', context)
           ^^^^^^^^^^^^^^^^^^^^^^^^^^^^^^^^^^^^^
  File "D:\Lib\site-packages\django\shortcuts.py", line 24, in render
    content = loader.render_to_string(template_name, context, request, using=using)
              ^^^^^^^^^^^^^^^^^^^^^^^^^^^^^^^^^^^^^^^^^^^^^^^^^^^^^^^^^^^^^^^^^^^^^
  File "D:\Lib\site-packages\django\template\loader.py", line 62, in render_to_string
    return template.render(context, request)
           ^^^^^^^^^^^^^^^^^^^^^^^^^^^^^^^^^
  File "D:\Lib\site-packages\django\template\backends\django.py", line 61, in render
    return self.template.render(context)
           ^^^^^^^^^^^^^^^^^^^^^^^^^^^^^
  File "D:\Lib\site-packages\django\template\base.py", line 175, in render
    return self._render(context)
           ^^^^^^^^^^^^^^^^^^^^^
  File "D:\Lib\site-packages\django\template\base.py", line 167, in _render
    return self.nodelist.render(context)
           ^^^^^^^^^^^^^^^^^^^^^^^^^^^^^
  File "D:\Lib\site-packages\django\template\base.py", line 1005, in render
    return SafeString("".join([node.render_annotated(context) for node in self]))
                              ^^^^^^^^^^^^^^^^^^^^^^^^^^^^^^^^^^^^^^^^^^^^^^^^^
  File "D:\Lib\site-packages\django\template\base.py", line 1005, in <listcomp>
    return SafeString("".join([node.render_annotated(context) for node in self]))
                               ^^^^^^^^^^^^^^^^^^^^^^^^^^^^^^
  File "D:\Lib\site-packages\django\template\base.py", line 966, in render_annotated
    return self.render(context)
           ^^^^^^^^^^^^^^^^^^^^
  File "D:\Lib\site-packages\django\template\loader_tags.py", line 157, in render
    return compiled_parent._render(context)
           ^^^^^^^^^^^^^^^^^^^^^^^^^^^^^^^^
  File "D:\Lib\site-packages\django\template\base.py", line 167, in _render
    return self.nodelist.render(context)
           ^^^^^^^^^^^^^^^^^^^^^^^^^^^^^
  File "D:\Lib\site-packages\django\template\base.py", line 1005, in render
    return SafeString("".join([node.render_annotated(context) for node in self]))
                              ^^^^^^^^^^^^^^^^^^^^^^^^^^^^^^^^^^^^^^^^^^^^^^^^^
  File "D:\Lib\site-packages\django\template\base.py", line 1005, in <listcomp>
    return SafeString("".join([node.render_annotated(context) for node in self]))
                               ^^^^^^^^^^^^^^^^^^^^^^^^^^^^^^
  File "D:\Lib\site-packages\django\template\base.py", line 966, in render_annotated
    return self.render(context)
           ^^^^^^^^^^^^^^^^^^^^
  File "D:\Lib\site-packages\django\template\defaulttags.py", line 314, in render
    match = condition.eval(context)
            ^^^^^^^^^^^^^^^^^^^^^^^
  File "D:\Lib\site-packages\django\template\defaulttags.py", line 877, in eval
    return self.value.resolve(context, ignore_failures=True)
           ^^^^^^^^^^^^^^^^^^^^^^^^^^^^^^^^^^^^^^^^^^^^^^^^^
  File "D:\Lib\site-packages\django\template\base.py", line 715, in resolve
    obj = self.var.resolve(context)
          ^^^^^^^^^^^^^^^^^^^^^^^^^
  File "D:\Lib\site-packages\django\template\base.py", line 847, in resolve
    value = self._resolve_lookup(context)
            ^^^^^^^^^^^^^^^^^^^^^^^^^^^^^
  File "D:\Lib\site-packages\django\template\base.py", line 880, in _resolve_lookup
    current = current[bit]
              ~~~~~~~^^^^^
  File "D:\Lib\site-packages\django\utils\functional.py", line 266, in inner
    self._setup()
  File "D:\Lib\site-packages\django\utils\functional.py", line 419, in _setup
    self._wrapped = self._setupfunc()
                    ^^^^^^^^^^^^^^^^^
  File "D:\Lib\site-packages\django\contrib\auth\middleware.py", line 25, in <lambda>
    request.user = SimpleLazyObject(lambda: get_user(request))
                                            ^^^^^^^^^^^^^^^^^
  File "D:\Lib\site-packages\django\contrib\auth\middleware.py", line 11, in get_user
    request._cached_user = auth.get_user(request)
                           ^^^^^^^^^^^^^^^^^^^^^^
  File "D:\Lib\site-packages\django\contrib\auth\__init__.py", line 198, in get_user
    user = backend.get_user(user_id)
           ^^^^^^^^^^^^^^^^^^^^^^^^^
  File "D:\Lib\site-packages\django\contrib\auth\backends.py", line 161, in get_user
    user = UserModel._default_manager.get(pk=user_id)
           ^^^^^^^^^^^^^^^^^^^^^^^^^^^^^^^^^^^^^^^^^^
  File "D:\Lib\site-packages\django\db\models\manager.py", line 87, in manager_method
    return getattr(self.get_queryset(), name)(*args, **kwargs)
           ^^^^^^^^^^^^^^^^^^^^^^^^^^^^^^^^^^^^^^^^^^^^^^^^^^^
  File "D:\Lib\site-packages\django\db\models\query.py", line 633, in get
    num = len(clone)
          ^^^^^^^^^^
  File "D:\Lib\site-packages\django\db\models\query.py", line 380, in __len__
    self._fetch_all()
  File "D:\Lib\site-packages\django\db\models\query.py", line 1881, in _fetch_all
    self._result_cache = list(self._iterable_class(self))
                         ^^^^^^^^^^^^^^^^^^^^^^^^^^^^^^^^
  File "D:\Lib\site-packages\django\db\models\query.py", line 91, in __iter__
    results = compiler.execute_sql(
              ^^^^^^^^^^^^^^^^^^^^^
  File "D:\Lib\site-packages\django\db\models\sql\compiler.py", line 1562, in execute_sql
    cursor.execute(sql, params)
  File "D:\Lib\site-packages\django\db\backends\utils.py", line 102, in execute
    return super().execute(sql, params)
           ^^^^^^^^^^^^^^^^^^^^^^^^^^^^
  File "D:\Lib\site-packages\django\db\backends\utils.py", line 67, in execute
    return self._execute_with_wrappers(
           ^^^^^^^^^^^^^^^^^^^^^^^^^^^^
  File "D:\Lib\site-packages\django\db\backends\utils.py", line 80, in _execute_with_wrappers
    return executor(sql, params, many, context)
           ^^^^^^^^^^^^^^^^^^^^^^^^^^^^^^^^^^^^
  File "D:\Lib\site-packages\django\db\backends\utils.py", line 84, in _execute
    with self.db.wrap_database_errors:
  File "D:\Lib\site-packages\django\db\utils.py", line 91, in __exit__
    raise dj_exc_value.with_traceback(traceback) from exc_value
  File "D:\Lib\site-packages\django\db\backends\utils.py", line 89, in _execute
    return self.cursor.execute(sql, params)
           ^^^^^^^^^^^^^^^^^^^^^^^^^^^^^^^^
  File "D:\Lib\site-packages\django\db\backends\sqlite3\base.py", line 328, in execute
    return super().execute(query, params)
           ^^^^^^^^^^^^^^^^^^^^^^^^^^^^^^
django.db.utils.OperationalError: no such column: users.profile_image
ERROR 2026-01-17 00:40:37,827 basehttp 45364 39984 "GET / HTTP/1.1" 500 286615
ERROR 2026-01-17 00:40:43,295 log 45364 35132 Internal Server Error: /
Traceback (most recent call last):
  File "D:\Lib\site-packages\django\db\backends\utils.py", line 89, in _execute
    return self.cursor.execute(sql, params)
           ^^^^^^^^^^^^^^^^^^^^^^^^^^^^^^^^
  File "D:\Lib\site-packages\django\db\backends\sqlite3\base.py", line 328, in execute
    return super().execute(query, params)
           ^^^^^^^^^^^^^^^^^^^^^^^^^^^^^^
sqlite3.OperationalError: no such column: users.profile_image

The above exception was the direct cause of the following exception:

Traceback (most recent call last):
  File "D:\Lib\site-packages\django\core\handlers\exception.py", line 55, in inner
    response = get_response(request)
               ^^^^^^^^^^^^^^^^^^^^^
  File "D:\Lib\site-packages\django\core\handlers\base.py", line 197, in _get_response
    response = wrapped_callback(request, *callback_args, **callback_kwargs)
               ^^^^^^^^^^^^^^^^^^^^^^^^^^^^^^^^^^^^^^^^^^^^^^^^^^^^^^^^^^^^
  File "D:\Lib\contextlib.py", line 81, in inner
    return func(*args, **kwds)
           ^^^^^^^^^^^^^^^^^^^
  File "D:\Lib\site-packages\django\views\decorators\http.py", line 43, in inner
    return func(request, *args, **kwargs)
           ^^^^^^^^^^^^^^^^^^^^^^^^^^^^^^
  File "E:\Resume_Projects\lifedocs\core\home_views.py", line 43, in home_view
    return render(request, 'home.html', context)
           ^^^^^^^^^^^^^^^^^^^^^^^^^^^^^^^^^^^^^
  File "D:\Lib\site-packages\django\shortcuts.py", line 24, in render
    content = loader.render_to_string(template_name, context, request, using=using)
              ^^^^^^^^^^^^^^^^^^^^^^^^^^^^^^^^^^^^^^^^^^^^^^^^^^^^^^^^^^^^^^^^^^^^^
  File "D:\Lib\site-packages\django\template\loader.py", line 62, in render_to_string
    return template.render(context, request)
           ^^^^^^^^^^^^^^^^^^^^^^^^^^^^^^^^^
  File "D:\Lib\site-packages\django\template\backends\django.py", line 61, in render
    return self.template.render(context)
           ^^^^^^^^^^^^^^^^^^^^^^^^^^^^^
  File "D:\Lib\site-packages\django\template\base.py", line 175, in render
    return self._render(context)
           ^^^^^^^^^^^^^^^^^^^^^
  File "D:\Lib\site-packages\django\template\base.py", line 167, in _render
    return self.nodelist.render(context)
           ^^^^^^^^^^^^^^^^^^^^^^^^^^^^^
  File "D:\Lib\site-packages\django\template\base.py", line 1005, in render
    return SafeString("".join([node.render_annotated(context) for node in self]))
                              ^^^^^^^^^^^^^^^^^^^^^^^^^^^^^^^^^^^^^^^^^^^^^^^^^
  File "D:\Lib\site-packages\django\template\base.py", line 1005, in <listcomp>
    return SafeString("".join([node.render_annotated(context) for node in self]))
                               ^^^^^^^^^^^^^^^^^^^^^^^^^^^^^^
  File "D:\Lib\site-packages\django\template\base.py", line 966, in render_annotated
    return self.render(context)
           ^^^^^^^^^^^^^^^^^^^^
  File "D:\Lib\site-packages\django\template\loader_tags.py", line 157, in render
    return compiled_parent._render(context)
           ^^^^^^^^^^^^^^^^^^^^^^^^^^^^^^^^
  File "D:\Lib\site-packages\django\template\base.py", line 167, in _render
    return self.nodelist.render(context)
           ^^^^^^^^^^^^^^^^^^^^^^^^^^^^^
  File "D:\Lib\site-packages\django\template\base.py", line 1005, in render
    return SafeString("".join([node.render_annotated(context) for node in self]))
                              ^^^^^^^^^^^^^^^^^^^^^^^^^^^^^^^^^^^^^^^^^^^^^^^^^
  File "D:\Lib\site-packages\django\template\base.py", line 1005, in <listcomp>
    return SafeString("".join([node.render_annotated(context) for node in self]))
                               ^^^^^^^^^^^^^^^^^^^^^^^^^^^^^^
  File "D:\Lib\site-packages\django\template\base.py", line 966, in render_annotated
    return self.render(context)
           ^^^^^^^^^^^^^^^^^^^^
  File "D:\Lib\site-packages\django\template\defaulttags.py", line 314, in render
    match = condition.eval(context)
            ^^^^^^^^^^^^^^^^^^^^^^^
  File "D:\Lib\site-packages\django\template\defaulttags.py", line 877, in eval
    return self.value.resolve(context, ignore_failures=True)
           ^^^^^^^^^^^^^^^^^^^^^^^^^^^^^^^^^^^^^^^^^^^^^^^^^
  File "D:\Lib\site-packages\django\template\base.py", line 715, in resolve
    obj = self.var.resolve(context)
          ^^^^^^^^^^^^^^^^^^^^^^^^^
  File "D:\Lib\site-packages\django\template\base.py", line 847, in resolve
    value = self._resolve_lookup(context)
            ^^^^^^^^^^^^^^^^^^^^^^^^^^^^^
  File "D:\Lib\site-packages\django\template\base.py", line 880, in _resolve_lookup
    current = current[bit]
              ~~~~~~~^^^^^
  File "D:\Lib\site-packages\django\utils\functional.py", line 266, in inner
    self._setup()
  File "D:\Lib\site-packages\django\utils\functional.py", line 419, in _setup
    self._wrapped = self._setupfunc()
                    ^^^^^^^^^^^^^^^^^
  File "D:\Lib\site-packages\django\contrib\auth\middleware.py", line 25, in <lambda>
    request.user = SimpleLazyObject(lambda: get_user(request))
                                            ^^^^^^^^^^^^^^^^^
  File "D:\Lib\site-packages\django\contrib\auth\middleware.py", line 11, in get_user
    request._cached_user = auth.get_user(request)
                           ^^^^^^^^^^^^^^^^^^^^^^
  File "D:\Lib\site-packages\django\contrib\auth\__init__.py", line 198, in get_user
    user = backend.get_user(user_id)
           ^^^^^^^^^^^^^^^^^^^^^^^^^
  File "D:\Lib\site-packages\django\contrib\auth\backends.py", line 161, in get_user
    user = UserModel._default_manager.get(pk=user_id)
           ^^^^^^^^^^^^^^^^^^^^^^^^^^^^^^^^^^^^^^^^^^
  File "D:\Lib\site-packages\django\db\models\manager.py", line 87, in manager_method
    return getattr(self.get_queryset(), name)(*args, **kwargs)
           ^^^^^^^^^^^^^^^^^^^^^^^^^^^^^^^^^^^^^^^^^^^^^^^^^^^
  File "D:\Lib\site-packages\django\db\models\query.py", line 633, in get
    num = len(clone)
          ^^^^^^^^^^
  File "D:\Lib\site-packages\django\db\models\query.py", line 380, in __len__
    self._fetch_all()
  File "D:\Lib\site-packages\django\db\models\query.py", line 1881, in _fetch_all
    self._result_cache = list(self._iterable_class(self))
                         ^^^^^^^^^^^^^^^^^^^^^^^^^^^^^^^^
  File "D:\Lib\site-packages\django\db\models\query.py", line 91, in __iter__
    results = compiler.execute_sql(
              ^^^^^^^^^^^^^^^^^^^^^
  File "D:\Lib\site-packages\django\db\models\sql\compiler.py", line 1562, in execute_sql
    cursor.execute(sql, params)
  File "D:\Lib\site-packages\django\db\backends\utils.py", line 102, in execute
    return super().execute(sql, params)
           ^^^^^^^^^^^^^^^^^^^^^^^^^^^^
  File "D:\Lib\site-packages\django\db\backends\utils.py", line 67, in execute
    return self._execute_with_wrappers(
           ^^^^^^^^^^^^^^^^^^^^^^^^^^^^
  File "D:\Lib\site-packages\django\db\backends\utils.py", line 80, in _execute_with_wrappers
    return executor(sql, params, many, context)
           ^^^^^^^^^^^^^^^^^^^^^^^^^^^^^^^^^^^^
  File "D:\Lib\site-packages\django\db\backends\utils.py", line 84, in _execute
    with self.db.wrap_database_errors:
  File "D:\Lib\site-packages\django\db\utils.py", line 91, in __exit__
    raise dj_exc_value.with_traceback(traceback) from exc_value
  File "D:\Lib\site-packages\django\db\backends\utils.py", line 89, in _execute
    return self.cursor.execute(sql, params)
           ^^^^^^^^^^^^^^^^^^^^^^^^^^^^^^^^
  File "D:\Lib\site-packages\django\db\backends\sqlite3\base.py", line 328, in execute
    return super().execute(query, params)
           ^^^^^^^^^^^^^^^^^^^^^^^^^^^^^^
django.db.utils.OperationalError: no such column: users.profile_image
ERROR 2026-01-17 00:40:43,321 basehttp 45364 35132 "GET / HTTP/1.1" 500 286615
ERROR 2026-01-17 00:41:21,195 log 49040 32600 Internal Server Error: /
Traceback (most recent call last):
  File "D:\Lib\site-packages\django\db\backends\utils.py", line 89, in _execute
    return self.cursor.execute(sql, params)
           ^^^^^^^^^^^^^^^^^^^^^^^^^^^^^^^^
  File "D:\Lib\site-packages\django\db\backends\sqlite3\base.py", line 328, in execute
    return super().execute(query, params)
           ^^^^^^^^^^^^^^^^^^^^^^^^^^^^^^
sqlite3.OperationalError: no such column: users.profile_image

The above exception was the direct cause of the following exception:

Traceback (most recent call last):
  File "D:\Lib\site-packages\django\core\handlers\exception.py", line 55, in inner
    response = get_response(request)
               ^^^^^^^^^^^^^^^^^^^^^
  File "D:\Lib\site-packages\django\core\handlers\base.py", line 197, in _get_response
    response = wrapped_callback(request, *callback_args, **callback_kwargs)
               ^^^^^^^^^^^^^^^^^^^^^^^^^^^^^^^^^^^^^^^^^^^^^^^^^^^^^^^^^^^^
  File "D:\Lib\contextlib.py", line 81, in inner
    return func(*args, **kwds)
           ^^^^^^^^^^^^^^^^^^^
  File "D:\Lib\site-packages\django\views\decorators\http.py", line 43, in inner
    return func(request, *args, **kwargs)
           ^^^^^^^^^^^^^^^^^^^^^^^^^^^^^^
  File "E:\Resume_Projects\lifedocs\core\home_views.py", line 43, in home_view
    return render(request, 'home.html', context)
           ^^^^^^^^^^^^^^^^^^^^^^^^^^^^^^^^^^^^^
  File "D:\Lib\site-packages\django\shortcuts.py", line 24, in render
    content = loader.render_to_string(template_name, context, request, using=using)
              ^^^^^^^^^^^^^^^^^^^^^^^^^^^^^^^^^^^^^^^^^^^^^^^^^^^^^^^^^^^^^^^^^^^^^
  File "D:\Lib\site-packages\django\template\loader.py", line 62, in render_to_string
    return template.render(context, request)
           ^^^^^^^^^^^^^^^^^^^^^^^^^^^^^^^^^
  File "D:\Lib\site-packages\django\template\backends\django.py", line 61, in render
    return self.template.render(context)
           ^^^^^^^^^^^^^^^^^^^^^^^^^^^^^
  File "D:\Lib\site-packages\django\template\base.py", line 175, in render
    return self._render(context)
           ^^^^^^^^^^^^^^^^^^^^^
  File "D:\Lib\site-packages\django\template\base.py", line 167, in _render
    return self.nodelist.render(context)
           ^^^^^^^^^^^^^^^^^^^^^^^^^^^^^
  File "D:\Lib\site-packages\django\template\base.py", line 1005, in render
    return SafeString("".join([node.render_annotated(context) for node in self]))
                              ^^^^^^^^^^^^^^^^^^^^^^^^^^^^^^^^^^^^^^^^^^^^^^^^^
  File "D:\Lib\site-packages\django\template\base.py", line 1005, in <listcomp>
    return SafeString("".join([node.render_annotated(context) for node in self]))
                               ^^^^^^^^^^^^^^^^^^^^^^^^^^^^^^
  File "D:\Lib\site-packages\django\template\base.py", line 966, in render_annotated
    return self.render(context)
           ^^^^^^^^^^^^^^^^^^^^
  File "D:\Lib\site-packages\django\template\loader_tags.py", line 157, in render
    return compiled_parent._render(context)
           ^^^^^^^^^^^^^^^^^^^^^^^^^^^^^^^^
  File "D:\Lib\site-packages\django\template\base.py", line 167, in _render
    return self.nodelist.render(context)
           ^^^^^^^^^^^^^^^^^^^^^^^^^^^^^
  File "D:\Lib\site-packages\django\template\base.py", line 1005, in render
    return SafeString("".join([node.render_annotated(context) for node in self]))
                              ^^^^^^^^^^^^^^^^^^^^^^^^^^^^^^^^^^^^^^^^^^^^^^^^^
  File "D:\Lib\site-packages\django\template\base.py", line 1005, in <listcomp>
    return SafeString("".join([node.render_annotated(context) for node in self]))
                               ^^^^^^^^^^^^^^^^^^^^^^^^^^^^^^
  File "D:\Lib\site-packages\django\template\base.py", line 966, in render_annotated
    return self.render(context)
           ^^^^^^^^^^^^^^^^^^^^
  File "D:\Lib\site-packages\django\template\defaulttags.py", line 314, in render
    match = condition.eval(context)
            ^^^^^^^^^^^^^^^^^^^^^^^
  File "D:\Lib\site-packages\django\template\defaulttags.py", line 877, in eval
    return self.value.resolve(context, ignore_failures=True)
           ^^^^^^^^^^^^^^^^^^^^^^^^^^^^^^^^^^^^^^^^^^^^^^^^^
  File "D:\Lib\site-packages\django\template\base.py", line 715, in resolve
    obj = self.var.resolve(context)
          ^^^^^^^^^^^^^^^^^^^^^^^^^
  File "D:\Lib\site-packages\django\template\base.py", line 847, in resolve
    value = self._resolve_lookup(context)
            ^^^^^^^^^^^^^^^^^^^^^^^^^^^^^
  File "D:\Lib\site-packages\django\template\base.py", line 880, in _resolve_lookup
    current = current[bit]
              ~~~~~~~^^^^^
  File "D:\Lib\site-packages\django\utils\functional.py", line 266, in inner
    self._setup()
  File "D:\Lib\site-packages\django\utils\functional.py", line 419, in _setup
    self._wrapped = self._setupfunc()
                    ^^^^^^^^^^^^^^^^^
  File "D:\Lib\site-packages\django\contrib\auth\middleware.py", line 25, in <lambda>
    request.user = SimpleLazyObject(lambda: get_user(request))
                                            ^^^^^^^^^^^^^^^^^
  File "D:\Lib\site-packages\django\contrib\auth\middleware.py", line 11, in get_user
    request._cached_user = auth.get_user(request)
                           ^^^^^^^^^^^^^^^^^^^^^^
  File "D:\Lib\site-packages\django\contrib\auth\__init__.py", line 198, in get_user
    user = backend.get_user(user_id)
           ^^^^^^^^^^^^^^^^^^^^^^^^^
  File "D:\Lib\site-packages\django\contrib\auth\backends.py", line 161, in get_user
    user = UserModel._default_manager.get(pk=user_id)
           ^^^^^^^^^^^^^^^^^^^^^^^^^^^^^^^^^^^^^^^^^^
  File "D:\Lib\site-packages\django\db\models\manager.py", line 87, in manager_method
    return getattr(self.get_queryset(), name)(*args, **kwargs)
           ^^^^^^^^^^^^^^^^^^^^^^^^^^^^^^^^^^^^^^^^^^^^^^^^^^^
  File "D:\Lib\site-packages\django\db\models\query.py", line 633, in get
    num = len(clone)
          ^^^^^^^^^^
  File "D:\Lib\site-packages\django\db\models\query.py", line 380, in __len__
    self._fetch_all()
  File "D:\Lib\site-packages\django\db\models\query.py", line 1881, in _fetch_all
    self._result_cache = list(self._iterable_class(self))
                         ^^^^^^^^^^^^^^^^^^^^^^^^^^^^^^^^
  File "D:\Lib\site-packages\django\db\models\query.py", line 91, in __iter__
    results = compiler.execute_sql(
              ^^^^^^^^^^^^^^^^^^^^^
  File "D:\Lib\site-packages\django\db\models\sql\compiler.py", line 1562, in execute_sql
    cursor.execute(sql, params)
  File "D:\Lib\site-packages\django\db\backends\utils.py", line 102, in execute
    return super().execute(sql, params)
           ^^^^^^^^^^^^^^^^^^^^^^^^^^^^
  File "D:\Lib\site-packages\django\db\backends\utils.py", line 67, in execute
    return self._execute_with_wrappers(
           ^^^^^^^^^^^^^^^^^^^^^^^^^^^^
  File "D:\Lib\site-packages\django\db\backends\utils.py", line 80, in _execute_with_wrappers
    return executor(sql, params, many, context)
           ^^^^^^^^^^^^^^^^^^^^^^^^^^^^^^^^^^^^
  File "D:\Lib\site-packages\django\db\backends\utils.py", line 84, in _execute
    with self.db.wrap_database_errors:
  File "D:\Lib\site-packages\django\db\utils.py", line 91, in __exit__
    raise dj_exc_value.with_traceback(traceback) from exc_value
  File "D:\Lib\site-packages\django\db\backends\utils.py", line 89, in _execute
    return self.cursor.execute(sql, params)
           ^^^^^^^^^^^^^^^^^^^^^^^^^^^^^^^^
  File "D:\Lib\site-packages\django\db\backends\sqlite3\base.py", line 328, in execute
    return super().execute(query, params)
           ^^^^^^^^^^^^^^^^^^^^^^^^^^^^^^
django.db.utils.OperationalError: no such column: users.profile_image
ERROR 2026-01-17 00:41:21,292 basehttp 49040 32600 "GET / HTTP/1.1" 500 286478
ERROR 2026-01-17 00:44:05,635 log 47288 41988 Internal Server Error: /
Traceback (most recent call last):
  File "D:\Lib\site-packages\django\db\backends\utils.py", line 89, in _execute
    return self.cursor.execute(sql, params)
           ^^^^^^^^^^^^^^^^^^^^^^^^^^^^^^^^
  File "D:\Lib\site-packages\django\db\backends\sqlite3\base.py", line 328, in execute
    return super().execute(query, params)
           ^^^^^^^^^^^^^^^^^^^^^^^^^^^^^^
sqlite3.OperationalError: no such column: users.profile_image

The above exception was the direct cause of the following exception:

Traceback (most recent call last):
  File "D:\Lib\site-packages\django\core\handlers\exception.py", line 55, in inner
    response = get_response(request)
               ^^^^^^^^^^^^^^^^^^^^^
  File "D:\Lib\site-packages\django\core\handlers\base.py", line 197, in _get_response
    response = wrapped_callback(request, *callback_args, **callback_kwargs)
               ^^^^^^^^^^^^^^^^^^^^^^^^^^^^^^^^^^^^^^^^^^^^^^^^^^^^^^^^^^^^
  File "D:\Lib\contextlib.py", line 81, in inner
    return func(*args, **kwds)
           ^^^^^^^^^^^^^^^^^^^
  File "D:\Lib\site-packages\django\views\decorators\http.py", line 43, in inner
    return func(request, *args, **kwargs)
           ^^^^^^^^^^^^^^^^^^^^^^^^^^^^^^
  File "E:\Resume_Projects\lifedocs\core\home_views.py", line 43, in home_view
    return render(request, 'home.html', context)
           ^^^^^^^^^^^^^^^^^^^^^^^^^^^^^^^^^^^^^
  File "D:\Lib\site-packages\django\shortcuts.py", line 24, in render
    content = loader.render_to_string(template_name, context, request, using=using)
              ^^^^^^^^^^^^^^^^^^^^^^^^^^^^^^^^^^^^^^^^^^^^^^^^^^^^^^^^^^^^^^^^^^^^^
  File "D:\Lib\site-packages\django\template\loader.py", line 62, in render_to_string
    return template.render(context, request)
           ^^^^^^^^^^^^^^^^^^^^^^^^^^^^^^^^^
  File "D:\Lib\site-packages\django\template\backends\django.py", line 61, in render
    return self.template.render(context)
           ^^^^^^^^^^^^^^^^^^^^^^^^^^^^^
  File "D:\Lib\site-packages\django\template\base.py", line 175, in render
    return self._render(context)
           ^^^^^^^^^^^^^^^^^^^^^
  File "D:\Lib\site-packages\django\template\base.py", line 167, in _render
    return self.nodelist.render(context)
           ^^^^^^^^^^^^^^^^^^^^^^^^^^^^^
  File "D:\Lib\site-packages\django\template\base.py", line 1005, in render
    return SafeString("".join([node.render_annotated(context) for node in self]))
                              ^^^^^^^^^^^^^^^^^^^^^^^^^^^^^^^^^^^^^^^^^^^^^^^^^
  File "D:\Lib\site-packages\django\template\base.py", line 1005, in <listcomp>
    return SafeString("".join([node.render_annotated(context) for node in self]))
                               ^^^^^^^^^^^^^^^^^^^^^^^^^^^^^^
  File "D:\Lib\site-packages\django\template\base.py", line 966, in render_annotated
    return self.render(context)
           ^^^^^^^^^^^^^^^^^^^^
  File "D:\Lib\site-packages\django\template\loader_tags.py", line 157, in render
    return compiled_parent._render(context)
           ^^^^^^^^^^^^^^^^^^^^^^^^^^^^^^^^
  File "D:\Lib\site-packages\django\template\base.py", line 167, in _render
    return self.nodelist.render(context)
           ^^^^^^^^^^^^^^^^^^^^^^^^^^^^^
  File "D:\Lib\site-packages\django\template\base.py", line 1005, in render
    return SafeString("".join([node.render_annotated(context) for node in self]))
                              ^^^^^^^^^^^^^^^^^^^^^^^^^^^^^^^^^^^^^^^^^^^^^^^^^
  File "D:\Lib\site-packages\django\template\base.py", line 1005, in <listcomp>
    return SafeString("".join([node.render_annotated(context) for node in self]))
                               ^^^^^^^^^^^^^^^^^^^^^^^^^^^^^^
  File "D:\Lib\site-packages\django\template\base.py", line 966, in render_annotated
    return self.render(context)
           ^^^^^^^^^^^^^^^^^^^^
  File "D:\Lib\site-packages\django\template\defaulttags.py", line 314, in render
    match = condition.eval(context)
            ^^^^^^^^^^^^^^^^^^^^^^^
  File "D:\Lib\site-packages\django\template\defaulttags.py", line 877, in eval
    return self.value.resolve(context, ignore_failures=True)
           ^^^^^^^^^^^^^^^^^^^^^^^^^^^^^^^^^^^^^^^^^^^^^^^^^
  File "D:\Lib\site-packages\django\template\base.py", line 715, in resolve
    obj = self.var.resolve(context)
          ^^^^^^^^^^^^^^^^^^^^^^^^^
  File "D:\Lib\site-packages\django\template\base.py", line 847, in resolve
    value = self._resolve_lookup(context)
            ^^^^^^^^^^^^^^^^^^^^^^^^^^^^^
  File "D:\Lib\site-packages\django\template\base.py", line 880, in _resolve_lookup
    current = current[bit]
              ~~~~~~~^^^^^
  File "D:\Lib\site-packages\django\utils\functional.py", line 266, in inner
    self._setup()
  File "D:\Lib\site-packages\django\utils\functional.py", line 419, in _setup
    self._wrapped = self._setupfunc()
                    ^^^^^^^^^^^^^^^^^
  File "D:\Lib\site-packages\django\contrib\auth\middleware.py", line 25, in <lambda>
    request.user = SimpleLazyObject(lambda: get_user(request))
                                            ^^^^^^^^^^^^^^^^^
  File "D:\Lib\site-packages\django\contrib\auth\middleware.py", line 11, in get_user
    request._cached_user = auth.get_user(request)
                           ^^^^^^^^^^^^^^^^^^^^^^
  File "D:\Lib\site-packages\django\contrib\auth\__init__.py", line 198, in get_user
    user = backend.get_user(user_id)
           ^^^^^^^^^^^^^^^^^^^^^^^^^
  File "D:\Lib\site-packages\django\contrib\auth\backends.py", line 161, in get_user
    user = UserModel._default_manager.get(pk=user_id)
           ^^^^^^^^^^^^^^^^^^^^^^^^^^^^^^^^^^^^^^^^^^
  File "D:\Lib\site-packages\django\db\models\manager.py", line 87, in manager_method
    return getattr(self.get_queryset(), name)(*args, **kwargs)
           ^^^^^^^^^^^^^^^^^^^^^^^^^^^^^^^^^^^^^^^^^^^^^^^^^^^
  File "D:\Lib\site-packages\django\db\models\query.py", line 633, in get
    num = len(clone)
          ^^^^^^^^^^
  File "D:\Lib\site-packages\django\db\models\query.py", line 380, in __len__
    self._fetch_all()
  File "D:\Lib\site-packages\django\db\models\query.py", line 1881, in _fetch_all
    self._result_cache = list(self._iterable_class(self))
                         ^^^^^^^^^^^^^^^^^^^^^^^^^^^^^^^^
  File "D:\Lib\site-packages\django\db\models\query.py", line 91, in __iter__
    results = compiler.execute_sql(
              ^^^^^^^^^^^^^^^^^^^^^
  File "D:\Lib\site-packages\django\db\models\sql\compiler.py", line 1562, in execute_sql
    cursor.execute(sql, params)
  File "D:\Lib\site-packages\django\db\backends\utils.py", line 102, in execute
    return super().execute(sql, params)
           ^^^^^^^^^^^^^^^^^^^^^^^^^^^^
  File "D:\Lib\site-packages\django\db\backends\utils.py", line 67, in execute
    return self._execute_with_wrappers(
           ^^^^^^^^^^^^^^^^^^^^^^^^^^^^
  File "D:\Lib\site-packages\django\db\backends\utils.py", line 80, in _execute_with_wrappers
    return executor(sql, params, many, context)
           ^^^^^^^^^^^^^^^^^^^^^^^^^^^^^^^^^^^^
  File "D:\Lib\site-packages\django\db\backends\utils.py", line 84, in _execute
    with self.db.wrap_database_errors:
  File "D:\Lib\site-packages\django\db\utils.py", line 91, in __exit__
    raise dj_exc_value.with_traceback(traceback) from exc_value
  File "D:\Lib\site-packages\django\db\backends\utils.py", line 89, in _execute
    return self.cursor.execute(sql, params)
           ^^^^^^^^^^^^^^^^^^^^^^^^^^^^^^^^
  File "D:\Lib\site-packages\django\db\backends\sqlite3\base.py", line 328, in execute
    return super().execute(query, params)
           ^^^^^^^^^^^^^^^^^^^^^^^^^^^^^^
django.db.utils.OperationalError: no such column: users.profile_image
ERROR 2026-01-17 00:44:05,683 basehttp 47288 41988 "GET / HTTP/1.1" 500 286615
ERROR 2026-01-17 00:44:08,317 log 47288 41988 Internal Server Error: /
Traceback (most recent call last):
  File "D:\Lib\site-packages\django\db\backends\utils.py", line 89, in _execute
    return self.cursor.execute(sql, params)
           ^^^^^^^^^^^^^^^^^^^^^^^^^^^^^^^^
  File "D:\Lib\site-packages\django\db\backends\sqlite3\base.py", line 328, in execute
    return super().execute(query, params)
           ^^^^^^^^^^^^^^^^^^^^^^^^^^^^^^
sqlite3.OperationalError: no such column: users.profile_image

The above exception was the direct cause of the following exception:

Traceback (most recent call last):
  File "D:\Lib\site-packages\django\core\handlers\exception.py", line 55, in inner
    response = get_response(request)
               ^^^^^^^^^^^^^^^^^^^^^
  File "D:\Lib\site-packages\django\core\handlers\base.py", line 197, in _get_response
    response = wrapped_callback(request, *callback_args, **callback_kwargs)
               ^^^^^^^^^^^^^^^^^^^^^^^^^^^^^^^^^^^^^^^^^^^^^^^^^^^^^^^^^^^^
  File "D:\Lib\contextlib.py", line 81, in inner
    return func(*args, **kwds)
           ^^^^^^^^^^^^^^^^^^^
  File "D:\Lib\site-packages\django\views\decorators\http.py", line 43, in inner
    return func(request, *args, **kwargs)
           ^^^^^^^^^^^^^^^^^^^^^^^^^^^^^^
  File "E:\Resume_Projects\lifedocs\core\home_views.py", line 43, in home_view
    return render(request, 'home.html', context)
           ^^^^^^^^^^^^^^^^^^^^^^^^^^^^^^^^^^^^^
  File "D:\Lib\site-packages\django\shortcuts.py", line 24, in render
    content = loader.render_to_string(template_name, context, request, using=using)
              ^^^^^^^^^^^^^^^^^^^^^^^^^^^^^^^^^^^^^^^^^^^^^^^^^^^^^^^^^^^^^^^^^^^^^
  File "D:\Lib\site-packages\django\template\loader.py", line 62, in render_to_string
    return template.render(context, request)
           ^^^^^^^^^^^^^^^^^^^^^^^^^^^^^^^^^
  File "D:\Lib\site-packages\django\template\backends\django.py", line 61, in render
    return self.template.render(context)
           ^^^^^^^^^^^^^^^^^^^^^^^^^^^^^
  File "D:\Lib\site-packages\django\template\base.py", line 175, in render
    return self._render(context)
           ^^^^^^^^^^^^^^^^^^^^^
  File "D:\Lib\site-packages\django\template\base.py", line 167, in _render
    return self.nodelist.render(context)
           ^^^^^^^^^^^^^^^^^^^^^^^^^^^^^
  File "D:\Lib\site-packages\django\template\base.py", line 1005, in render
    return SafeString("".join([node.render_annotated(context) for node in self]))
                              ^^^^^^^^^^^^^^^^^^^^^^^^^^^^^^^^^^^^^^^^^^^^^^^^^
  File "D:\Lib\site-packages\django\template\base.py", line 1005, in <listcomp>
    return SafeString("".join([node.render_annotated(context) for node in self]))
                               ^^^^^^^^^^^^^^^^^^^^^^^^^^^^^^
  File "D:\Lib\site-packages\django\template\base.py", line 966, in render_annotated
    return self.render(context)
           ^^^^^^^^^^^^^^^^^^^^
  File "D:\Lib\site-packages\django\template\loader_tags.py", line 157, in render
    return compiled_parent._render(context)
           ^^^^^^^^^^^^^^^^^^^^^^^^^^^^^^^^
  File "D:\Lib\site-packages\django\template\base.py", line 167, in _render
    return self.nodelist.render(context)
           ^^^^^^^^^^^^^^^^^^^^^^^^^^^^^
  File "D:\Lib\site-packages\django\template\base.py", line 1005, in render
    return SafeString("".join([node.render_annotated(context) for node in self]))
                              ^^^^^^^^^^^^^^^^^^^^^^^^^^^^^^^^^^^^^^^^^^^^^^^^^
  File "D:\Lib\site-packages\django\template\base.py", line 1005, in <listcomp>
    return SafeString("".join([node.render_annotated(context) for node in self]))
                               ^^^^^^^^^^^^^^^^^^^^^^^^^^^^^^
  File "D:\Lib\site-packages\django\template\base.py", line 966, in render_annotated
    return self.render(context)
           ^^^^^^^^^^^^^^^^^^^^
  File "D:\Lib\site-packages\django\template\defaulttags.py", line 314, in render
    match = condition.eval(context)
            ^^^^^^^^^^^^^^^^^^^^^^^
  File "D:\Lib\site-packages\django\template\defaulttags.py", line 877, in eval
    return self.value.resolve(context, ignore_failures=True)
           ^^^^^^^^^^^^^^^^^^^^^^^^^^^^^^^^^^^^^^^^^^^^^^^^^
  File "D:\Lib\site-packages\django\template\base.py", line 715, in resolve
    obj = self.var.resolve(context)
          ^^^^^^^^^^^^^^^^^^^^^^^^^
  File "D:\Lib\site-packages\django\template\base.py", line 847, in resolve
    value = self._resolve_lookup(context)
            ^^^^^^^^^^^^^^^^^^^^^^^^^^^^^
  File "D:\Lib\site-packages\django\template\base.py", line 880, in _resolve_lookup
    current = current[bit]
              ~~~~~~~^^^^^
  File "D:\Lib\site-packages\django\utils\functional.py", line 266, in inner
    self._setup()
  File "D:\Lib\site-packages\django\utils\functional.py", line 419, in _setup
    self._wrapped = self._setupfunc()
                    ^^^^^^^^^^^^^^^^^
  File "D:\Lib\site-packages\django\contrib\auth\middleware.py", line 25, in <lambda>
    request.user = SimpleLazyObject(lambda: get_user(request))
                                            ^^^^^^^^^^^^^^^^^
  File "D:\Lib\site-packages\django\contrib\auth\middleware.py", line 11, in get_user
    request._cached_user = auth.get_user(request)
                           ^^^^^^^^^^^^^^^^^^^^^^
  File "D:\Lib\site-packages\django\contrib\auth\__init__.py", line 198, in get_user
    user = backend.get_user(user_id)
           ^^^^^^^^^^^^^^^^^^^^^^^^^
  File "D:\Lib\site-packages\django\contrib\auth\backends.py", line 161, in get_user
    user = UserModel._default_manager.get(pk=user_id)
           ^^^^^^^^^^^^^^^^^^^^^^^^^^^^^^^^^^^^^^^^^^
  File "D:\Lib\site-packages\django\db\models\manager.py", line 87, in manager_method
    return getattr(self.get_queryset(), name)(*args, **kwargs)
           ^^^^^^^^^^^^^^^^^^^^^^^^^^^^^^^^^^^^^^^^^^^^^^^^^^^
  File "D:\Lib\site-packages\django\db\models\query.py", line 633, in get
    num = len(clone)
          ^^^^^^^^^^
  File "D:\Lib\site-packages\django\db\models\query.py", line 380, in __len__
    self._fetch_all()
  File "D:\Lib\site-packages\django\db\models\query.py", line 1881, in _fetch_all
    self._result_cache = list(self._iterable_class(self))
                         ^^^^^^^^^^^^^^^^^^^^^^^^^^^^^^^^
  File "D:\Lib\site-packages\django\db\models\query.py", line 91, in __iter__
    results = compiler.execute_sql(
              ^^^^^^^^^^^^^^^^^^^^^
  File "D:\Lib\site-packages\django\db\models\sql\compiler.py", line 1562, in execute_sql
    cursor.execute(sql, params)
  File "D:\Lib\site-packages\django\db\backends\utils.py", line 102, in execute
    return super().execute(sql, params)
           ^^^^^^^^^^^^^^^^^^^^^^^^^^^^
  File "D:\Lib\site-packages\django\db\backends\utils.py", line 67, in execute
    return self._execute_with_wrappers(
           ^^^^^^^^^^^^^^^^^^^^^^^^^^^^
  File "D:\Lib\site-packages\django\db\backends\utils.py", line 80, in _execute_with_wrappers
    return executor(sql, params, many, context)
           ^^^^^^^^^^^^^^^^^^^^^^^^^^^^^^^^^^^^
  File "D:\Lib\site-packages\django\db\backends\utils.py", line 84, in _execute
    with self.db.wrap_database_errors:
  File "D:\Lib\site-packages\django\db\utils.py", line 91, in __exit__
    raise dj_exc_value.with_traceback(traceback) from exc_value
  File "D:\Lib\site-packages\django\db\backends\utils.py", line 89, in _execute
    return self.cursor.execute(sql, params)
           ^^^^^^^^^^^^^^^^^^^^^^^^^^^^^^^^
  File "D:\Lib\site-packages\django\db\backends\sqlite3\base.py", line 328, in execute
    return super().execute(query, params)
           ^^^^^^^^^^^^^^^^^^^^^^^^^^^^^^
django.db.utils.OperationalError: no such column: users.profile_image
ERROR 2026-01-17 00:44:08,329 basehttp 47288 41988 "GET / HTTP/1.1" 500 286615
ERROR 2026-01-17 00:44:09,393 log 47288 41988 Internal Server Error: /
Traceback (most recent call last):
  File "D:\Lib\site-packages\django\db\backends\utils.py", line 89, in _execute
    return self.cursor.execute(sql, params)
           ^^^^^^^^^^^^^^^^^^^^^^^^^^^^^^^^
  File "D:\Lib\site-packages\django\db\backends\sqlite3\base.py", line 328, in execute
    return super().execute(query, params)
           ^^^^^^^^^^^^^^^^^^^^^^^^^^^^^^
sqlite3.OperationalError: no such column: users.profile_image

The above exception was the direct cause of the following exception:

Traceback (most recent call last):
  File "D:\Lib\site-packages\django\core\handlers\exception.py", line 55, in inner
    response = get_response(request)
               ^^^^^^^^^^^^^^^^^^^^^
  File "D:\Lib\site-packages\django\core\handlers\base.py", line 197, in _get_response
    response = wrapped_callback(request, *callback_args, **callback_kwargs)
               ^^^^^^^^^^^^^^^^^^^^^^^^^^^^^^^^^^^^^^^^^^^^^^^^^^^^^^^^^^^^
  File "D:\Lib\contextlib.py", line 81, in inner
    return func(*args, **kwds)
           ^^^^^^^^^^^^^^^^^^^
  File "D:\Lib\site-packages\django\views\decorators\http.py", line 43, in inner
    return func(request, *args, **kwargs)
           ^^^^^^^^^^^^^^^^^^^^^^^^^^^^^^
  File "E:\Resume_Projects\lifedocs\core\home_views.py", line 43, in home_view
    return render(request, 'home.html', context)
           ^^^^^^^^^^^^^^^^^^^^^^^^^^^^^^^^^^^^^
  File "D:\Lib\site-packages\django\shortcuts.py", line 24, in render
    content = loader.render_to_string(template_name, context, request, using=using)
              ^^^^^^^^^^^^^^^^^^^^^^^^^^^^^^^^^^^^^^^^^^^^^^^^^^^^^^^^^^^^^^^^^^^^^
  File "D:\Lib\site-packages\django\template\loader.py", line 62, in render_to_string
    return template.render(context, request)
           ^^^^^^^^^^^^^^^^^^^^^^^^^^^^^^^^^
  File "D:\Lib\site-packages\django\template\backends\django.py", line 61, in render
    return self.template.render(context)
           ^^^^^^^^^^^^^^^^^^^^^^^^^^^^^
  File "D:\Lib\site-packages\django\template\base.py", line 175, in render
    return self._render(context)
           ^^^^^^^^^^^^^^^^^^^^^
  File "D:\Lib\site-packages\django\template\base.py", line 167, in _render
    return self.nodelist.render(context)
           ^^^^^^^^^^^^^^^^^^^^^^^^^^^^^
  File "D:\Lib\site-packages\django\template\base.py", line 1005, in render
    return SafeString("".join([node.render_annotated(context) for node in self]))
                              ^^^^^^^^^^^^^^^^^^^^^^^^^^^^^^^^^^^^^^^^^^^^^^^^^
  File "D:\Lib\site-packages\django\template\base.py", line 1005, in <listcomp>
    return SafeString("".join([node.render_annotated(context) for node in self]))
                               ^^^^^^^^^^^^^^^^^^^^^^^^^^^^^^
  File "D:\Lib\site-packages\django\template\base.py", line 966, in render_annotated
    return self.render(context)
           ^^^^^^^^^^^^^^^^^^^^
  File "D:\Lib\site-packages\django\template\loader_tags.py", line 157, in render
    return compiled_parent._render(context)
           ^^^^^^^^^^^^^^^^^^^^^^^^^^^^^^^^
  File "D:\Lib\site-packages\django\template\base.py", line 167, in _render
    return self.nodelist.render(context)
           ^^^^^^^^^^^^^^^^^^^^^^^^^^^^^
  File "D:\Lib\site-packages\django\template\base.py", line 1005, in render
    return SafeString("".join([node.render_annotated(context) for node in self]))
                              ^^^^^^^^^^^^^^^^^^^^^^^^^^^^^^^^^^^^^^^^^^^^^^^^^
  File "D:\Lib\site-packages\django\template\base.py", line 1005, in <listcomp>
    return SafeString("".join([node.render_annotated(context) for node in self]))
                               ^^^^^^^^^^^^^^^^^^^^^^^^^^^^^^
  File "D:\Lib\site-packages\django\template\base.py", line 966, in render_annotated
    return self.render(context)
           ^^^^^^^^^^^^^^^^^^^^
  File "D:\Lib\site-packages\django\template\defaulttags.py", line 314, in render
    match = condition.eval(context)
            ^^^^^^^^^^^^^^^^^^^^^^^
  File "D:\Lib\site-packages\django\template\defaulttags.py", line 877, in eval
    return self.value.resolve(context, ignore_failures=True)
           ^^^^^^^^^^^^^^^^^^^^^^^^^^^^^^^^^^^^^^^^^^^^^^^^^
  File "D:\Lib\site-packages\django\template\base.py", line 715, in resolve
    obj = self.var.resolve(context)
          ^^^^^^^^^^^^^^^^^^^^^^^^^
  File "D:\Lib\site-packages\django\template\base.py", line 847, in resolve
    value = self._resolve_lookup(context)
            ^^^^^^^^^^^^^^^^^^^^^^^^^^^^^
  File "D:\Lib\site-packages\django\template\base.py", line 880, in _resolve_lookup
    current = current[bit]
              ~~~~~~~^^^^^
  File "D:\Lib\site-packages\django\utils\functional.py", line 266, in inner
    self._setup()
  File "D:\Lib\site-packages\django\utils\functional.py", line 419, in _setup
    self._wrapped = self._setupfunc()
                    ^^^^^^^^^^^^^^^^^
  File "D:\Lib\site-packages\django\contrib\auth\middleware.py", line 25, in <lambda>
    request.user = SimpleLazyObject(lambda: get_user(request))
                                            ^^^^^^^^^^^^^^^^^
  File "D:\Lib\site-packages\django\contrib\auth\middleware.py", line 11, in get_user
    request._cached_user = auth.get_user(request)
                           ^^^^^^^^^^^^^^^^^^^^^^
  File "D:\Lib\site-packages\django\contrib\auth\__init__.py", line 198, in get_user
    user = backend.get_user(user_id)
           ^^^^^^^^^^^^^^^^^^^^^^^^^
  File "D:\Lib\site-packages\django\contrib\auth\backends.py", line 161, in get_user
    user = UserModel._default_manager.get(pk=user_id)
           ^^^^^^^^^^^^^^^^^^^^^^^^^^^^^^^^^^^^^^^^^^
  File "D:\Lib\site-packages\django\db\models\manager.py", line 87, in manager_method
    return getattr(self.get_queryset(), name)(*args, **kwargs)
           ^^^^^^^^^^^^^^^^^^^^^^^^^^^^^^^^^^^^^^^^^^^^^^^^^^^
  File "D:\Lib\site-packages\django\db\models\query.py", line 633, in get
    num = len(clone)
          ^^^^^^^^^^
  File "D:\Lib\site-packages\django\db\models\query.py", line 380, in __len__
    self._fetch_all()
  File "D:\Lib\site-packages\django\db\models\query.py", line 1881, in _fetch_all
    self._result_cache = list(self._iterable_class(self))
                         ^^^^^^^^^^^^^^^^^^^^^^^^^^^^^^^^
  File "D:\Lib\site-packages\django\db\models\query.py", line 91, in __iter__
    results = compiler.execute_sql(
              ^^^^^^^^^^^^^^^^^^^^^
  File "D:\Lib\site-packages\django\db\models\sql\compiler.py", line 1562, in execute_sql
    cursor.execute(sql, params)
  File "D:\Lib\site-packages\django\db\backends\utils.py", line 102, in execute
    return super().execute(sql, params)
           ^^^^^^^^^^^^^^^^^^^^^^^^^^^^
  File "D:\Lib\site-packages\django\db\backends\utils.py", line 67, in execute
    return self._execute_with_wrappers(
           ^^^^^^^^^^^^^^^^^^^^^^^^^^^^
  File "D:\Lib\site-packages\django\db\backends\utils.py", line 80, in _execute_with_wrappers
    return executor(sql, params, many, context)
           ^^^^^^^^^^^^^^^^^^^^^^^^^^^^^^^^^^^^
  File "D:\Lib\site-packages\django\db\backends\utils.py", line 84, in _execute
    with self.db.wrap_database_errors:
  File "D:\Lib\site-packages\django\db\utils.py", line 91, in __exit__
    raise dj_exc_value.with_traceback(traceback) from exc_value
  File "D:\Lib\site-packages\django\db\backends\utils.py", line 89, in _execute
    return self.cursor.execute(sql, params)
           ^^^^^^^^^^^^^^^^^^^^^^^^^^^^^^^^
  File "D:\Lib\site-packages\django\db\backends\sqlite3\base.py", line 328, in execute
    return super().execute(query, params)
           ^^^^^^^^^^^^^^^^^^^^^^^^^^^^^^
django.db.utils.OperationalError: no such column: users.profile_image
ERROR 2026-01-17 00:44:09,418 basehttp 47288 41988 "GET / HTTP/1.1" 500 286615
ERROR 2026-01-17 00:47:56,542 log 47288 40500 Internal Server Error: /
Traceback (most recent call last):
  File "D:\Lib\site-packages\django\db\backends\utils.py", line 89, in _execute
    return self.cursor.execute(sql, params)
           ^^^^^^^^^^^^^^^^^^^^^^^^^^^^^^^^
  File "D:\Lib\site-packages\django\db\backends\sqlite3\base.py", line 328, in execute
    return super().execute(query, params)
           ^^^^^^^^^^^^^^^^^^^^^^^^^^^^^^
sqlite3.OperationalError: no such column: users.profile_image

The above exception was the direct cause of the following exception:

Traceback (most recent call last):
  File "D:\Lib\site-packages\django\core\handlers\exception.py", line 55, in inner
    response = get_response(request)
               ^^^^^^^^^^^^^^^^^^^^^
  File "D:\Lib\site-packages\django\core\handlers\base.py", line 197, in _get_response
    response = wrapped_callback(request, *callback_args, **callback_kwargs)
               ^^^^^^^^^^^^^^^^^^^^^^^^^^^^^^^^^^^^^^^^^^^^^^^^^^^^^^^^^^^^
  File "D:\Lib\contextlib.py", line 81, in inner
    return func(*args, **kwds)
           ^^^^^^^^^^^^^^^^^^^
  File "D:\Lib\site-packages\django\views\decorators\http.py", line 43, in inner
    return func(request, *args, **kwargs)
           ^^^^^^^^^^^^^^^^^^^^^^^^^^^^^^
  File "E:\Resume_Projects\lifedocs\core\home_views.py", line 43, in home_view
    return render(request, 'home.html', context)
           ^^^^^^^^^^^^^^^^^^^^^^^^^^^^^^^^^^^^^
  File "D:\Lib\site-packages\django\shortcuts.py", line 24, in render
    content = loader.render_to_string(template_name, context, request, using=using)
              ^^^^^^^^^^^^^^^^^^^^^^^^^^^^^^^^^^^^^^^^^^^^^^^^^^^^^^^^^^^^^^^^^^^^^
  File "D:\Lib\site-packages\django\template\loader.py", line 62, in render_to_string
    return template.render(context, request)
           ^^^^^^^^^^^^^^^^^^^^^^^^^^^^^^^^^
  File "D:\Lib\site-packages\django\template\backends\django.py", line 61, in render
    return self.template.render(context)
           ^^^^^^^^^^^^^^^^^^^^^^^^^^^^^
  File "D:\Lib\site-packages\django\template\base.py", line 175, in render
    return self._render(context)
           ^^^^^^^^^^^^^^^^^^^^^
  File "D:\Lib\site-packages\django\template\base.py", line 167, in _render
    return self.nodelist.render(context)
           ^^^^^^^^^^^^^^^^^^^^^^^^^^^^^
  File "D:\Lib\site-packages\django\template\base.py", line 1005, in render
    return SafeString("".join([node.render_annotated(context) for node in self]))
                              ^^^^^^^^^^^^^^^^^^^^^^^^^^^^^^^^^^^^^^^^^^^^^^^^^
  File "D:\Lib\site-packages\django\template\base.py", line 1005, in <listcomp>
    return SafeString("".join([node.render_annotated(context) for node in self]))
                               ^^^^^^^^^^^^^^^^^^^^^^^^^^^^^^
  File "D:\Lib\site-packages\django\template\base.py", line 966, in render_annotated
    return self.render(context)
           ^^^^^^^^^^^^^^^^^^^^
  File "D:\Lib\site-packages\django\template\loader_tags.py", line 157, in render
    return compiled_parent._render(context)
           ^^^^^^^^^^^^^^^^^^^^^^^^^^^^^^^^
  File "D:\Lib\site-packages\django\template\base.py", line 167, in _render
    return self.nodelist.render(context)
           ^^^^^^^^^^^^^^^^^^^^^^^^^^^^^
  File "D:\Lib\site-packages\django\template\base.py", line 1005, in render
    return SafeString("".join([node.render_annotated(context) for node in self]))
                              ^^^^^^^^^^^^^^^^^^^^^^^^^^^^^^^^^^^^^^^^^^^^^^^^^
  File "D:\Lib\site-packages\django\template\base.py", line 1005, in <listcomp>
    return SafeString("".join([node.render_annotated(context) for node in self]))
                               ^^^^^^^^^^^^^^^^^^^^^^^^^^^^^^
  File "D:\Lib\site-packages\django\template\base.py", line 966, in render_annotated
    return self.render(context)
           ^^^^^^^^^^^^^^^^^^^^
  File "D:\Lib\site-packages\django\template\defaulttags.py", line 314, in render
    match = condition.eval(context)
            ^^^^^^^^^^^^^^^^^^^^^^^
  File "D:\Lib\site-packages\django\template\defaulttags.py", line 877, in eval
    return self.value.resolve(context, ignore_failures=True)
           ^^^^^^^^^^^^^^^^^^^^^^^^^^^^^^^^^^^^^^^^^^^^^^^^^
  File "D:\Lib\site-packages\django\template\base.py", line 715, in resolve
    obj = self.var.resolve(context)
          ^^^^^^^^^^^^^^^^^^^^^^^^^
  File "D:\Lib\site-packages\django\template\base.py", line 847, in resolve
    value = self._resolve_lookup(context)
            ^^^^^^^^^^^^^^^^^^^^^^^^^^^^^
  File "D:\Lib\site-packages\django\template\base.py", line 880, in _resolve_lookup
    current = current[bit]
              ~~~~~~~^^^^^
  File "D:\Lib\site-packages\django\utils\functional.py", line 266, in inner
    self._setup()
  File "D:\Lib\site-packages\django\utils\functional.py", line 419, in _setup
    self._wrapped = self._setupfunc()
                    ^^^^^^^^^^^^^^^^^
  File "D:\Lib\site-packages\django\contrib\auth\middleware.py", line 25, in <lambda>
    request.user = SimpleLazyObject(lambda: get_user(request))
                                            ^^^^^^^^^^^^^^^^^
  File "D:\Lib\site-packages\django\contrib\auth\middleware.py", line 11, in get_user
    request._cached_user = auth.get_user(request)
                           ^^^^^^^^^^^^^^^^^^^^^^
  File "D:\Lib\site-packages\django\contrib\auth\__init__.py", line 198, in get_user
    user = backend.get_user(user_id)
           ^^^^^^^^^^^^^^^^^^^^^^^^^
  File "D:\Lib\site-packages\django\contrib\auth\backends.py", line 161, in get_user
    user = UserModel._default_manager.get(pk=user_id)
           ^^^^^^^^^^^^^^^^^^^^^^^^^^^^^^^^^^^^^^^^^^
  File "D:\Lib\site-packages\django\db\models\manager.py", line 87, in manager_method
    return getattr(self.get_queryset(), name)(*args, **kwargs)
           ^^^^^^^^^^^^^^^^^^^^^^^^^^^^^^^^^^^^^^^^^^^^^^^^^^^
  File "D:\Lib\site-packages\django\db\models\query.py", line 633, in get
    num = len(clone)
          ^^^^^^^^^^
  File "D:\Lib\site-packages\django\db\models\query.py", line 380, in __len__
    self._fetch_all()
  File "D:\Lib\site-packages\django\db\models\query.py", line 1881, in _fetch_all
    self._result_cache = list(self._iterable_class(self))
                         ^^^^^^^^^^^^^^^^^^^^^^^^^^^^^^^^
  File "D:\Lib\site-packages\django\db\models\query.py", line 91, in __iter__
    results = compiler.execute_sql(
              ^^^^^^^^^^^^^^^^^^^^^
  File "D:\Lib\site-packages\django\db\models\sql\compiler.py", line 1562, in execute_sql
    cursor.execute(sql, params)
  File "D:\Lib\site-packages\django\db\backends\utils.py", line 102, in execute
    return super().execute(sql, params)
           ^^^^^^^^^^^^^^^^^^^^^^^^^^^^
  File "D:\Lib\site-packages\django\db\backends\utils.py", line 67, in execute
    return self._execute_with_wrappers(
           ^^^^^^^^^^^^^^^^^^^^^^^^^^^^
  File "D:\Lib\site-packages\django\db\backends\utils.py", line 80, in _execute_with_wrappers
    return executor(sql, params, many, context)
           ^^^^^^^^^^^^^^^^^^^^^^^^^^^^^^^^^^^^
  File "D:\Lib\site-packages\django\db\backends\utils.py", line 84, in _execute
    with self.db.wrap_database_errors:
  File "D:\Lib\site-packages\django\db\utils.py", line 91, in __exit__
    raise dj_exc_value.with_traceback(traceback) from exc_value
  File "D:\Lib\site-packages\django\db\backends\utils.py", line 89, in _execute
    return self.cursor.execute(sql, params)
           ^^^^^^^^^^^^^^^^^^^^^^^^^^^^^^^^
  File "D:\Lib\site-packages\django\db\backends\sqlite3\base.py", line 328, in execute
    return super().execute(query, params)
           ^^^^^^^^^^^^^^^^^^^^^^^^^^^^^^
django.db.utils.OperationalError: no such column: users.profile_image
ERROR 2026-01-17 00:47:57,368 log 47288 28048 Internal Server Error: /accounts/register/
Traceback (most recent call last):
  File "D:\Lib\site-packages\django\db\backends\utils.py", line 89, in _execute
    return self.cursor.execute(sql, params)
           ^^^^^^^^^^^^^^^^^^^^^^^^^^^^^^^^
  File "D:\Lib\site-packages\django\db\backends\sqlite3\base.py", line 328, in execute
    return super().execute(query, params)
           ^^^^^^^^^^^^^^^^^^^^^^^^^^^^^^
sqlite3.OperationalError: no such column: users.profile_image

The above exception was the direct cause of the following exception:

Traceback (most recent call last):
  File "D:\Lib\site-packages\django\core\handlers\exception.py", line 55, in inner
    response = get_response(request)
               ^^^^^^^^^^^^^^^^^^^^^
  File "D:\Lib\site-packages\django\core\handlers\base.py", line 197, in _get_response
    response = wrapped_callback(request, *callback_args, **callback_kwargs)
               ^^^^^^^^^^^^^^^^^^^^^^^^^^^^^^^^^^^^^^^^^^^^^^^^^^^^^^^^^^^^
  File "D:\Lib\contextlib.py", line 81, in inner
    return func(*args, **kwds)
           ^^^^^^^^^^^^^^^^^^^
  File "D:\Lib\site-packages\django\utils\decorators.py", line 134, in _wrapper_view
    response = view_func(request, *args, **kwargs)
               ^^^^^^^^^^^^^^^^^^^^^^^^^^^^^^^^^^^
  File "D:\Lib\site-packages\django\views\decorators\http.py", line 43, in inner
    return func(request, *args, **kwargs)
           ^^^^^^^^^^^^^^^^^^^^^^^^^^^^^^
  File "E:\Resume_Projects\lifedocs\accounts\views.py", line 34, in register_view
    if request.user.is_authenticated:
       ^^^^^^^^^^^^^^^^^^^^^^^^^^^^^
  File "D:\Lib\site-packages\django\utils\functional.py", line 266, in inner
    self._setup()
  File "D:\Lib\site-packages\django\utils\functional.py", line 419, in _setup
    self._wrapped = self._setupfunc()
                    ^^^^^^^^^^^^^^^^^
  File "D:\Lib\site-packages\django\contrib\auth\middleware.py", line 25, in <lambda>
    request.user = SimpleLazyObject(lambda: get_user(request))
                                            ^^^^^^^^^^^^^^^^^
  File "D:\Lib\site-packages\django\contrib\auth\middleware.py", line 11, in get_user
    request._cached_user = auth.get_user(request)
                           ^^^^^^^^^^^^^^^^^^^^^^
  File "D:\Lib\site-packages\django\contrib\auth\__init__.py", line 198, in get_user
    user = backend.get_user(user_id)
           ^^^^^^^^^^^^^^^^^^^^^^^^^
  File "D:\Lib\site-packages\django\contrib\auth\backends.py", line 161, in get_user
    user = UserModel._default_manager.get(pk=user_id)
           ^^^^^^^^^^^^^^^^^^^^^^^^^^^^^^^^^^^^^^^^^^
  File "D:\Lib\site-packages\django\db\models\manager.py", line 87, in manager_method
    return getattr(self.get_queryset(), name)(*args, **kwargs)
           ^^^^^^^^^^^^^^^^^^^^^^^^^^^^^^^^^^^^^^^^^^^^^^^^^^^
  File "D:\Lib\site-packages\django\db\models\query.py", line 633, in get
    num = len(clone)
          ^^^^^^^^^^
  File "D:\Lib\site-packages\django\db\models\query.py", line 380, in __len__
    self._fetch_all()
  File "D:\Lib\site-packages\django\db\models\query.py", line 1881, in _fetch_all
    self._result_cache = list(self._iterable_class(self))
                         ^^^^^^^^^^^^^^^^^^^^^^^^^^^^^^^^
  File "D:\Lib\site-packages\django\db\models\query.py", line 91, in __iter__
    results = compiler.execute_sql(
              ^^^^^^^^^^^^^^^^^^^^^
  File "D:\Lib\site-packages\django\db\models\sql\compiler.py", line 1562, in execute_sql
    cursor.execute(sql, params)
  File "D:\Lib\site-packages\django\db\backends\utils.py", line 102, in execute
    return super().execute(sql, params)
           ^^^^^^^^^^^^^^^^^^^^^^^^^^^^
  File "D:\Lib\site-packages\django\db\backends\utils.py", line 67, in execute
    return self._execute_with_wrappers(
           ^^^^^^^^^^^^^^^^^^^^^^^^^^^^
  File "D:\Lib\site-packages\django\db\backends\utils.py", line 80, in _execute_with_wrappers
    return executor(sql, params, many, context)
           ^^^^^^^^^^^^^^^^^^^^^^^^^^^^^^^^^^^^
  File "D:\Lib\site-packages\django\db\backends\utils.py", line 84, in _execute
    with self.db.wrap_database_errors:
  File "D:\Lib\site-packages\django\db\utils.py", line 91, in __exit__
    raise dj_exc_value.with_traceback(traceback) from exc_value
  File "D:\Lib\site-packages\django\db\backends\utils.py", line 89, in _execute
    return self.cursor.execute(sql, params)
           ^^^^^^^^^^^^^^^^^^^^^^^^^^^^^^^^
  File "D:\Lib\site-packages\django\db\backends\sqlite3\base.py", line 328, in execute
    return super().execute(query, params)
           ^^^^^^^^^^^^^^^^^^^^^^^^^^^^^^
django.db.utils.OperationalError: no such column: users.profile_image
ERROR 2026-01-17 00:47:57,390 basehttp 47288 40500 "GET / HTTP/1.1" 500 286615
ERROR 2026-01-17 00:47:57,427 basehttp 47288 28048 "GET /accounts/register/ HTTP/1.1" 500 189270
ERROR 2026-01-17 00:50:13,770 log 47716 47276 Internal Server Error: /
Traceback (most recent call last):
  File "D:\Lib\site-packages\django\db\backends\utils.py", line 89, in _execute
    return self.cursor.execute(sql, params)
           ^^^^^^^^^^^^^^^^^^^^^^^^^^^^^^^^
  File "D:\Lib\site-packages\django\db\backends\sqlite3\base.py", line 328, in execute
    return super().execute(query, params)
           ^^^^^^^^^^^^^^^^^^^^^^^^^^^^^^
sqlite3.OperationalError: no such column: users.profile_image

The above exception was the direct cause of the following exception:

Traceback (most recent call last):
  File "D:\Lib\site-packages\django\core\handlers\exception.py", line 55, in inner
    response = get_response(request)
               ^^^^^^^^^^^^^^^^^^^^^
  File "D:\Lib\site-packages\django\core\handlers\base.py", line 197, in _get_response
    response = wrapped_callback(request, *callback_args, **callback_kwargs)
               ^^^^^^^^^^^^^^^^^^^^^^^^^^^^^^^^^^^^^^^^^^^^^^^^^^^^^^^^^^^^
  File "D:\Lib\contextlib.py", line 81, in inner
    return func(*args, **kwds)
           ^^^^^^^^^^^^^^^^^^^
  File "D:\Lib\site-packages\django\views\decorators\http.py", line 43, in inner
    return func(request, *args, **kwargs)
           ^^^^^^^^^^^^^^^^^^^^^^^^^^^^^^
  File "E:\Resume_Projects\lifedocs\core\home_views.py", line 43, in home_view
    return render(request, 'home.html', context)
           ^^^^^^^^^^^^^^^^^^^^^^^^^^^^^^^^^^^^^
  File "D:\Lib\site-packages\django\shortcuts.py", line 24, in render
    content = loader.render_to_string(template_name, context, request, using=using)
              ^^^^^^^^^^^^^^^^^^^^^^^^^^^^^^^^^^^^^^^^^^^^^^^^^^^^^^^^^^^^^^^^^^^^^
  File "D:\Lib\site-packages\django\template\loader.py", line 62, in render_to_string
    return template.render(context, request)
           ^^^^^^^^^^^^^^^^^^^^^^^^^^^^^^^^^
  File "D:\Lib\site-packages\django\template\backends\django.py", line 61, in render
    return self.template.render(context)
           ^^^^^^^^^^^^^^^^^^^^^^^^^^^^^
  File "D:\Lib\site-packages\django\template\base.py", line 175, in render
    return self._render(context)
           ^^^^^^^^^^^^^^^^^^^^^
  File "D:\Lib\site-packages\django\template\base.py", line 167, in _render
    return self.nodelist.render(context)
           ^^^^^^^^^^^^^^^^^^^^^^^^^^^^^
  File "D:\Lib\site-packages\django\template\base.py", line 1005, in render
    return SafeString("".join([node.render_annotated(context) for node in self]))
                              ^^^^^^^^^^^^^^^^^^^^^^^^^^^^^^^^^^^^^^^^^^^^^^^^^
  File "D:\Lib\site-packages\django\template\base.py", line 1005, in <listcomp>
    return SafeString("".join([node.render_annotated(context) for node in self]))
                               ^^^^^^^^^^^^^^^^^^^^^^^^^^^^^^
  File "D:\Lib\site-packages\django\template\base.py", line 966, in render_annotated
    return self.render(context)
           ^^^^^^^^^^^^^^^^^^^^
  File "D:\Lib\site-packages\django\template\loader_tags.py", line 157, in render
    return compiled_parent._render(context)
           ^^^^^^^^^^^^^^^^^^^^^^^^^^^^^^^^
  File "D:\Lib\site-packages\django\template\base.py", line 167, in _render
    return self.nodelist.render(context)
           ^^^^^^^^^^^^^^^^^^^^^^^^^^^^^
  File "D:\Lib\site-packages\django\template\base.py", line 1005, in render
    return SafeString("".join([node.render_annotated(context) for node in self]))
                              ^^^^^^^^^^^^^^^^^^^^^^^^^^^^^^^^^^^^^^^^^^^^^^^^^
  File "D:\Lib\site-packages\django\template\base.py", line 1005, in <listcomp>
    return SafeString("".join([node.render_annotated(context) for node in self]))
                               ^^^^^^^^^^^^^^^^^^^^^^^^^^^^^^
  File "D:\Lib\site-packages\django\template\base.py", line 966, in render_annotated
    return self.render(context)
           ^^^^^^^^^^^^^^^^^^^^
  File "D:\Lib\site-packages\django\template\defaulttags.py", line 314, in render
    match = condition.eval(context)
            ^^^^^^^^^^^^^^^^^^^^^^^
  File "D:\Lib\site-packages\django\template\defaulttags.py", line 877, in eval
    return self.value.resolve(context, ignore_failures=True)
           ^^^^^^^^^^^^^^^^^^^^^^^^^^^^^^^^^^^^^^^^^^^^^^^^^
  File "D:\Lib\site-packages\django\template\base.py", line 715, in resolve
    obj = self.var.resolve(context)
          ^^^^^^^^^^^^^^^^^^^^^^^^^
  File "D:\Lib\site-packages\django\template\base.py", line 847, in resolve
    value = self._resolve_lookup(context)
            ^^^^^^^^^^^^^^^^^^^^^^^^^^^^^
  File "D:\Lib\site-packages\django\template\base.py", line 880, in _resolve_lookup
    current = current[bit]
              ~~~~~~~^^^^^
  File "D:\Lib\site-packages\django\utils\functional.py", line 266, in inner
    self._setup()
  File "D:\Lib\site-packages\django\utils\functional.py", line 419, in _setup
    self._wrapped = self._setupfunc()
                    ^^^^^^^^^^^^^^^^^
  File "D:\Lib\site-packages\django\contrib\auth\middleware.py", line 25, in <lambda>
    request.user = SimpleLazyObject(lambda: get_user(request))
                                            ^^^^^^^^^^^^^^^^^
  File "D:\Lib\site-packages\django\contrib\auth\middleware.py", line 11, in get_user
    request._cached_user = auth.get_user(request)
                           ^^^^^^^^^^^^^^^^^^^^^^
  File "D:\Lib\site-packages\django\contrib\auth\__init__.py", line 198, in get_user
    user = backend.get_user(user_id)
           ^^^^^^^^^^^^^^^^^^^^^^^^^
  File "D:\Lib\site-packages\django\contrib\auth\backends.py", line 161, in get_user
    user = UserModel._default_manager.get(pk=user_id)
           ^^^^^^^^^^^^^^^^^^^^^^^^^^^^^^^^^^^^^^^^^^
  File "D:\Lib\site-packages\django\db\models\manager.py", line 87, in manager_method
    return getattr(self.get_queryset(), name)(*args, **kwargs)
           ^^^^^^^^^^^^^^^^^^^^^^^^^^^^^^^^^^^^^^^^^^^^^^^^^^^
  File "D:\Lib\site-packages\django\db\models\query.py", line 633, in get
    num = len(clone)
          ^^^^^^^^^^
  File "D:\Lib\site-packages\django\db\models\query.py", line 380, in __len__
    self._fetch_all()
  File "D:\Lib\site-packages\django\db\models\query.py", line 1881, in _fetch_all
    self._result_cache = list(self._iterable_class(self))
                         ^^^^^^^^^^^^^^^^^^^^^^^^^^^^^^^^
  File "D:\Lib\site-packages\django\db\models\query.py", line 91, in __iter__
    results = compiler.execute_sql(
              ^^^^^^^^^^^^^^^^^^^^^
  File "D:\Lib\site-packages\django\db\models\sql\compiler.py", line 1562, in execute_sql
    cursor.execute(sql, params)
  File "D:\Lib\site-packages\django\db\backends\utils.py", line 102, in execute
    return super().execute(sql, params)
           ^^^^^^^^^^^^^^^^^^^^^^^^^^^^
  File "D:\Lib\site-packages\django\db\backends\utils.py", line 67, in execute
    return self._execute_with_wrappers(
           ^^^^^^^^^^^^^^^^^^^^^^^^^^^^
  File "D:\Lib\site-packages\django\db\backends\utils.py", line 80, in _execute_with_wrappers
    return executor(sql, params, many, context)
           ^^^^^^^^^^^^^^^^^^^^^^^^^^^^^^^^^^^^
  File "D:\Lib\site-packages\django\db\backends\utils.py", line 84, in _execute
    with self.db.wrap_database_errors:
  File "D:\Lib\site-packages\django\db\utils.py", line 91, in __exit__
    raise dj_exc_value.with_traceback(traceback) from exc_value
  File "D:\Lib\site-packages\django\db\backends\utils.py", line 89, in _execute
    return self.cursor.execute(sql, params)
           ^^^^^^^^^^^^^^^^^^^^^^^^^^^^^^^^
  File "D:\Lib\site-packages\django\db\backends\sqlite3\base.py", line 328, in execute
    return super().execute(query, params)
           ^^^^^^^^^^^^^^^^^^^^^^^^^^^^^^
django.db.utils.OperationalError: no such column: users.profile_image
ERROR 2026-01-17 00:50:13,819 basehttp 47716 47276 "GET / HTTP/1.1" 500 286466
ERROR 2026-01-17 00:54:32,229 log 41604 8408 Internal Server Error: /
Traceback (most recent call last):
  File "D:\Lib\site-packages\django\db\backends\utils.py", line 89, in _execute
    return self.cursor.execute(sql, params)
           ^^^^^^^^^^^^^^^^^^^^^^^^^^^^^^^^
  File "D:\Lib\site-packages\django\db\backends\sqlite3\base.py", line 328, in execute
    return super().execute(query, params)
           ^^^^^^^^^^^^^^^^^^^^^^^^^^^^^^
sqlite3.OperationalError: no such column: users.profile_image

The above exception was the direct cause of the following exception:

Traceback (most recent call last):
  File "D:\Lib\site-packages\django\core\handlers\exception.py", line 55, in inner
    response = get_response(request)
               ^^^^^^^^^^^^^^^^^^^^^
  File "D:\Lib\site-packages\django\core\handlers\base.py", line 197, in _get_response
    response = wrapped_callback(request, *callback_args, **callback_kwargs)
               ^^^^^^^^^^^^^^^^^^^^^^^^^^^^^^^^^^^^^^^^^^^^^^^^^^^^^^^^^^^^
  File "D:\Lib\contextlib.py", line 81, in inner
    return func(*args, **kwds)
           ^^^^^^^^^^^^^^^^^^^
  File "D:\Lib\site-packages\django\views\decorators\http.py", line 43, in inner
    return func(request, *args, **kwargs)
           ^^^^^^^^^^^^^^^^^^^^^^^^^^^^^^
  File "E:\Resume_Projects\lifedocs\core\home_views.py", line 43, in home_view
    return render(request, 'home.html', context)
           ^^^^^^^^^^^^^^^^^^^^^^^^^^^^^^^^^^^^^
  File "D:\Lib\site-packages\django\shortcuts.py", line 24, in render
    content = loader.render_to_string(template_name, context, request, using=using)
              ^^^^^^^^^^^^^^^^^^^^^^^^^^^^^^^^^^^^^^^^^^^^^^^^^^^^^^^^^^^^^^^^^^^^^
  File "D:\Lib\site-packages\django\template\loader.py", line 62, in render_to_string
    return template.render(context, request)
           ^^^^^^^^^^^^^^^^^^^^^^^^^^^^^^^^^
  File "D:\Lib\site-packages\django\template\backends\django.py", line 61, in render
    return self.template.render(context)
           ^^^^^^^^^^^^^^^^^^^^^^^^^^^^^
  File "D:\Lib\site-packages\django\template\base.py", line 175, in render
    return self._render(context)
           ^^^^^^^^^^^^^^^^^^^^^
  File "D:\Lib\site-packages\django\template\base.py", line 167, in _render
    return self.nodelist.render(context)
           ^^^^^^^^^^^^^^^^^^^^^^^^^^^^^
  File "D:\Lib\site-packages\django\template\base.py", line 1005, in render
    return SafeString("".join([node.render_annotated(context) for node in self]))
                              ^^^^^^^^^^^^^^^^^^^^^^^^^^^^^^^^^^^^^^^^^^^^^^^^^
  File "D:\Lib\site-packages\django\template\base.py", line 1005, in <listcomp>
    return SafeString("".join([node.render_annotated(context) for node in self]))
                               ^^^^^^^^^^^^^^^^^^^^^^^^^^^^^^
  File "D:\Lib\site-packages\django\template\base.py", line 966, in render_annotated
    return self.render(context)
           ^^^^^^^^^^^^^^^^^^^^
  File "D:\Lib\site-packages\django\template\loader_tags.py", line 157, in render
    return compiled_parent._render(context)
           ^^^^^^^^^^^^^^^^^^^^^^^^^^^^^^^^
  File "D:\Lib\site-packages\django\template\base.py", line 167, in _render
    return self.nodelist.render(context)
           ^^^^^^^^^^^^^^^^^^^^^^^^^^^^^
  File "D:\Lib\site-packages\django\template\base.py", line 1005, in render
    return SafeString("".join([node.render_annotated(context) for node in self]))
                              ^^^^^^^^^^^^^^^^^^^^^^^^^^^^^^^^^^^^^^^^^^^^^^^^^
  File "D:\Lib\site-packages\django\template\base.py", line 1005, in <listcomp>
    return SafeString("".join([node.render_annotated(context) for node in self]))
                               ^^^^^^^^^^^^^^^^^^^^^^^^^^^^^^
  File "D:\Lib\site-packages\django\template\base.py", line 966, in render_annotated
    return self.render(context)
           ^^^^^^^^^^^^^^^^^^^^
  File "D:\Lib\site-packages\django\template\defaulttags.py", line 314, in render
    match = condition.eval(context)
            ^^^^^^^^^^^^^^^^^^^^^^^
  File "D:\Lib\site-packages\django\template\defaulttags.py", line 877, in eval
    return self.value.resolve(context, ignore_failures=True)
           ^^^^^^^^^^^^^^^^^^^^^^^^^^^^^^^^^^^^^^^^^^^^^^^^^
  File "D:\Lib\site-packages\django\template\base.py", line 715, in resolve
    obj = self.var.resolve(context)
          ^^^^^^^^^^^^^^^^^^^^^^^^^
  File "D:\Lib\site-packages\django\template\base.py", line 847, in resolve
    value = self._resolve_lookup(context)
            ^^^^^^^^^^^^^^^^^^^^^^^^^^^^^
  File "D:\Lib\site-packages\django\template\base.py", line 880, in _resolve_lookup
    current = current[bit]
              ~~~~~~~^^^^^
  File "D:\Lib\site-packages\django\utils\functional.py", line 266, in inner
    self._setup()
  File "D:\Lib\site-packages\django\utils\functional.py", line 419, in _setup
    self._wrapped = self._setupfunc()
                    ^^^^^^^^^^^^^^^^^
  File "D:\Lib\site-packages\django\contrib\auth\middleware.py", line 25, in <lambda>
    request.user = SimpleLazyObject(lambda: get_user(request))
                                            ^^^^^^^^^^^^^^^^^
  File "D:\Lib\site-packages\django\contrib\auth\middleware.py", line 11, in get_user
    request._cached_user = auth.get_user(request)
                           ^^^^^^^^^^^^^^^^^^^^^^
  File "D:\Lib\site-packages\django\contrib\auth\__init__.py", line 198, in get_user
    user = backend.get_user(user_id)
           ^^^^^^^^^^^^^^^^^^^^^^^^^
  File "D:\Lib\site-packages\django\contrib\auth\backends.py", line 161, in get_user
    user = UserModel._default_manager.get(pk=user_id)
           ^^^^^^^^^^^^^^^^^^^^^^^^^^^^^^^^^^^^^^^^^^
  File "D:\Lib\site-packages\django\db\models\manager.py", line 87, in manager_method
    return getattr(self.get_queryset(), name)(*args, **kwargs)
           ^^^^^^^^^^^^^^^^^^^^^^^^^^^^^^^^^^^^^^^^^^^^^^^^^^^
  File "D:\Lib\site-packages\django\db\models\query.py", line 633, in get
    num = len(clone)
          ^^^^^^^^^^
  File "D:\Lib\site-packages\django\db\models\query.py", line 380, in __len__
    self._fetch_all()
  File "D:\Lib\site-packages\django\db\models\query.py", line 1881, in _fetch_all
    self._result_cache = list(self._iterable_class(self))
                         ^^^^^^^^^^^^^^^^^^^^^^^^^^^^^^^^
  File "D:\Lib\site-packages\django\db\models\query.py", line 91, in __iter__
    results = compiler.execute_sql(
              ^^^^^^^^^^^^^^^^^^^^^
  File "D:\Lib\site-packages\django\db\models\sql\compiler.py", line 1562, in execute_sql
    cursor.execute(sql, params)
  File "D:\Lib\site-packages\django\db\backends\utils.py", line 102, in execute
    return super().execute(sql, params)
           ^^^^^^^^^^^^^^^^^^^^^^^^^^^^
  File "D:\Lib\site-packages\django\db\backends\utils.py", line 67, in execute
    return self._execute_with_wrappers(
           ^^^^^^^^^^^^^^^^^^^^^^^^^^^^
  File "D:\Lib\site-packages\django\db\backends\utils.py", line 80, in _execute_with_wrappers
    return executor(sql, params, many, context)
           ^^^^^^^^^^^^^^^^^^^^^^^^^^^^^^^^^^^^
  File "D:\Lib\site-packages\django\db\backends\utils.py", line 84, in _execute
    with self.db.wrap_database_errors:
  File "D:\Lib\site-packages\django\db\utils.py", line 91, in __exit__
    raise dj_exc_value.with_traceback(traceback) from exc_value
  File "D:\Lib\site-packages\django\db\backends\utils.py", line 89, in _execute
    return self.cursor.execute(sql, params)
           ^^^^^^^^^^^^^^^^^^^^^^^^^^^^^^^^
  File "D:\Lib\site-packages\django\db\backends\sqlite3\base.py", line 328, in execute
    return super().execute(query, params)
           ^^^^^^^^^^^^^^^^^^^^^^^^^^^^^^
django.db.utils.OperationalError: no such column: users.profile_image
ERROR 2026-01-17 00:54:32,269 basehttp 41604 8408 "GET / HTTP/1.1" 500 286466
ERROR 2026-01-17 00:55:02,392 log 42368 41360 Internal Server Error: /
Traceback (most recent call last):
  File "D:\Lib\site-packages\django\db\backends\utils.py", line 89, in _execute
    return self.cursor.execute(sql, params)
           ^^^^^^^^^^^^^^^^^^^^^^^^^^^^^^^^
  File "D:\Lib\site-packages\django\db\backends\sqlite3\base.py", line 328, in execute
    return super().execute(query, params)
           ^^^^^^^^^^^^^^^^^^^^^^^^^^^^^^
sqlite3.OperationalError: no such column: users.profile_image

The above exception was the direct cause of the following exception:

Traceback (most recent call last):
  File "D:\Lib\site-packages\django\core\handlers\exception.py", line 55, in inner
    response = get_response(request)
               ^^^^^^^^^^^^^^^^^^^^^
  File "D:\Lib\site-packages\django\core\handlers\base.py", line 197, in _get_response
    response = wrapped_callback(request, *callback_args, **callback_kwargs)
               ^^^^^^^^^^^^^^^^^^^^^^^^^^^^^^^^^^^^^^^^^^^^^^^^^^^^^^^^^^^^
  File "D:\Lib\contextlib.py", line 81, in inner
    return func(*args, **kwds)
           ^^^^^^^^^^^^^^^^^^^
  File "D:\Lib\site-packages\django\views\decorators\http.py", line 43, in inner
    return func(request, *args, **kwargs)
           ^^^^^^^^^^^^^^^^^^^^^^^^^^^^^^
  File "E:\Resume_Projects\lifedocs\core\home_views.py", line 43, in home_view
    return render(request, 'home.html', context)
           ^^^^^^^^^^^^^^^^^^^^^^^^^^^^^^^^^^^^^
  File "D:\Lib\site-packages\django\shortcuts.py", line 24, in render
    content = loader.render_to_string(template_name, context, request, using=using)
              ^^^^^^^^^^^^^^^^^^^^^^^^^^^^^^^^^^^^^^^^^^^^^^^^^^^^^^^^^^^^^^^^^^^^^
  File "D:\Lib\site-packages\django\template\loader.py", line 62, in render_to_string
    return template.render(context, request)
           ^^^^^^^^^^^^^^^^^^^^^^^^^^^^^^^^^
  File "D:\Lib\site-packages\django\template\backends\django.py", line 61, in render
    return self.template.render(context)
           ^^^^^^^^^^^^^^^^^^^^^^^^^^^^^
  File "D:\Lib\site-packages\django\template\base.py", line 175, in render
    return self._render(context)
           ^^^^^^^^^^^^^^^^^^^^^
  File "D:\Lib\site-packages\django\template\base.py", line 167, in _render
    return self.nodelist.render(context)
           ^^^^^^^^^^^^^^^^^^^^^^^^^^^^^
  File "D:\Lib\site-packages\django\template\base.py", line 1005, in render
    return SafeString("".join([node.render_annotated(context) for node in self]))
                              ^^^^^^^^^^^^^^^^^^^^^^^^^^^^^^^^^^^^^^^^^^^^^^^^^
  File "D:\Lib\site-packages\django\template\base.py", line 1005, in <listcomp>
    return SafeString("".join([node.render_annotated(context) for node in self]))
                               ^^^^^^^^^^^^^^^^^^^^^^^^^^^^^^
  File "D:\Lib\site-packages\django\template\base.py", line 966, in render_annotated
    return self.render(context)
           ^^^^^^^^^^^^^^^^^^^^
  File "D:\Lib\site-packages\django\template\loader_tags.py", line 157, in render
    return compiled_parent._render(context)
           ^^^^^^^^^^^^^^^^^^^^^^^^^^^^^^^^
  File "D:\Lib\site-packages\django\template\base.py", line 167, in _render
    return self.nodelist.render(context)
           ^^^^^^^^^^^^^^^^^^^^^^^^^^^^^
  File "D:\Lib\site-packages\django\template\base.py", line 1005, in render
    return SafeString("".join([node.render_annotated(context) for node in self]))
                              ^^^^^^^^^^^^^^^^^^^^^^^^^^^^^^^^^^^^^^^^^^^^^^^^^
  File "D:\Lib\site-packages\django\template\base.py", line 1005, in <listcomp>
    return SafeString("".join([node.render_annotated(context) for node in self]))
                               ^^^^^^^^^^^^^^^^^^^^^^^^^^^^^^
  File "D:\Lib\site-packages\django\template\base.py", line 966, in render_annotated
    return self.render(context)
           ^^^^^^^^^^^^^^^^^^^^
  File "D:\Lib\site-packages\django\template\defaulttags.py", line 314, in render
    match = condition.eval(context)
            ^^^^^^^^^^^^^^^^^^^^^^^
  File "D:\Lib\site-packages\django\template\defaulttags.py", line 877, in eval
    return self.value.resolve(context, ignore_failures=True)
           ^^^^^^^^^^^^^^^^^^^^^^^^^^^^^^^^^^^^^^^^^^^^^^^^^
  File "D:\Lib\site-packages\django\template\base.py", line 715, in resolve
    obj = self.var.resolve(context)
          ^^^^^^^^^^^^^^^^^^^^^^^^^
  File "D:\Lib\site-packages\django\template\base.py", line 847, in resolve
    value = self._resolve_lookup(context)
            ^^^^^^^^^^^^^^^^^^^^^^^^^^^^^
  File "D:\Lib\site-packages\django\template\base.py", line 880, in _resolve_lookup
    current = current[bit]
              ~~~~~~~^^^^^
  File "D:\Lib\site-packages\django\utils\functional.py", line 266, in inner
    self._setup()
  File "D:\Lib\site-packages\django\utils\functional.py", line 419, in _setup
    self._wrapped = self._setupfunc()
                    ^^^^^^^^^^^^^^^^^
  File "D:\Lib\site-packages\django\contrib\auth\middleware.py", line 25, in <lambda>
    request.user = SimpleLazyObject(lambda: get_user(request))
                                            ^^^^^^^^^^^^^^^^^
  File "D:\Lib\site-packages\django\contrib\auth\middleware.py", line 11, in get_user
    request._cached_user = auth.get_user(request)
                           ^^^^^^^^^^^^^^^^^^^^^^
  File "D:\Lib\site-packages\django\contrib\auth\__init__.py", line 198, in get_user
    user = backend.get_user(user_id)
           ^^^^^^^^^^^^^^^^^^^^^^^^^
  File "D:\Lib\site-packages\django\contrib\auth\backends.py", line 161, in get_user
    user = UserModel._default_manager.get(pk=user_id)
           ^^^^^^^^^^^^^^^^^^^^^^^^^^^^^^^^^^^^^^^^^^
  File "D:\Lib\site-packages\django\db\models\manager.py", line 87, in manager_method
    return getattr(self.get_queryset(), name)(*args, **kwargs)
           ^^^^^^^^^^^^^^^^^^^^^^^^^^^^^^^^^^^^^^^^^^^^^^^^^^^
  File "D:\Lib\site-packages\django\db\models\query.py", line 633, in get
    num = len(clone)
          ^^^^^^^^^^
  File "D:\Lib\site-packages\django\db\models\query.py", line 380, in __len__
    self._fetch_all()
  File "D:\Lib\site-packages\django\db\models\query.py", line 1881, in _fetch_all
    self._result_cache = list(self._iterable_class(self))
                         ^^^^^^^^^^^^^^^^^^^^^^^^^^^^^^^^
  File "D:\Lib\site-packages\django\db\models\query.py", line 91, in __iter__
    results = compiler.execute_sql(
              ^^^^^^^^^^^^^^^^^^^^^
  File "D:\Lib\site-packages\django\db\models\sql\compiler.py", line 1562, in execute_sql
    cursor.execute(sql, params)
  File "D:\Lib\site-packages\django\db\backends\utils.py", line 102, in execute
    return super().execute(sql, params)
           ^^^^^^^^^^^^^^^^^^^^^^^^^^^^
  File "D:\Lib\site-packages\django\db\backends\utils.py", line 67, in execute
    return self._execute_with_wrappers(
           ^^^^^^^^^^^^^^^^^^^^^^^^^^^^
  File "D:\Lib\site-packages\django\db\backends\utils.py", line 80, in _execute_with_wrappers
    return executor(sql, params, many, context)
           ^^^^^^^^^^^^^^^^^^^^^^^^^^^^^^^^^^^^
  File "D:\Lib\site-packages\django\db\backends\utils.py", line 84, in _execute
    with self.db.wrap_database_errors:
  File "D:\Lib\site-packages\django\db\utils.py", line 91, in __exit__
    raise dj_exc_value.with_traceback(traceback) from exc_value
  File "D:\Lib\site-packages\django\db\backends\utils.py", line 89, in _execute
    return self.cursor.execute(sql, params)
           ^^^^^^^^^^^^^^^^^^^^^^^^^^^^^^^^
  File "D:\Lib\site-packages\django\db\backends\sqlite3\base.py", line 328, in execute
    return super().execute(query, params)
           ^^^^^^^^^^^^^^^^^^^^^^^^^^^^^^
django.db.utils.OperationalError: no such column: users.profile_image
ERROR 2026-01-17 00:55:02,583 basehttp 42368 41360 "GET / HTTP/1.1" 500 286466
ERROR 2026-01-17 01:01:13,785 log 42368 34000 Internal Server Error: /
Traceback (most recent call last):
  File "D:\Lib\site-packages\django\db\backends\utils.py", line 89, in _execute
    return self.cursor.execute(sql, params)
           ^^^^^^^^^^^^^^^^^^^^^^^^^^^^^^^^
  File "D:\Lib\site-packages\django\db\backends\sqlite3\base.py", line 328, in execute
    return super().execute(query, params)
           ^^^^^^^^^^^^^^^^^^^^^^^^^^^^^^
sqlite3.OperationalError: no such column: users.profile_image

The above exception was the direct cause of the following exception:

Traceback (most recent call last):
  File "D:\Lib\site-packages\django\core\handlers\exception.py", line 55, in inner
    response = get_response(request)
               ^^^^^^^^^^^^^^^^^^^^^
  File "D:\Lib\site-packages\django\core\handlers\base.py", line 197, in _get_response
    response = wrapped_callback(request, *callback_args, **callback_kwargs)
               ^^^^^^^^^^^^^^^^^^^^^^^^^^^^^^^^^^^^^^^^^^^^^^^^^^^^^^^^^^^^
  File "D:\Lib\contextlib.py", line 81, in inner
    return func(*args, **kwds)
           ^^^^^^^^^^^^^^^^^^^
  File "D:\Lib\site-packages\django\views\decorators\http.py", line 43, in inner
    return func(request, *args, **kwargs)
           ^^^^^^^^^^^^^^^^^^^^^^^^^^^^^^
  File "E:\Resume_Projects\lifedocs\core\home_views.py", line 43, in home_view
    return render(request, 'home.html', context)
           ^^^^^^^^^^^^^^^^^^^^^^^^^^^^^^^^^^^^^
  File "D:\Lib\site-packages\django\shortcuts.py", line 24, in render
    content = loader.render_to_string(template_name, context, request, using=using)
              ^^^^^^^^^^^^^^^^^^^^^^^^^^^^^^^^^^^^^^^^^^^^^^^^^^^^^^^^^^^^^^^^^^^^^
  File "D:\Lib\site-packages\django\template\loader.py", line 62, in render_to_string
    return template.render(context, request)
           ^^^^^^^^^^^^^^^^^^^^^^^^^^^^^^^^^
  File "D:\Lib\site-packages\django\template\backends\django.py", line 61, in render
    return self.template.render(context)
           ^^^^^^^^^^^^^^^^^^^^^^^^^^^^^
  File "D:\Lib\site-packages\django\template\base.py", line 175, in render
    return self._render(context)
           ^^^^^^^^^^^^^^^^^^^^^
  File "D:\Lib\site-packages\django\template\base.py", line 167, in _render
    return self.nodelist.render(context)
           ^^^^^^^^^^^^^^^^^^^^^^^^^^^^^
  File "D:\Lib\site-packages\django\template\base.py", line 1005, in render
    return SafeString("".join([node.render_annotated(context) for node in self]))
                              ^^^^^^^^^^^^^^^^^^^^^^^^^^^^^^^^^^^^^^^^^^^^^^^^^
  File "D:\Lib\site-packages\django\template\base.py", line 1005, in <listcomp>
    return SafeString("".join([node.render_annotated(context) for node in self]))
                               ^^^^^^^^^^^^^^^^^^^^^^^^^^^^^^
  File "D:\Lib\site-packages\django\template\base.py", line 966, in render_annotated
    return self.render(context)
           ^^^^^^^^^^^^^^^^^^^^
  File "D:\Lib\site-packages\django\template\loader_tags.py", line 157, in render
    return compiled_parent._render(context)
           ^^^^^^^^^^^^^^^^^^^^^^^^^^^^^^^^
  File "D:\Lib\site-packages\django\template\base.py", line 167, in _render
    return self.nodelist.render(context)
           ^^^^^^^^^^^^^^^^^^^^^^^^^^^^^
  File "D:\Lib\site-packages\django\template\base.py", line 1005, in render
    return SafeString("".join([node.render_annotated(context) for node in self]))
                              ^^^^^^^^^^^^^^^^^^^^^^^^^^^^^^^^^^^^^^^^^^^^^^^^^
  File "D:\Lib\site-packages\django\template\base.py", line 1005, in <listcomp>
    return SafeString("".join([node.render_annotated(context) for node in self]))
                               ^^^^^^^^^^^^^^^^^^^^^^^^^^^^^^
  File "D:\Lib\site-packages\django\template\base.py", line 966, in render_annotated
    return self.render(context)
           ^^^^^^^^^^^^^^^^^^^^
  File "D:\Lib\site-packages\django\template\defaulttags.py", line 314, in render
    match = condition.eval(context)
            ^^^^^^^^^^^^^^^^^^^^^^^
  File "D:\Lib\site-packages\django\template\defaulttags.py", line 877, in eval
    return self.value.resolve(context, ignore_failures=True)
           ^^^^^^^^^^^^^^^^^^^^^^^^^^^^^^^^^^^^^^^^^^^^^^^^^
  File "D:\Lib\site-packages\django\template\base.py", line 715, in resolve
    obj = self.var.resolve(context)
          ^^^^^^^^^^^^^^^^^^^^^^^^^
  File "D:\Lib\site-packages\django\template\base.py", line 847, in resolve
    value = self._resolve_lookup(context)
            ^^^^^^^^^^^^^^^^^^^^^^^^^^^^^
  File "D:\Lib\site-packages\django\template\base.py", line 880, in _resolve_lookup
    current = current[bit]
              ~~~~~~~^^^^^
  File "D:\Lib\site-packages\django\utils\functional.py", line 266, in inner
    self._setup()
  File "D:\Lib\site-packages\django\utils\functional.py", line 419, in _setup
    self._wrapped = self._setupfunc()
                    ^^^^^^^^^^^^^^^^^
  File "D:\Lib\site-packages\django\contrib\auth\middleware.py", line 25, in <lambda>
    request.user = SimpleLazyObject(lambda: get_user(request))
                                            ^^^^^^^^^^^^^^^^^
  File "D:\Lib\site-packages\django\contrib\auth\middleware.py", line 11, in get_user
    request._cached_user = auth.get_user(request)
                           ^^^^^^^^^^^^^^^^^^^^^^
  File "D:\Lib\site-packages\django\contrib\auth\__init__.py", line 198, in get_user
    user = backend.get_user(user_id)
           ^^^^^^^^^^^^^^^^^^^^^^^^^
  File "D:\Lib\site-packages\django\contrib\auth\backends.py", line 161, in get_user
    user = UserModel._default_manager.get(pk=user_id)
           ^^^^^^^^^^^^^^^^^^^^^^^^^^^^^^^^^^^^^^^^^^
  File "D:\Lib\site-packages\django\db\models\manager.py", line 87, in manager_method
    return getattr(self.get_queryset(), name)(*args, **kwargs)
           ^^^^^^^^^^^^^^^^^^^^^^^^^^^^^^^^^^^^^^^^^^^^^^^^^^^
  File "D:\Lib\site-packages\django\db\models\query.py", line 633, in get
    num = len(clone)
          ^^^^^^^^^^
  File "D:\Lib\site-packages\django\db\models\query.py", line 380, in __len__
    self._fetch_all()
  File "D:\Lib\site-packages\django\db\models\query.py", line 1881, in _fetch_all
    self._result_cache = list(self._iterable_class(self))
                         ^^^^^^^^^^^^^^^^^^^^^^^^^^^^^^^^
  File "D:\Lib\site-packages\django\db\models\query.py", line 91, in __iter__
    results = compiler.execute_sql(
              ^^^^^^^^^^^^^^^^^^^^^
  File "D:\Lib\site-packages\django\db\models\sql\compiler.py", line 1562, in execute_sql
    cursor.execute(sql, params)
  File "D:\Lib\site-packages\django\db\backends\utils.py", line 102, in execute
    return super().execute(sql, params)
           ^^^^^^^^^^^^^^^^^^^^^^^^^^^^
  File "D:\Lib\site-packages\django\db\backends\utils.py", line 67, in execute
    return self._execute_with_wrappers(
           ^^^^^^^^^^^^^^^^^^^^^^^^^^^^
  File "D:\Lib\site-packages\django\db\backends\utils.py", line 80, in _execute_with_wrappers
    return executor(sql, params, many, context)
           ^^^^^^^^^^^^^^^^^^^^^^^^^^^^^^^^^^^^
  File "D:\Lib\site-packages\django\db\backends\utils.py", line 84, in _execute
    with self.db.wrap_database_errors:
  File "D:\Lib\site-packages\django\db\utils.py", line 91, in __exit__
    raise dj_exc_value.with_traceback(traceback) from exc_value
  File "D:\Lib\site-packages\django\db\backends\utils.py", line 89, in _execute
    return self.cursor.execute(sql, params)
           ^^^^^^^^^^^^^^^^^^^^^^^^^^^^^^^^
  File "D:\Lib\site-packages\django\db\backends\sqlite3\base.py", line 328, in execute
    return super().execute(query, params)
           ^^^^^^^^^^^^^^^^^^^^^^^^^^^^^^
django.db.utils.OperationalError: no such column: users.profile_image
ERROR 2026-01-17 01:01:13,917 basehttp 42368 34000 "GET / HTTP/1.1" 500 286603
ERROR 2026-01-17 01:03:57,559 log 11992 32424 Internal Server Error: /
Traceback (most recent call last):
  File "D:\Lib\site-packages\django\db\backends\utils.py", line 89, in _execute
    return self.cursor.execute(sql, params)
           ^^^^^^^^^^^^^^^^^^^^^^^^^^^^^^^^
  File "D:\Lib\site-packages\django\db\backends\sqlite3\base.py", line 328, in execute
    return super().execute(query, params)
           ^^^^^^^^^^^^^^^^^^^^^^^^^^^^^^
sqlite3.OperationalError: no such column: users.profile_image

The above exception was the direct cause of the following exception:

Traceback (most recent call last):
  File "D:\Lib\site-packages\django\core\handlers\exception.py", line 55, in inner
    response = get_response(request)
               ^^^^^^^^^^^^^^^^^^^^^
  File "D:\Lib\site-packages\django\core\handlers\base.py", line 197, in _get_response
    response = wrapped_callback(request, *callback_args, **callback_kwargs)
               ^^^^^^^^^^^^^^^^^^^^^^^^^^^^^^^^^^^^^^^^^^^^^^^^^^^^^^^^^^^^
  File "D:\Lib\contextlib.py", line 81, in inner
    return func(*args, **kwds)
           ^^^^^^^^^^^^^^^^^^^
  File "D:\Lib\site-packages\django\views\decorators\http.py", line 43, in inner
    return func(request, *args, **kwargs)
           ^^^^^^^^^^^^^^^^^^^^^^^^^^^^^^
  File "E:\Resume_Projects\lifedocs\core\home_views.py", line 43, in home_view
    return render(request, 'home.html', context)
           ^^^^^^^^^^^^^^^^^^^^^^^^^^^^^^^^^^^^^
  File "D:\Lib\site-packages\django\shortcuts.py", line 24, in render
    content = loader.render_to_string(template_name, context, request, using=using)
              ^^^^^^^^^^^^^^^^^^^^^^^^^^^^^^^^^^^^^^^^^^^^^^^^^^^^^^^^^^^^^^^^^^^^^
  File "D:\Lib\site-packages\django\template\loader.py", line 62, in render_to_string
    return template.render(context, request)
           ^^^^^^^^^^^^^^^^^^^^^^^^^^^^^^^^^
  File "D:\Lib\site-packages\django\template\backends\django.py", line 61, in render
    return self.template.render(context)
           ^^^^^^^^^^^^^^^^^^^^^^^^^^^^^
  File "D:\Lib\site-packages\django\template\base.py", line 175, in render
    return self._render(context)
           ^^^^^^^^^^^^^^^^^^^^^
  File "D:\Lib\site-packages\django\template\base.py", line 167, in _render
    return self.nodelist.render(context)
           ^^^^^^^^^^^^^^^^^^^^^^^^^^^^^
  File "D:\Lib\site-packages\django\template\base.py", line 1005, in render
    return SafeString("".join([node.render_annotated(context) for node in self]))
                              ^^^^^^^^^^^^^^^^^^^^^^^^^^^^^^^^^^^^^^^^^^^^^^^^^
  File "D:\Lib\site-packages\django\template\base.py", line 1005, in <listcomp>
    return SafeString("".join([node.render_annotated(context) for node in self]))
                               ^^^^^^^^^^^^^^^^^^^^^^^^^^^^^^
  File "D:\Lib\site-packages\django\template\base.py", line 966, in render_annotated
    return self.render(context)
           ^^^^^^^^^^^^^^^^^^^^
  File "D:\Lib\site-packages\django\template\loader_tags.py", line 157, in render
    return compiled_parent._render(context)
           ^^^^^^^^^^^^^^^^^^^^^^^^^^^^^^^^
  File "D:\Lib\site-packages\django\template\base.py", line 167, in _render
    return self.nodelist.render(context)
           ^^^^^^^^^^^^^^^^^^^^^^^^^^^^^
  File "D:\Lib\site-packages\django\template\base.py", line 1005, in render
    return SafeString("".join([node.render_annotated(context) for node in self]))
                              ^^^^^^^^^^^^^^^^^^^^^^^^^^^^^^^^^^^^^^^^^^^^^^^^^
  File "D:\Lib\site-packages\django\template\base.py", line 1005, in <listcomp>
    return SafeString("".join([node.render_annotated(context) for node in self]))
                               ^^^^^^^^^^^^^^^^^^^^^^^^^^^^^^
  File "D:\Lib\site-packages\django\template\base.py", line 966, in render_annotated
    return self.render(context)
           ^^^^^^^^^^^^^^^^^^^^
  File "D:\Lib\site-packages\django\template\defaulttags.py", line 314, in render
    match = condition.eval(context)
            ^^^^^^^^^^^^^^^^^^^^^^^
  File "D:\Lib\site-packages\django\template\defaulttags.py", line 877, in eval
    return self.value.resolve(context, ignore_failures=True)
           ^^^^^^^^^^^^^^^^^^^^^^^^^^^^^^^^^^^^^^^^^^^^^^^^^
  File "D:\Lib\site-packages\django\template\base.py", line 715, in resolve
    obj = self.var.resolve(context)
          ^^^^^^^^^^^^^^^^^^^^^^^^^
  File "D:\Lib\site-packages\django\template\base.py", line 847, in resolve
    value = self._resolve_lookup(context)
            ^^^^^^^^^^^^^^^^^^^^^^^^^^^^^
  File "D:\Lib\site-packages\django\template\base.py", line 880, in _resolve_lookup
    current = current[bit]
              ~~~~~~~^^^^^
  File "D:\Lib\site-packages\django\utils\functional.py", line 266, in inner
    self._setup()
  File "D:\Lib\site-packages\django\utils\functional.py", line 419, in _setup
    self._wrapped = self._setupfunc()
                    ^^^^^^^^^^^^^^^^^
  File "D:\Lib\site-packages\django\contrib\auth\middleware.py", line 25, in <lambda>
    request.user = SimpleLazyObject(lambda: get_user(request))
                                            ^^^^^^^^^^^^^^^^^
  File "D:\Lib\site-packages\django\contrib\auth\middleware.py", line 11, in get_user
    request._cached_user = auth.get_user(request)
                           ^^^^^^^^^^^^^^^^^^^^^^
  File "D:\Lib\site-packages\django\contrib\auth\__init__.py", line 198, in get_user
    user = backend.get_user(user_id)
           ^^^^^^^^^^^^^^^^^^^^^^^^^
  File "D:\Lib\site-packages\django\contrib\auth\backends.py", line 161, in get_user
    user = UserModel._default_manager.get(pk=user_id)
           ^^^^^^^^^^^^^^^^^^^^^^^^^^^^^^^^^^^^^^^^^^
  File "D:\Lib\site-packages\django\db\models\manager.py", line 87, in manager_method
    return getattr(self.get_queryset(), name)(*args, **kwargs)
           ^^^^^^^^^^^^^^^^^^^^^^^^^^^^^^^^^^^^^^^^^^^^^^^^^^^
  File "D:\Lib\site-packages\django\db\models\query.py", line 633, in get
    num = len(clone)
          ^^^^^^^^^^
  File "D:\Lib\site-packages\django\db\models\query.py", line 380, in __len__
    self._fetch_all()
  File "D:\Lib\site-packages\django\db\models\query.py", line 1881, in _fetch_all
    self._result_cache = list(self._iterable_class(self))
                         ^^^^^^^^^^^^^^^^^^^^^^^^^^^^^^^^
  File "D:\Lib\site-packages\django\db\models\query.py", line 91, in __iter__
    results = compiler.execute_sql(
              ^^^^^^^^^^^^^^^^^^^^^
  File "D:\Lib\site-packages\django\db\models\sql\compiler.py", line 1562, in execute_sql
    cursor.execute(sql, params)
  File "D:\Lib\site-packages\django\db\backends\utils.py", line 102, in execute
    return super().execute(sql, params)
           ^^^^^^^^^^^^^^^^^^^^^^^^^^^^
  File "D:\Lib\site-packages\django\db\backends\utils.py", line 67, in execute
    return self._execute_with_wrappers(
           ^^^^^^^^^^^^^^^^^^^^^^^^^^^^
  File "D:\Lib\site-packages\django\db\backends\utils.py", line 80, in _execute_with_wrappers
    return executor(sql, params, many, context)
           ^^^^^^^^^^^^^^^^^^^^^^^^^^^^^^^^^^^^
  File "D:\Lib\site-packages\django\db\backends\utils.py", line 84, in _execute
    with self.db.wrap_database_errors:
  File "D:\Lib\site-packages\django\db\utils.py", line 91, in __exit__
    raise dj_exc_value.with_traceback(traceback) from exc_value
  File "D:\Lib\site-packages\django\db\backends\utils.py", line 89, in _execute
    return self.cursor.execute(sql, params)
           ^^^^^^^^^^^^^^^^^^^^^^^^^^^^^^^^
  File "D:\Lib\site-packages\django\db\backends\sqlite3\base.py", line 328, in execute
    return super().execute(query, params)
           ^^^^^^^^^^^^^^^^^^^^^^^^^^^^^^
django.db.utils.OperationalError: no such column: users.profile_image
ERROR 2026-01-17 01:03:57,607 basehttp 11992 32424 "GET / HTTP/1.1" 500 286466
WARNING 2026-01-17 01:06:13,533 log 11992 34104 Not Found: /login
WARNING 2026-01-17 01:06:13,564 basehttp 11992 34104 "GET /login HTTP/1.1" 404 3001
WARNING 2026-01-17 01:38:55,414 log 12668 46548 Not Found: /favicon.ico
WARNING 2026-01-17 01:38:55,431 basehttp 12668 46548 "GET /favicon.ico HTTP/1.1" 404 3019
WARNING 2026-01-17 13:34:26,181 log 15832 16840 Not Found: /favicon.ico
WARNING 2026-01-17 13:34:26,222 basehttp 15832 16840 "GET /favicon.ico HTTP/1.1" 404 3019
WARNING 2026-01-17 14:29:36,415 log 17896 25028 Not Found: /favicon.ico
WARNING 2026-01-17 14:29:36,426 basehttp 17896 25028 "GET /favicon.ico HTTP/1.1" 404 3019
WARNING 2026-01-17 14:35:43,866 log 22760 25200 Not Found: /favicon.ico
WARNING 2026-01-17 14:35:43,885 basehttp 22760 25200 "GET /favicon.ico HTTP/1.1" 404 3019
WARNING 2026-01-17 15:32:31,289 log 27232 7036 Not Found: /favicon.ico
WARNING 2026-01-17 15:32:31,307 basehttp 27232 7036 "GET /favicon.ico HTTP/1.1" 404 3019
WARNING 2026-01-17 16:17:13,830 log 32328 21316 Not Found: /favicon.ico
WARNING 2026-01-17 16:17:13,847 basehttp 32328 21316 "GET /favicon.ico HTTP/1.1" 404 3019
WARNING 2026-01-17 17:17:28,091 log 34284 32268 Not Found: /favicon.ico
WARNING 2026-01-17 17:17:28,124 basehttp 34284 32268 "GET /favicon.ico HTTP/1.1" 404 3019
WARNING 2026-01-17 17:20:54,902 log 34480 32048 Not Found: /favicon.ico
WARNING 2026-01-17 17:20:54,938 basehttp 34480 32048 "GET /favicon.ico HTTP/1.1" 404 3019
WARNING 2026-01-17 17:26:46,402 log 26040 31860 Not Found: /favicon.ico
WARNING 2026-01-17 17:26:46,419 basehttp 26040 31860 "GET /favicon.ico HTTP/1.1" 404 3019
WARNING 2026-01-17 18:55:17,408 log 33316 23444 Not Found: /favicon.ico
WARNING 2026-01-17 18:55:17,507 basehttp 33316 23444 "GET /favicon.ico HTTP/1.1" 404 3019
WARNING 2026-01-17 19:05:29,819 log 33316 21696 Not Found: /favicon.ico
WARNING 2026-01-17 19:05:29,862 basehttp 33316 21696 "GET /favicon.ico HTTP/1.1" 404 3019
ERROR 2026-01-17 19:26:34,752 log 28892 27796 Internal Server Error: /
Traceback (most recent call last):
  File "D:\Lib\site-packages\django\template\backends\django.py", line 61, in render
    return self.template.render(context)
           ^^^^^^^^^^^^^^^^^^^^^^^^^^^^^
  File "D:\Lib\site-packages\django\template\base.py", line 175, in render
    return self._render(context)
           ^^^^^^^^^^^^^^^^^^^^^
  File "D:\Lib\site-packages\django\template\base.py", line 167, in _render
    return self.nodelist.render(context)
           ^^^^^^^^^^^^^^^^^^^^^^^^^^^^^
  File "D:\Lib\site-packages\django\template\base.py", line 1005, in render
    return SafeString("".join([node.render_annotated(context) for node in self]))
                              ^^^^^^^^^^^^^^^^^^^^^^^^^^^^^^^^^^^^^^^^^^^^^^^^^
  File "D:\Lib\site-packages\django\template\base.py", line 1005, in <listcomp>
    return SafeString("".join([node.render_annotated(context) for node in self]))
                               ^^^^^^^^^^^^^^^^^^^^^^^^^^^^^^
  File "D:\Lib\site-packages\django\template\base.py", line 966, in render_annotated
    return self.render(context)
           ^^^^^^^^^^^^^^^^^^^^
  File "D:\Lib\site-packages\django\template\loader_tags.py", line 157, in render
    return compiled_parent._render(context)
           ^^^^^^^^^^^^^^^^^^^^^^^^^^^^^^^^
  File "D:\Lib\site-packages\django\template\base.py", line 167, in _render
    return self.nodelist.render(context)
           ^^^^^^^^^^^^^^^^^^^^^^^^^^^^^
  File "D:\Lib\site-packages\django\template\base.py", line 1005, in render
    return SafeString("".join([node.render_annotated(context) for node in self]))
                              ^^^^^^^^^^^^^^^^^^^^^^^^^^^^^^^^^^^^^^^^^^^^^^^^^
  File "D:\Lib\site-packages\django\template\base.py", line 1005, in <listcomp>
    return SafeString("".join([node.render_annotated(context) for node in self]))
                               ^^^^^^^^^^^^^^^^^^^^^^^^^^^^^^
  File "D:\Lib\site-packages\django\template\base.py", line 966, in render_annotated
    return self.render(context)
           ^^^^^^^^^^^^^^^^^^^^
  File "D:\Lib\site-packages\django\template\loader_tags.py", line 132, in render
    compiled_parent = self.get_parent(context)
                      ^^^^^^^^^^^^^^^^^^^^^^^^
  File "D:\Lib\site-packages\django\template\loader_tags.py", line 129, in get_parent
    return self.find_template(parent, context)
           ^^^^^^^^^^^^^^^^^^^^^^^^^^^^^^^^^^^
  File "D:\Lib\site-packages\django\template\loader_tags.py", line 107, in find_template
    template, origin = context.template.engine.find_template(
                       ^^^^^^^^^^^^^^^^^^^^^^^^^^^^^^^^^^^^^^
  File "D:\Lib\site-packages\django\template\engine.py", line 161, in find_template
    raise TemplateDoesNotExist(name, tried=tried)
django.template.exceptions.TemplateDoesNotExist: base.html

The above exception was the direct cause of the following exception:

Traceback (most recent call last):
  File "D:\Lib\site-packages\django\core\handlers\exception.py", line 55, in inner
    response = get_response(request)
               ^^^^^^^^^^^^^^^^^^^^^
  File "D:\Lib\site-packages\django\core\handlers\base.py", line 197, in _get_response
    response = wrapped_callback(request, *callback_args, **callback_kwargs)
               ^^^^^^^^^^^^^^^^^^^^^^^^^^^^^^^^^^^^^^^^^^^^^^^^^^^^^^^^^^^^
  File "D:\Lib\contextlib.py", line 81, in inner
    return func(*args, **kwds)
           ^^^^^^^^^^^^^^^^^^^
  File "D:\Lib\site-packages\django\views\decorators\http.py", line 43, in inner
    return func(request, *args, **kwargs)
           ^^^^^^^^^^^^^^^^^^^^^^^^^^^^^^
  File "E:\Resume_Projects\lifedocs\core\home_views.py", line 43, in home_view
    return render(request, 'home.html', context)
           ^^^^^^^^^^^^^^^^^^^^^^^^^^^^^^^^^^^^^
  File "D:\Lib\site-packages\django\shortcuts.py", line 24, in render
    content = loader.render_to_string(template_name, context, request, using=using)
              ^^^^^^^^^^^^^^^^^^^^^^^^^^^^^^^^^^^^^^^^^^^^^^^^^^^^^^^^^^^^^^^^^^^^^
  File "D:\Lib\site-packages\django\template\loader.py", line 62, in render_to_string
    return template.render(context, request)
           ^^^^^^^^^^^^^^^^^^^^^^^^^^^^^^^^^
  File "D:\Lib\site-packages\django\template\backends\django.py", line 63, in render
    reraise(exc, self.backend)
  File "D:\Lib\site-packages\django\template\backends\django.py", line 84, in reraise
    raise new from exc
django.template.exceptions.TemplateDoesNotExist: base.html
ERROR 2026-01-17 19:26:34,788 basehttp 28892 27796 "GET / HTTP/1.1" 500 191092
ERROR 2026-01-17 19:30:31,905 log 28892 25088 Internal Server Error: /
Traceback (most recent call last):
  File "D:\Lib\site-packages\django\core\handlers\exception.py", line 55, in inner
    response = get_response(request)
               ^^^^^^^^^^^^^^^^^^^^^
  File "D:\Lib\site-packages\django\core\handlers\base.py", line 197, in _get_response
    response = wrapped_callback(request, *callback_args, **callback_kwargs)
               ^^^^^^^^^^^^^^^^^^^^^^^^^^^^^^^^^^^^^^^^^^^^^^^^^^^^^^^^^^^^
  File "D:\Lib\contextlib.py", line 81, in inner
    return func(*args, **kwds)
           ^^^^^^^^^^^^^^^^^^^
  File "D:\Lib\site-packages\django\views\decorators\http.py", line 43, in inner
    return func(request, *args, **kwargs)
           ^^^^^^^^^^^^^^^^^^^^^^^^^^^^^^
  File "E:\Resume_Projects\lifedocs\core\home_views.py", line 43, in home_view
    return render(request, 'home.html', context)
           ^^^^^^^^^^^^^^^^^^^^^^^^^^^^^^^^^^^^^
  File "D:\Lib\site-packages\django\shortcuts.py", line 24, in render
    content = loader.render_to_string(template_name, context, request, using=using)
              ^^^^^^^^^^^^^^^^^^^^^^^^^^^^^^^^^^^^^^^^^^^^^^^^^^^^^^^^^^^^^^^^^^^^^
  File "D:\Lib\site-packages\django\template\loader.py", line 62, in render_to_string
    return template.render(context, request)
           ^^^^^^^^^^^^^^^^^^^^^^^^^^^^^^^^^
  File "D:\Lib\site-packages\django\template\backends\django.py", line 61, in render
    return self.template.render(context)
           ^^^^^^^^^^^^^^^^^^^^^^^^^^^^^
  File "D:\Lib\site-packages\django\template\base.py", line 175, in render
    return self._render(context)
           ^^^^^^^^^^^^^^^^^^^^^
  File "D:\Lib\site-packages\django\template\base.py", line 167, in _render
    return self.nodelist.render(context)
           ^^^^^^^^^^^^^^^^^^^^^^^^^^^^^
  File "D:\Lib\site-packages\django\template\base.py", line 1005, in render
    return SafeString("".join([node.render_annotated(context) for node in self]))
                              ^^^^^^^^^^^^^^^^^^^^^^^^^^^^^^^^^^^^^^^^^^^^^^^^^
  File "D:\Lib\site-packages\django\template\base.py", line 1005, in <listcomp>
    return SafeString("".join([node.render_annotated(context) for node in self]))
                               ^^^^^^^^^^^^^^^^^^^^^^^^^^^^^^
  File "D:\Lib\site-packages\django\template\base.py", line 966, in render_annotated
    return self.render(context)
           ^^^^^^^^^^^^^^^^^^^^
  File "D:\Lib\site-packages\django\template\loader_tags.py", line 132, in render
    compiled_parent = self.get_parent(context)
                      ^^^^^^^^^^^^^^^^^^^^^^^^
  File "D:\Lib\site-packages\django\template\loader_tags.py", line 129, in get_parent
    return self.find_template(parent, context)
           ^^^^^^^^^^^^^^^^^^^^^^^^^^^^^^^^^^^
  File "D:\Lib\site-packages\django\template\loader_tags.py", line 107, in find_template
    template, origin = context.template.engine.find_template(
                       ^^^^^^^^^^^^^^^^^^^^^^^^^^^^^^^^^^^^^^
  File "D:\Lib\site-packages\django\template\engine.py", line 157, in find_template
    template = loader.get_template(name, skip=skip)
               ^^^^^^^^^^^^^^^^^^^^^^^^^^^^^^^^^^^^
  File "D:\Lib\site-packages\django\template\loaders\cached.py", line 57, in get_template
    template = super().get_template(template_name, skip)
               ^^^^^^^^^^^^^^^^^^^^^^^^^^^^^^^^^^^^^^^^^
  File "D:\Lib\site-packages\django\template\loaders\base.py", line 28, in get_template
    return Template(
           ^^^^^^^^^
  File "D:\Lib\site-packages\django\template\base.py", line 154, in __init__
    self.nodelist = self.compile_nodelist()
                    ^^^^^^^^^^^^^^^^^^^^^^^
  File "D:\Lib\site-packages\django\template\base.py", line 200, in compile_nodelist
    return parser.parse()
           ^^^^^^^^^^^^^^
  File "D:\Lib\site-packages\django\template\base.py", line 514, in parse
    self.extend_nodelist(nodelist, compiled_result, token)
  File "D:\Lib\site-packages\django\template\base.py", line 531, in extend_nodelist
    raise self.error(
django.template.exceptions.TemplateSyntaxError: <ExtendsNode: extends 'base.html'> must be the first tag in the template.
ERROR 2026-01-17 19:30:31,966 basehttp 28892 25088 "GET / HTTP/1.1" 500 199765
WARNING 2026-01-17 19:30:32,236 log 28892 25088 Not Found: /favicon.ico
WARNING 2026-01-17 19:30:32,239 basehttp 28892 25088 "GET /favicon.ico HTTP/1.1" 404 3019
WARNING 2026-01-17 19:31:24,693 log 28892 33316 Not Found: /favicon.ico
WARNING 2026-01-17 19:31:24,698 basehttp 28892 33316 "GET /favicon.ico HTTP/1.1" 404 3019
WARNING 2026-01-17 19:47:35,191 log 28892 10556 Not Found: /favicon.ico
WARNING 2026-01-17 19:47:35,258 basehttp 28892 10556 "GET /favicon.ico HTTP/1.1" 404 3019
WARNING 2026-01-17 19:48:58,922 log 15628 28700 Not Found: /favicon.ico
WARNING 2026-01-17 19:48:58,941 basehttp 15628 28700 "GET /favicon.ico HTTP/1.1" 404 3019
ERROR 2026-01-17 19:49:41,887 log 15628 25272 Internal Server Error: /vault/upload/
Traceback (most recent call last):
  File "D:\Lib\site-packages\django\core\handlers\exception.py", line 55, in inner
    response = get_response(request)
               ^^^^^^^^^^^^^^^^^^^^^
  File "D:\Lib\site-packages\django\core\handlers\base.py", line 197, in _get_response
    response = wrapped_callback(request, *callback_args, **callback_kwargs)
               ^^^^^^^^^^^^^^^^^^^^^^^^^^^^^^^^^^^^^^^^^^^^^^^^^^^^^^^^^^^^
  File "D:\Lib\contextlib.py", line 81, in inner
    return func(*args, **kwds)
           ^^^^^^^^^^^^^^^^^^^
  File "D:\Lib\site-packages\django\contrib\auth\decorators.py", line 23, in _wrapper_view
    return view_func(request, *args, **kwargs)
           ^^^^^^^^^^^^^^^^^^^^^^^^^^^^^^^^^^^
  File "D:\Lib\site-packages\django\views\decorators\http.py", line 43, in inner
    return func(request, *args, **kwargs)
           ^^^^^^^^^^^^^^^^^^^^^^^^^^^^^^
  File "E:\Resume_Projects\lifedocs\vault\views.py", line 198, in upload_document
    return render(request, 'vault/upload_document.html')
           ^^^^^^^^^^^^^^^^^^^^^^^^^^^^^^^^^^^^^^^^^^^^^
  File "D:\Lib\site-packages\django\shortcuts.py", line 24, in render
    content = loader.render_to_string(template_name, context, request, using=using)
              ^^^^^^^^^^^^^^^^^^^^^^^^^^^^^^^^^^^^^^^^^^^^^^^^^^^^^^^^^^^^^^^^^^^^^
  File "D:\Lib\site-packages\django\template\loader.py", line 61, in render_to_string
    template = get_template(template_name, using=using)
               ^^^^^^^^^^^^^^^^^^^^^^^^^^^^^^^^^^^^^^^^
  File "D:\Lib\site-packages\django\template\loader.py", line 15, in get_template
    return engine.get_template(template_name)
           ^^^^^^^^^^^^^^^^^^^^^^^^^^^^^^^^^^
  File "D:\Lib\site-packages\django\template\backends\django.py", line 33, in get_template
    return Template(self.engine.get_template(template_name), self)
                    ^^^^^^^^^^^^^^^^^^^^^^^^^^^^^^^^^^^^^^^
  File "D:\Lib\site-packages\django\template\engine.py", line 175, in get_template
    template, origin = self.find_template(template_name)
                       ^^^^^^^^^^^^^^^^^^^^^^^^^^^^^^^^^
  File "D:\Lib\site-packages\django\template\engine.py", line 157, in find_template
    template = loader.get_template(name, skip=skip)
               ^^^^^^^^^^^^^^^^^^^^^^^^^^^^^^^^^^^^
  File "D:\Lib\site-packages\django\template\loaders\cached.py", line 57, in get_template
    template = super().get_template(template_name, skip)
               ^^^^^^^^^^^^^^^^^^^^^^^^^^^^^^^^^^^^^^^^^
  File "D:\Lib\site-packages\django\template\loaders\base.py", line 28, in get_template
    return Template(
           ^^^^^^^^^
  File "D:\Lib\site-packages\django\template\base.py", line 154, in __init__
    self.nodelist = self.compile_nodelist()
                    ^^^^^^^^^^^^^^^^^^^^^^^
  File "D:\Lib\site-packages\django\template\base.py", line 200, in compile_nodelist
    return parser.parse()
           ^^^^^^^^^^^^^^
  File "D:\Lib\site-packages\django\template\base.py", line 513, in parse
    raise self.error(token, e)
  File "D:\Lib\site-packages\django\template\base.py", line 511, in parse
    compiled_result = compile_func(self, token)
                      ^^^^^^^^^^^^^^^^^^^^^^^^^
  File "D:\Lib\site-packages\django\template\loader_tags.py", line 293, in do_extends
    nodelist = parser.parse()
               ^^^^^^^^^^^^^^
  File "D:\Lib\site-packages\django\template\base.py", line 513, in parse
    raise self.error(token, e)
  File "D:\Lib\site-packages\django\template\base.py", line 511, in parse
    compiled_result = compile_func(self, token)
                      ^^^^^^^^^^^^^^^^^^^^^^^^^
  File "D:\Lib\site-packages\django\template\loader_tags.py", line 232, in do_block
    nodelist = parser.parse(("endblock",))
               ^^^^^^^^^^^^^^^^^^^^^^^^^^^
  File "D:\Lib\site-packages\django\template\base.py", line 518, in parse
    self.unclosed_block_tag(parse_until)
  File "D:\Lib\site-packages\django\template\base.py", line 581, in unclosed_block_tag
    raise self.error(token, msg)
django.template.exceptions.TemplateSyntaxError: Unclosed tag on line 1: 'block'. Looking for one of: endblock.
ERROR 2026-01-17 19:49:41,919 basehttp 15628 25272 "GET /vault/upload/ HTTP/1.1" 500 191702
ERROR 2026-01-17 19:50:09,950 log 15628 4496 Internal Server Error: /vault/upload/
Traceback (most recent call last):
  File "D:\Lib\site-packages\django\core\handlers\exception.py", line 55, in inner
    response = get_response(request)
               ^^^^^^^^^^^^^^^^^^^^^
  File "D:\Lib\site-packages\django\core\handlers\base.py", line 197, in _get_response
    response = wrapped_callback(request, *callback_args, **callback_kwargs)
               ^^^^^^^^^^^^^^^^^^^^^^^^^^^^^^^^^^^^^^^^^^^^^^^^^^^^^^^^^^^^
  File "D:\Lib\contextlib.py", line 81, in inner
    return func(*args, **kwds)
           ^^^^^^^^^^^^^^^^^^^
  File "D:\Lib\site-packages\django\contrib\auth\decorators.py", line 23, in _wrapper_view
    return view_func(request, *args, **kwargs)
           ^^^^^^^^^^^^^^^^^^^^^^^^^^^^^^^^^^^
  File "D:\Lib\site-packages\django\views\decorators\http.py", line 43, in inner
    return func(request, *args, **kwargs)
           ^^^^^^^^^^^^^^^^^^^^^^^^^^^^^^
  File "E:\Resume_Projects\lifedocs\vault\views.py", line 198, in upload_document
    return render(request, 'vault/upload_document.html')
           ^^^^^^^^^^^^^^^^^^^^^^^^^^^^^^^^^^^^^^^^^^^^^
  File "D:\Lib\site-packages\django\shortcuts.py", line 24, in render
    content = loader.render_to_string(template_name, context, request, using=using)
              ^^^^^^^^^^^^^^^^^^^^^^^^^^^^^^^^^^^^^^^^^^^^^^^^^^^^^^^^^^^^^^^^^^^^^
  File "D:\Lib\site-packages\django\template\loader.py", line 61, in render_to_string
    template = get_template(template_name, using=using)
               ^^^^^^^^^^^^^^^^^^^^^^^^^^^^^^^^^^^^^^^^
  File "D:\Lib\site-packages\django\template\loader.py", line 15, in get_template
    return engine.get_template(template_name)
           ^^^^^^^^^^^^^^^^^^^^^^^^^^^^^^^^^^
  File "D:\Lib\site-packages\django\template\backends\django.py", line 33, in get_template
    return Template(self.engine.get_template(template_name), self)
                    ^^^^^^^^^^^^^^^^^^^^^^^^^^^^^^^^^^^^^^^
  File "D:\Lib\site-packages\django\template\engine.py", line 175, in get_template
    template, origin = self.find_template(template_name)
                       ^^^^^^^^^^^^^^^^^^^^^^^^^^^^^^^^^
  File "D:\Lib\site-packages\django\template\engine.py", line 157, in find_template
    template = loader.get_template(name, skip=skip)
               ^^^^^^^^^^^^^^^^^^^^^^^^^^^^^^^^^^^^
  File "D:\Lib\site-packages\django\template\loaders\cached.py", line 57, in get_template
    template = super().get_template(template_name, skip)
               ^^^^^^^^^^^^^^^^^^^^^^^^^^^^^^^^^^^^^^^^^
  File "D:\Lib\site-packages\django\template\loaders\base.py", line 28, in get_template
    return Template(
           ^^^^^^^^^
  File "D:\Lib\site-packages\django\template\base.py", line 154, in __init__
    self.nodelist = self.compile_nodelist()
                    ^^^^^^^^^^^^^^^^^^^^^^^
  File "D:\Lib\site-packages\django\template\base.py", line 200, in compile_nodelist
    return parser.parse()
           ^^^^^^^^^^^^^^
  File "D:\Lib\site-packages\django\template\base.py", line 513, in parse
    raise self.error(token, e)
  File "D:\Lib\site-packages\django\template\base.py", line 511, in parse
    compiled_result = compile_func(self, token)
                      ^^^^^^^^^^^^^^^^^^^^^^^^^
  File "D:\Lib\site-packages\django\template\loader_tags.py", line 293, in do_extends
    nodelist = parser.parse()
               ^^^^^^^^^^^^^^
  File "D:\Lib\site-packages\django\template\base.py", line 513, in parse
    raise self.error(token, e)
  File "D:\Lib\site-packages\django\template\base.py", line 511, in parse
    compiled_result = compile_func(self, token)
                      ^^^^^^^^^^^^^^^^^^^^^^^^^
  File "D:\Lib\site-packages\django\template\loader_tags.py", line 232, in do_block
    nodelist = parser.parse(("endblock",))
               ^^^^^^^^^^^^^^^^^^^^^^^^^^^
  File "D:\Lib\site-packages\django\template\base.py", line 518, in parse
    self.unclosed_block_tag(parse_until)
  File "D:\Lib\site-packages\django\template\base.py", line 581, in unclosed_block_tag
    raise self.error(token, msg)
django.template.exceptions.TemplateSyntaxError: Unclosed tag on line 1: 'block'. Looking for one of: endblock.
ERROR 2026-01-17 19:50:09,962 basehttp 15628 4496 "GET /vault/upload/ HTTP/1.1" 500 191967
WARNING 2026-01-17 19:50:10,185 log 15628 4496 Not Found: /favicon.ico
WARNING 2026-01-17 19:50:10,189 basehttp 15628 4496 "GET /favicon.ico HTTP/1.1" 404 3019
WARNING 2026-01-17 19:50:40,727 log 15628 28900 Not Found: /favicon.ico
WARNING 2026-01-17 19:50:40,743 basehttp 15628 28900 "GET /favicon.ico HTTP/1.1" 404 3019
ERROR 2026-01-17 19:50:41,558 log 15628 28900 Internal Server Error: /vault/upload/
Traceback (most recent call last):
  File "D:\Lib\site-packages\django\core\handlers\exception.py", line 55, in inner
    response = get_response(request)
               ^^^^^^^^^^^^^^^^^^^^^
  File "D:\Lib\site-packages\django\core\handlers\base.py", line 197, in _get_response
    response = wrapped_callback(request, *callback_args, **callback_kwargs)
               ^^^^^^^^^^^^^^^^^^^^^^^^^^^^^^^^^^^^^^^^^^^^^^^^^^^^^^^^^^^^
  File "D:\Lib\contextlib.py", line 81, in inner
    return func(*args, **kwds)
           ^^^^^^^^^^^^^^^^^^^
  File "D:\Lib\site-packages\django\contrib\auth\decorators.py", line 23, in _wrapper_view
    return view_func(request, *args, **kwargs)
           ^^^^^^^^^^^^^^^^^^^^^^^^^^^^^^^^^^^
  File "D:\Lib\site-packages\django\views\decorators\http.py", line 43, in inner
    return func(request, *args, **kwargs)
           ^^^^^^^^^^^^^^^^^^^^^^^^^^^^^^
  File "E:\Resume_Projects\lifedocs\vault\views.py", line 198, in upload_document
    return render(request, 'vault/upload_document.html')
           ^^^^^^^^^^^^^^^^^^^^^^^^^^^^^^^^^^^^^^^^^^^^^
  File "D:\Lib\site-packages\django\shortcuts.py", line 24, in render
    content = loader.render_to_string(template_name, context, request, using=using)
              ^^^^^^^^^^^^^^^^^^^^^^^^^^^^^^^^^^^^^^^^^^^^^^^^^^^^^^^^^^^^^^^^^^^^^
  File "D:\Lib\site-packages\django\template\loader.py", line 61, in render_to_string
    template = get_template(template_name, using=using)
               ^^^^^^^^^^^^^^^^^^^^^^^^^^^^^^^^^^^^^^^^
  File "D:\Lib\site-packages\django\template\loader.py", line 15, in get_template
    return engine.get_template(template_name)
           ^^^^^^^^^^^^^^^^^^^^^^^^^^^^^^^^^^
  File "D:\Lib\site-packages\django\template\backends\django.py", line 33, in get_template
    return Template(self.engine.get_template(template_name), self)
                    ^^^^^^^^^^^^^^^^^^^^^^^^^^^^^^^^^^^^^^^
  File "D:\Lib\site-packages\django\template\engine.py", line 175, in get_template
    template, origin = self.find_template(template_name)
                       ^^^^^^^^^^^^^^^^^^^^^^^^^^^^^^^^^
  File "D:\Lib\site-packages\django\template\engine.py", line 157, in find_template
    template = loader.get_template(name, skip=skip)
               ^^^^^^^^^^^^^^^^^^^^^^^^^^^^^^^^^^^^
  File "D:\Lib\site-packages\django\template\loaders\cached.py", line 57, in get_template
    template = super().get_template(template_name, skip)
               ^^^^^^^^^^^^^^^^^^^^^^^^^^^^^^^^^^^^^^^^^
  File "D:\Lib\site-packages\django\template\loaders\base.py", line 28, in get_template
    return Template(
           ^^^^^^^^^
  File "D:\Lib\site-packages\django\template\base.py", line 154, in __init__
    self.nodelist = self.compile_nodelist()
                    ^^^^^^^^^^^^^^^^^^^^^^^
  File "D:\Lib\site-packages\django\template\base.py", line 200, in compile_nodelist
    return parser.parse()
           ^^^^^^^^^^^^^^
  File "D:\Lib\site-packages\django\template\base.py", line 513, in parse
    raise self.error(token, e)
  File "D:\Lib\site-packages\django\template\base.py", line 511, in parse
    compiled_result = compile_func(self, token)
                      ^^^^^^^^^^^^^^^^^^^^^^^^^
  File "D:\Lib\site-packages\django\template\loader_tags.py", line 293, in do_extends
    nodelist = parser.parse()
               ^^^^^^^^^^^^^^
  File "D:\Lib\site-packages\django\template\base.py", line 513, in parse
    raise self.error(token, e)
  File "D:\Lib\site-packages\django\template\base.py", line 511, in parse
    compiled_result = compile_func(self, token)
                      ^^^^^^^^^^^^^^^^^^^^^^^^^
  File "D:\Lib\site-packages\django\template\loader_tags.py", line 232, in do_block
    nodelist = parser.parse(("endblock",))
               ^^^^^^^^^^^^^^^^^^^^^^^^^^^
  File "D:\Lib\site-packages\django\template\base.py", line 518, in parse
    self.unclosed_block_tag(parse_until)
  File "D:\Lib\site-packages\django\template\base.py", line 581, in unclosed_block_tag
    raise self.error(token, msg)
django.template.exceptions.TemplateSyntaxError: Unclosed tag on line 1: 'block'. Looking for one of: endblock.
ERROR 2026-01-17 19:50:41,574 basehttp 15628 28900 "GET /vault/upload/ HTTP/1.1" 500 191702
ERROR 2026-01-17 19:51:12,588 log 15628 17400 Internal Server Error: /vault/upload/
Traceback (most recent call last):
  File "D:\Lib\site-packages\django\core\handlers\exception.py", line 55, in inner
    response = get_response(request)
               ^^^^^^^^^^^^^^^^^^^^^
  File "D:\Lib\site-packages\django\core\handlers\base.py", line 197, in _get_response
    response = wrapped_callback(request, *callback_args, **callback_kwargs)
               ^^^^^^^^^^^^^^^^^^^^^^^^^^^^^^^^^^^^^^^^^^^^^^^^^^^^^^^^^^^^
  File "D:\Lib\contextlib.py", line 81, in inner
    return func(*args, **kwds)
           ^^^^^^^^^^^^^^^^^^^
  File "D:\Lib\site-packages\django\contrib\auth\decorators.py", line 23, in _wrapper_view
    return view_func(request, *args, **kwargs)
           ^^^^^^^^^^^^^^^^^^^^^^^^^^^^^^^^^^^
  File "D:\Lib\site-packages\django\views\decorators\http.py", line 43, in inner
    return func(request, *args, **kwargs)
           ^^^^^^^^^^^^^^^^^^^^^^^^^^^^^^
  File "E:\Resume_Projects\lifedocs\vault\views.py", line 198, in upload_document
    return render(request, 'vault/upload_document.html')
           ^^^^^^^^^^^^^^^^^^^^^^^^^^^^^^^^^^^^^^^^^^^^^
  File "D:\Lib\site-packages\django\shortcuts.py", line 24, in render
    content = loader.render_to_string(template_name, context, request, using=using)
              ^^^^^^^^^^^^^^^^^^^^^^^^^^^^^^^^^^^^^^^^^^^^^^^^^^^^^^^^^^^^^^^^^^^^^
  File "D:\Lib\site-packages\django\template\loader.py", line 61, in render_to_string
    template = get_template(template_name, using=using)
               ^^^^^^^^^^^^^^^^^^^^^^^^^^^^^^^^^^^^^^^^
  File "D:\Lib\site-packages\django\template\loader.py", line 15, in get_template
    return engine.get_template(template_name)
           ^^^^^^^^^^^^^^^^^^^^^^^^^^^^^^^^^^
  File "D:\Lib\site-packages\django\template\backends\django.py", line 33, in get_template
    return Template(self.engine.get_template(template_name), self)
                    ^^^^^^^^^^^^^^^^^^^^^^^^^^^^^^^^^^^^^^^
  File "D:\Lib\site-packages\django\template\engine.py", line 175, in get_template
    template, origin = self.find_template(template_name)
                       ^^^^^^^^^^^^^^^^^^^^^^^^^^^^^^^^^
  File "D:\Lib\site-packages\django\template\engine.py", line 157, in find_template
    template = loader.get_template(name, skip=skip)
               ^^^^^^^^^^^^^^^^^^^^^^^^^^^^^^^^^^^^
  File "D:\Lib\site-packages\django\template\loaders\cached.py", line 57, in get_template
    template = super().get_template(template_name, skip)
               ^^^^^^^^^^^^^^^^^^^^^^^^^^^^^^^^^^^^^^^^^
  File "D:\Lib\site-packages\django\template\loaders\base.py", line 28, in get_template
    return Template(
           ^^^^^^^^^
  File "D:\Lib\site-packages\django\template\base.py", line 154, in __init__
    self.nodelist = self.compile_nodelist()
                    ^^^^^^^^^^^^^^^^^^^^^^^
  File "D:\Lib\site-packages\django\template\base.py", line 200, in compile_nodelist
    return parser.parse()
           ^^^^^^^^^^^^^^
  File "D:\Lib\site-packages\django\template\base.py", line 513, in parse
    raise self.error(token, e)
  File "D:\Lib\site-packages\django\template\base.py", line 511, in parse
    compiled_result = compile_func(self, token)
                      ^^^^^^^^^^^^^^^^^^^^^^^^^
  File "D:\Lib\site-packages\django\template\loader_tags.py", line 293, in do_extends
    nodelist = parser.parse()
               ^^^^^^^^^^^^^^
  File "D:\Lib\site-packages\django\template\base.py", line 513, in parse
    raise self.error(token, e)
  File "D:\Lib\site-packages\django\template\base.py", line 511, in parse
    compiled_result = compile_func(self, token)
                      ^^^^^^^^^^^^^^^^^^^^^^^^^
  File "D:\Lib\site-packages\django\template\loader_tags.py", line 232, in do_block
    nodelist = parser.parse(("endblock",))
               ^^^^^^^^^^^^^^^^^^^^^^^^^^^
  File "D:\Lib\site-packages\django\template\base.py", line 518, in parse
    self.unclosed_block_tag(parse_until)
  File "D:\Lib\site-packages\django\template\base.py", line 581, in unclosed_block_tag
    raise self.error(token, msg)
django.template.exceptions.TemplateSyntaxError: Unclosed tag on line 1: 'block'. Looking for one of: endblock.
ERROR 2026-01-17 19:51:12,601 basehttp 15628 17400 "GET /vault/upload/ HTTP/1.1" 500 191839
ERROR 2026-01-17 19:51:14,375 log 15628 17400 Internal Server Error: /vault/upload/
Traceback (most recent call last):
  File "D:\Lib\site-packages\django\core\handlers\exception.py", line 55, in inner
    response = get_response(request)
               ^^^^^^^^^^^^^^^^^^^^^
  File "D:\Lib\site-packages\django\core\handlers\base.py", line 197, in _get_response
    response = wrapped_callback(request, *callback_args, **callback_kwargs)
               ^^^^^^^^^^^^^^^^^^^^^^^^^^^^^^^^^^^^^^^^^^^^^^^^^^^^^^^^^^^^
  File "D:\Lib\contextlib.py", line 81, in inner
    return func(*args, **kwds)
           ^^^^^^^^^^^^^^^^^^^
  File "D:\Lib\site-packages\django\contrib\auth\decorators.py", line 23, in _wrapper_view
    return view_func(request, *args, **kwargs)
           ^^^^^^^^^^^^^^^^^^^^^^^^^^^^^^^^^^^
  File "D:\Lib\site-packages\django\views\decorators\http.py", line 43, in inner
    return func(request, *args, **kwargs)
           ^^^^^^^^^^^^^^^^^^^^^^^^^^^^^^
  File "E:\Resume_Projects\lifedocs\vault\views.py", line 198, in upload_document
    return render(request, 'vault/upload_document.html')
           ^^^^^^^^^^^^^^^^^^^^^^^^^^^^^^^^^^^^^^^^^^^^^
  File "D:\Lib\site-packages\django\shortcuts.py", line 24, in render
    content = loader.render_to_string(template_name, context, request, using=using)
              ^^^^^^^^^^^^^^^^^^^^^^^^^^^^^^^^^^^^^^^^^^^^^^^^^^^^^^^^^^^^^^^^^^^^^
  File "D:\Lib\site-packages\django\template\loader.py", line 61, in render_to_string
    template = get_template(template_name, using=using)
               ^^^^^^^^^^^^^^^^^^^^^^^^^^^^^^^^^^^^^^^^
  File "D:\Lib\site-packages\django\template\loader.py", line 15, in get_template
    return engine.get_template(template_name)
           ^^^^^^^^^^^^^^^^^^^^^^^^^^^^^^^^^^
  File "D:\Lib\site-packages\django\template\backends\django.py", line 33, in get_template
    return Template(self.engine.get_template(template_name), self)
                    ^^^^^^^^^^^^^^^^^^^^^^^^^^^^^^^^^^^^^^^
  File "D:\Lib\site-packages\django\template\engine.py", line 175, in get_template
    template, origin = self.find_template(template_name)
                       ^^^^^^^^^^^^^^^^^^^^^^^^^^^^^^^^^
  File "D:\Lib\site-packages\django\template\engine.py", line 157, in find_template
    template = loader.get_template(name, skip=skip)
               ^^^^^^^^^^^^^^^^^^^^^^^^^^^^^^^^^^^^
  File "D:\Lib\site-packages\django\template\loaders\cached.py", line 57, in get_template
    template = super().get_template(template_name, skip)
               ^^^^^^^^^^^^^^^^^^^^^^^^^^^^^^^^^^^^^^^^^
  File "D:\Lib\site-packages\django\template\loaders\base.py", line 28, in get_template
    return Template(
           ^^^^^^^^^
  File "D:\Lib\site-packages\django\template\base.py", line 154, in __init__
    self.nodelist = self.compile_nodelist()
                    ^^^^^^^^^^^^^^^^^^^^^^^
  File "D:\Lib\site-packages\django\template\base.py", line 200, in compile_nodelist
    return parser.parse()
           ^^^^^^^^^^^^^^
  File "D:\Lib\site-packages\django\template\base.py", line 513, in parse
    raise self.error(token, e)
  File "D:\Lib\site-packages\django\template\base.py", line 511, in parse
    compiled_result = compile_func(self, token)
                      ^^^^^^^^^^^^^^^^^^^^^^^^^
  File "D:\Lib\site-packages\django\template\loader_tags.py", line 293, in do_extends
    nodelist = parser.parse()
               ^^^^^^^^^^^^^^
  File "D:\Lib\site-packages\django\template\base.py", line 513, in parse
    raise self.error(token, e)
  File "D:\Lib\site-packages\django\template\base.py", line 511, in parse
    compiled_result = compile_func(self, token)
                      ^^^^^^^^^^^^^^^^^^^^^^^^^
  File "D:\Lib\site-packages\django\template\loader_tags.py", line 232, in do_block
    nodelist = parser.parse(("endblock",))
               ^^^^^^^^^^^^^^^^^^^^^^^^^^^
  File "D:\Lib\site-packages\django\template\base.py", line 518, in parse
    self.unclosed_block_tag(parse_until)
  File "D:\Lib\site-packages\django\template\base.py", line 581, in unclosed_block_tag
    raise self.error(token, msg)
django.template.exceptions.TemplateSyntaxError: Unclosed tag on line 1: 'block'. Looking for one of: endblock.
ERROR 2026-01-17 19:51:14,393 basehttp 15628 17400 "GET /vault/upload/ HTTP/1.1" 500 191967
WARNING 2026-01-17 19:51:14,651 log 15628 23968 Not Found: /favicon.ico
WARNING 2026-01-17 19:51:14,656 basehttp 15628 23968 "GET /favicon.ico HTTP/1.1" 404 3019
ERROR 2026-01-17 19:51:36,107 log 15628 23108 Internal Server Error: /vault/upload/
Traceback (most recent call last):
  File "D:\Lib\site-packages\django\core\handlers\exception.py", line 55, in inner
    response = get_response(request)
               ^^^^^^^^^^^^^^^^^^^^^
  File "D:\Lib\site-packages\django\core\handlers\base.py", line 197, in _get_response
    response = wrapped_callback(request, *callback_args, **callback_kwargs)
               ^^^^^^^^^^^^^^^^^^^^^^^^^^^^^^^^^^^^^^^^^^^^^^^^^^^^^^^^^^^^
  File "D:\Lib\contextlib.py", line 81, in inner
    return func(*args, **kwds)
           ^^^^^^^^^^^^^^^^^^^
  File "D:\Lib\site-packages\django\contrib\auth\decorators.py", line 23, in _wrapper_view
    return view_func(request, *args, **kwargs)
           ^^^^^^^^^^^^^^^^^^^^^^^^^^^^^^^^^^^
  File "D:\Lib\site-packages\django\views\decorators\http.py", line 43, in inner
    return func(request, *args, **kwargs)
           ^^^^^^^^^^^^^^^^^^^^^^^^^^^^^^
  File "E:\Resume_Projects\lifedocs\vault\views.py", line 198, in upload_document
    return render(request, 'vault/upload_document.html')
           ^^^^^^^^^^^^^^^^^^^^^^^^^^^^^^^^^^^^^^^^^^^^^
  File "D:\Lib\site-packages\django\shortcuts.py", line 24, in render
    content = loader.render_to_string(template_name, context, request, using=using)
              ^^^^^^^^^^^^^^^^^^^^^^^^^^^^^^^^^^^^^^^^^^^^^^^^^^^^^^^^^^^^^^^^^^^^^
  File "D:\Lib\site-packages\django\template\loader.py", line 61, in render_to_string
    template = get_template(template_name, using=using)
               ^^^^^^^^^^^^^^^^^^^^^^^^^^^^^^^^^^^^^^^^
  File "D:\Lib\site-packages\django\template\loader.py", line 15, in get_template
    return engine.get_template(template_name)
           ^^^^^^^^^^^^^^^^^^^^^^^^^^^^^^^^^^
  File "D:\Lib\site-packages\django\template\backends\django.py", line 33, in get_template
    return Template(self.engine.get_template(template_name), self)
                    ^^^^^^^^^^^^^^^^^^^^^^^^^^^^^^^^^^^^^^^
  File "D:\Lib\site-packages\django\template\engine.py", line 175, in get_template
    template, origin = self.find_template(template_name)
                       ^^^^^^^^^^^^^^^^^^^^^^^^^^^^^^^^^
  File "D:\Lib\site-packages\django\template\engine.py", line 157, in find_template
    template = loader.get_template(name, skip=skip)
               ^^^^^^^^^^^^^^^^^^^^^^^^^^^^^^^^^^^^
  File "D:\Lib\site-packages\django\template\loaders\cached.py", line 57, in get_template
    template = super().get_template(template_name, skip)
               ^^^^^^^^^^^^^^^^^^^^^^^^^^^^^^^^^^^^^^^^^
  File "D:\Lib\site-packages\django\template\loaders\base.py", line 28, in get_template
    return Template(
           ^^^^^^^^^
  File "D:\Lib\site-packages\django\template\base.py", line 154, in __init__
    self.nodelist = self.compile_nodelist()
                    ^^^^^^^^^^^^^^^^^^^^^^^
  File "D:\Lib\site-packages\django\template\base.py", line 200, in compile_nodelist
    return parser.parse()
           ^^^^^^^^^^^^^^
  File "D:\Lib\site-packages\django\template\base.py", line 513, in parse
    raise self.error(token, e)
  File "D:\Lib\site-packages\django\template\base.py", line 511, in parse
    compiled_result = compile_func(self, token)
                      ^^^^^^^^^^^^^^^^^^^^^^^^^
  File "D:\Lib\site-packages\django\template\loader_tags.py", line 293, in do_extends
    nodelist = parser.parse()
               ^^^^^^^^^^^^^^
  File "D:\Lib\site-packages\django\template\base.py", line 513, in parse
    raise self.error(token, e)
  File "D:\Lib\site-packages\django\template\base.py", line 511, in parse
    compiled_result = compile_func(self, token)
                      ^^^^^^^^^^^^^^^^^^^^^^^^^
  File "D:\Lib\site-packages\django\template\loader_tags.py", line 232, in do_block
    nodelist = parser.parse(("endblock",))
               ^^^^^^^^^^^^^^^^^^^^^^^^^^^
  File "D:\Lib\site-packages\django\template\base.py", line 518, in parse
    self.unclosed_block_tag(parse_until)
  File "D:\Lib\site-packages\django\template\base.py", line 581, in unclosed_block_tag
    raise self.error(token, msg)
django.template.exceptions.TemplateSyntaxError: Unclosed tag on line 1: 'block'. Looking for one of: endblock.
ERROR 2026-01-17 19:51:36,132 basehttp 15628 23108 "GET /vault/upload/ HTTP/1.1" 500 191967
WARNING 2026-01-17 19:51:36,413 log 15628 23108 Not Found: /favicon.ico
WARNING 2026-01-17 19:51:36,416 basehttp 15628 23108 "GET /favicon.ico HTTP/1.1" 404 3019
ERROR 2026-01-17 19:51:38,312 log 15628 23108 Internal Server Error: /vault/upload/
Traceback (most recent call last):
  File "D:\Lib\site-packages\django\core\handlers\exception.py", line 55, in inner
    response = get_response(request)
               ^^^^^^^^^^^^^^^^^^^^^
  File "D:\Lib\site-packages\django\core\handlers\base.py", line 197, in _get_response
    response = wrapped_callback(request, *callback_args, **callback_kwargs)
               ^^^^^^^^^^^^^^^^^^^^^^^^^^^^^^^^^^^^^^^^^^^^^^^^^^^^^^^^^^^^
  File "D:\Lib\contextlib.py", line 81, in inner
    return func(*args, **kwds)
           ^^^^^^^^^^^^^^^^^^^
  File "D:\Lib\site-packages\django\contrib\auth\decorators.py", line 23, in _wrapper_view
    return view_func(request, *args, **kwargs)
           ^^^^^^^^^^^^^^^^^^^^^^^^^^^^^^^^^^^
  File "D:\Lib\site-packages\django\views\decorators\http.py", line 43, in inner
    return func(request, *args, **kwargs)
           ^^^^^^^^^^^^^^^^^^^^^^^^^^^^^^
  File "E:\Resume_Projects\lifedocs\vault\views.py", line 198, in upload_document
    return render(request, 'vault/upload_document.html')
           ^^^^^^^^^^^^^^^^^^^^^^^^^^^^^^^^^^^^^^^^^^^^^
  File "D:\Lib\site-packages\django\shortcuts.py", line 24, in render
    content = loader.render_to_string(template_name, context, request, using=using)
              ^^^^^^^^^^^^^^^^^^^^^^^^^^^^^^^^^^^^^^^^^^^^^^^^^^^^^^^^^^^^^^^^^^^^^
  File "D:\Lib\site-packages\django\template\loader.py", line 61, in render_to_string
    template = get_template(template_name, using=using)
               ^^^^^^^^^^^^^^^^^^^^^^^^^^^^^^^^^^^^^^^^
  File "D:\Lib\site-packages\django\template\loader.py", line 15, in get_template
    return engine.get_template(template_name)
           ^^^^^^^^^^^^^^^^^^^^^^^^^^^^^^^^^^
  File "D:\Lib\site-packages\django\template\backends\django.py", line 33, in get_template
    return Template(self.engine.get_template(template_name), self)
                    ^^^^^^^^^^^^^^^^^^^^^^^^^^^^^^^^^^^^^^^
  File "D:\Lib\site-packages\django\template\engine.py", line 175, in get_template
    template, origin = self.find_template(template_name)
                       ^^^^^^^^^^^^^^^^^^^^^^^^^^^^^^^^^
  File "D:\Lib\site-packages\django\template\engine.py", line 157, in find_template
    template = loader.get_template(name, skip=skip)
               ^^^^^^^^^^^^^^^^^^^^^^^^^^^^^^^^^^^^
  File "D:\Lib\site-packages\django\template\loaders\cached.py", line 57, in get_template
    template = super().get_template(template_name, skip)
               ^^^^^^^^^^^^^^^^^^^^^^^^^^^^^^^^^^^^^^^^^
  File "D:\Lib\site-packages\django\template\loaders\base.py", line 28, in get_template
    return Template(
           ^^^^^^^^^
  File "D:\Lib\site-packages\django\template\base.py", line 154, in __init__
    self.nodelist = self.compile_nodelist()
                    ^^^^^^^^^^^^^^^^^^^^^^^
  File "D:\Lib\site-packages\django\template\base.py", line 200, in compile_nodelist
    return parser.parse()
           ^^^^^^^^^^^^^^
  File "D:\Lib\site-packages\django\template\base.py", line 513, in parse
    raise self.error(token, e)
  File "D:\Lib\site-packages\django\template\base.py", line 511, in parse
    compiled_result = compile_func(self, token)
                      ^^^^^^^^^^^^^^^^^^^^^^^^^
  File "D:\Lib\site-packages\django\template\loader_tags.py", line 293, in do_extends
    nodelist = parser.parse()
               ^^^^^^^^^^^^^^
  File "D:\Lib\site-packages\django\template\base.py", line 513, in parse
    raise self.error(token, e)
  File "D:\Lib\site-packages\django\template\base.py", line 511, in parse
    compiled_result = compile_func(self, token)
                      ^^^^^^^^^^^^^^^^^^^^^^^^^
  File "D:\Lib\site-packages\django\template\loader_tags.py", line 232, in do_block
    nodelist = parser.parse(("endblock",))
               ^^^^^^^^^^^^^^^^^^^^^^^^^^^
  File "D:\Lib\site-packages\django\template\base.py", line 518, in parse
    self.unclosed_block_tag(parse_until)
  File "D:\Lib\site-packages\django\template\base.py", line 581, in unclosed_block_tag
    raise self.error(token, msg)
django.template.exceptions.TemplateSyntaxError: Unclosed tag on line 1: 'block'. Looking for one of: endblock.
ERROR 2026-01-17 19:51:38,328 basehttp 15628 23108 "GET /vault/upload/ HTTP/1.1" 500 191839
ERROR 2026-01-17 19:53:18,283 log 28308 32636 Internal Server Error: /
Traceback (most recent call last):
  File "D:\Lib\site-packages\django\core\handlers\exception.py", line 55, in inner
    response = get_response(request)
               ^^^^^^^^^^^^^^^^^^^^^
  File "D:\Lib\site-packages\django\core\handlers\base.py", line 197, in _get_response
    response = wrapped_callback(request, *callback_args, **callback_kwargs)
               ^^^^^^^^^^^^^^^^^^^^^^^^^^^^^^^^^^^^^^^^^^^^^^^^^^^^^^^^^^^^
  File "D:\Lib\contextlib.py", line 81, in inner
    return func(*args, **kwds)
           ^^^^^^^^^^^^^^^^^^^
  File "D:\Lib\site-packages\django\views\decorators\http.py", line 43, in inner
    return func(request, *args, **kwargs)
           ^^^^^^^^^^^^^^^^^^^^^^^^^^^^^^
  File "E:\Resume_Projects\lifedocs\core\home_views.py", line 43, in home_view
    return render(request, 'home.html', context)
           ^^^^^^^^^^^^^^^^^^^^^^^^^^^^^^^^^^^^^
  File "D:\Lib\site-packages\django\shortcuts.py", line 24, in render
    content = loader.render_to_string(template_name, context, request, using=using)
              ^^^^^^^^^^^^^^^^^^^^^^^^^^^^^^^^^^^^^^^^^^^^^^^^^^^^^^^^^^^^^^^^^^^^^
  File "D:\Lib\site-packages\django\template\loader.py", line 62, in render_to_string
    return template.render(context, request)
           ^^^^^^^^^^^^^^^^^^^^^^^^^^^^^^^^^
  File "D:\Lib\site-packages\django\template\backends\django.py", line 61, in render
    return self.template.render(context)
           ^^^^^^^^^^^^^^^^^^^^^^^^^^^^^
  File "D:\Lib\site-packages\django\template\base.py", line 175, in render
    return self._render(context)
           ^^^^^^^^^^^^^^^^^^^^^
  File "D:\Lib\site-packages\django\template\base.py", line 167, in _render
    return self.nodelist.render(context)
           ^^^^^^^^^^^^^^^^^^^^^^^^^^^^^
  File "D:\Lib\site-packages\django\template\base.py", line 1005, in render
    return SafeString("".join([node.render_annotated(context) for node in self]))
                              ^^^^^^^^^^^^^^^^^^^^^^^^^^^^^^^^^^^^^^^^^^^^^^^^^
  File "D:\Lib\site-packages\django\template\base.py", line 1005, in <listcomp>
    return SafeString("".join([node.render_annotated(context) for node in self]))
                               ^^^^^^^^^^^^^^^^^^^^^^^^^^^^^^
  File "D:\Lib\site-packages\django\template\base.py", line 966, in render_annotated
    return self.render(context)
           ^^^^^^^^^^^^^^^^^^^^
  File "D:\Lib\site-packages\django\template\loader_tags.py", line 132, in render
    compiled_parent = self.get_parent(context)
                      ^^^^^^^^^^^^^^^^^^^^^^^^
  File "D:\Lib\site-packages\django\template\loader_tags.py", line 129, in get_parent
    return self.find_template(parent, context)
           ^^^^^^^^^^^^^^^^^^^^^^^^^^^^^^^^^^^
  File "D:\Lib\site-packages\django\template\loader_tags.py", line 107, in find_template
    template, origin = context.template.engine.find_template(
                       ^^^^^^^^^^^^^^^^^^^^^^^^^^^^^^^^^^^^^^
  File "D:\Lib\site-packages\django\template\engine.py", line 157, in find_template
    template = loader.get_template(name, skip=skip)
               ^^^^^^^^^^^^^^^^^^^^^^^^^^^^^^^^^^^^
  File "D:\Lib\site-packages\django\template\loaders\cached.py", line 57, in get_template
    template = super().get_template(template_name, skip)
               ^^^^^^^^^^^^^^^^^^^^^^^^^^^^^^^^^^^^^^^^^
  File "D:\Lib\site-packages\django\template\loaders\base.py", line 28, in get_template
    return Template(
           ^^^^^^^^^
  File "D:\Lib\site-packages\django\template\base.py", line 154, in __init__
    self.nodelist = self.compile_nodelist()
                    ^^^^^^^^^^^^^^^^^^^^^^^
  File "D:\Lib\site-packages\django\template\base.py", line 200, in compile_nodelist
    return parser.parse()
           ^^^^^^^^^^^^^^
  File "D:\Lib\site-packages\django\template\base.py", line 514, in parse
    self.extend_nodelist(nodelist, compiled_result, token)
  File "D:\Lib\site-packages\django\template\base.py", line 531, in extend_nodelist
    raise self.error(
django.template.exceptions.TemplateSyntaxError: <ExtendsNode: extends 'base.html'> must be the first tag in the template.
ERROR 2026-01-17 19:53:18,612 basehttp 28308 32636 "GET / HTTP/1.1" 500 199484
WARNING 2026-01-17 19:53:19,889 log 28308 32636 Not Found: /favicon.ico
WARNING 2026-01-17 19:53:19,903 basehttp 28308 32636 "GET /favicon.ico HTTP/1.1" 404 3019
WARNING 2026-01-17 19:53:59,412 log 28308 33400 Not Found: /favicon.ico
WARNING 2026-01-17 19:53:59,426 basehttp 28308 33400 "GET /favicon.ico HTTP/1.1" 404 3019
ERROR 2026-01-17 19:54:07,596 log 28308 33976 Internal Server Error: /vault/upload/
Traceback (most recent call last):
  File "D:\Lib\site-packages\django\core\handlers\exception.py", line 55, in inner
    response = get_response(request)
               ^^^^^^^^^^^^^^^^^^^^^
  File "D:\Lib\site-packages\django\core\handlers\base.py", line 197, in _get_response
    response = wrapped_callback(request, *callback_args, **callback_kwargs)
               ^^^^^^^^^^^^^^^^^^^^^^^^^^^^^^^^^^^^^^^^^^^^^^^^^^^^^^^^^^^^
  File "D:\Lib\contextlib.py", line 81, in inner
    return func(*args, **kwds)
           ^^^^^^^^^^^^^^^^^^^
  File "D:\Lib\site-packages\django\contrib\auth\decorators.py", line 23, in _wrapper_view
    return view_func(request, *args, **kwargs)
           ^^^^^^^^^^^^^^^^^^^^^^^^^^^^^^^^^^^
  File "D:\Lib\site-packages\django\views\decorators\http.py", line 43, in inner
    return func(request, *args, **kwargs)
           ^^^^^^^^^^^^^^^^^^^^^^^^^^^^^^
  File "E:\Resume_Projects\lifedocs\vault\views.py", line 198, in upload_document
    return render(request, 'vault/upload_document.html')
           ^^^^^^^^^^^^^^^^^^^^^^^^^^^^^^^^^^^^^^^^^^^^^
  File "D:\Lib\site-packages\django\shortcuts.py", line 24, in render
    content = loader.render_to_string(template_name, context, request, using=using)
              ^^^^^^^^^^^^^^^^^^^^^^^^^^^^^^^^^^^^^^^^^^^^^^^^^^^^^^^^^^^^^^^^^^^^^
  File "D:\Lib\site-packages\django\template\loader.py", line 61, in render_to_string
    template = get_template(template_name, using=using)
               ^^^^^^^^^^^^^^^^^^^^^^^^^^^^^^^^^^^^^^^^
  File "D:\Lib\site-packages\django\template\loader.py", line 15, in get_template
    return engine.get_template(template_name)
           ^^^^^^^^^^^^^^^^^^^^^^^^^^^^^^^^^^
  File "D:\Lib\site-packages\django\template\backends\django.py", line 33, in get_template
    return Template(self.engine.get_template(template_name), self)
                    ^^^^^^^^^^^^^^^^^^^^^^^^^^^^^^^^^^^^^^^
  File "D:\Lib\site-packages\django\template\engine.py", line 175, in get_template
    template, origin = self.find_template(template_name)
                       ^^^^^^^^^^^^^^^^^^^^^^^^^^^^^^^^^
  File "D:\Lib\site-packages\django\template\engine.py", line 157, in find_template
    template = loader.get_template(name, skip=skip)
               ^^^^^^^^^^^^^^^^^^^^^^^^^^^^^^^^^^^^
  File "D:\Lib\site-packages\django\template\loaders\cached.py", line 57, in get_template
    template = super().get_template(template_name, skip)
               ^^^^^^^^^^^^^^^^^^^^^^^^^^^^^^^^^^^^^^^^^
  File "D:\Lib\site-packages\django\template\loaders\base.py", line 28, in get_template
    return Template(
           ^^^^^^^^^
  File "D:\Lib\site-packages\django\template\base.py", line 154, in __init__
    self.nodelist = self.compile_nodelist()
                    ^^^^^^^^^^^^^^^^^^^^^^^
  File "D:\Lib\site-packages\django\template\base.py", line 200, in compile_nodelist
    return parser.parse()
           ^^^^^^^^^^^^^^
  File "D:\Lib\site-packages\django\template\base.py", line 513, in parse
    raise self.error(token, e)
  File "D:\Lib\site-packages\django\template\base.py", line 511, in parse
    compiled_result = compile_func(self, token)
                      ^^^^^^^^^^^^^^^^^^^^^^^^^
  File "D:\Lib\site-packages\django\template\loader_tags.py", line 293, in do_extends
    nodelist = parser.parse()
               ^^^^^^^^^^^^^^
  File "D:\Lib\site-packages\django\template\base.py", line 513, in parse
    raise self.error(token, e)
  File "D:\Lib\site-packages\django\template\base.py", line 511, in parse
    compiled_result = compile_func(self, token)
                      ^^^^^^^^^^^^^^^^^^^^^^^^^
  File "D:\Lib\site-packages\django\template\loader_tags.py", line 232, in do_block
    nodelist = parser.parse(("endblock",))
               ^^^^^^^^^^^^^^^^^^^^^^^^^^^
  File "D:\Lib\site-packages\django\template\base.py", line 518, in parse
    self.unclosed_block_tag(parse_until)
  File "D:\Lib\site-packages\django\template\base.py", line 581, in unclosed_block_tag
    raise self.error(token, msg)
django.template.exceptions.TemplateSyntaxError: Unclosed tag on line 1: 'block'. Looking for one of: endblock.
ERROR 2026-01-17 19:54:07,611 basehttp 28308 33976 "GET /vault/upload/ HTTP/1.1" 500 191702
WARNING 2026-01-17 19:54:37,590 log 28308 36476 Not Found: /favicon.ico
WARNING 2026-01-17 19:54:37,592 basehttp 28308 36476 "GET /favicon.ico HTTP/1.1" 404 3019
ERROR 2026-01-17 19:54:38,481 log 28308 36476 Internal Server Error: /vault/upload/
Traceback (most recent call last):
  File "D:\Lib\site-packages\django\core\handlers\exception.py", line 55, in inner
    response = get_response(request)
               ^^^^^^^^^^^^^^^^^^^^^
  File "D:\Lib\site-packages\django\core\handlers\base.py", line 197, in _get_response
    response = wrapped_callback(request, *callback_args, **callback_kwargs)
               ^^^^^^^^^^^^^^^^^^^^^^^^^^^^^^^^^^^^^^^^^^^^^^^^^^^^^^^^^^^^
  File "D:\Lib\contextlib.py", line 81, in inner
    return func(*args, **kwds)
           ^^^^^^^^^^^^^^^^^^^
  File "D:\Lib\site-packages\django\contrib\auth\decorators.py", line 23, in _wrapper_view
    return view_func(request, *args, **kwargs)
           ^^^^^^^^^^^^^^^^^^^^^^^^^^^^^^^^^^^
  File "D:\Lib\site-packages\django\views\decorators\http.py", line 43, in inner
    return func(request, *args, **kwargs)
           ^^^^^^^^^^^^^^^^^^^^^^^^^^^^^^
  File "E:\Resume_Projects\lifedocs\vault\views.py", line 198, in upload_document
    return render(request, 'vault/upload_document.html')
           ^^^^^^^^^^^^^^^^^^^^^^^^^^^^^^^^^^^^^^^^^^^^^
  File "D:\Lib\site-packages\django\shortcuts.py", line 24, in render
    content = loader.render_to_string(template_name, context, request, using=using)
              ^^^^^^^^^^^^^^^^^^^^^^^^^^^^^^^^^^^^^^^^^^^^^^^^^^^^^^^^^^^^^^^^^^^^^
  File "D:\Lib\site-packages\django\template\loader.py", line 61, in render_to_string
    template = get_template(template_name, using=using)
               ^^^^^^^^^^^^^^^^^^^^^^^^^^^^^^^^^^^^^^^^
  File "D:\Lib\site-packages\django\template\loader.py", line 15, in get_template
    return engine.get_template(template_name)
           ^^^^^^^^^^^^^^^^^^^^^^^^^^^^^^^^^^
  File "D:\Lib\site-packages\django\template\backends\django.py", line 33, in get_template
    return Template(self.engine.get_template(template_name), self)
                    ^^^^^^^^^^^^^^^^^^^^^^^^^^^^^^^^^^^^^^^
  File "D:\Lib\site-packages\django\template\engine.py", line 175, in get_template
    template, origin = self.find_template(template_name)
                       ^^^^^^^^^^^^^^^^^^^^^^^^^^^^^^^^^
  File "D:\Lib\site-packages\django\template\engine.py", line 157, in find_template
    template = loader.get_template(name, skip=skip)
               ^^^^^^^^^^^^^^^^^^^^^^^^^^^^^^^^^^^^
  File "D:\Lib\site-packages\django\template\loaders\cached.py", line 57, in get_template
    template = super().get_template(template_name, skip)
               ^^^^^^^^^^^^^^^^^^^^^^^^^^^^^^^^^^^^^^^^^
  File "D:\Lib\site-packages\django\template\loaders\base.py", line 28, in get_template
    return Template(
           ^^^^^^^^^
  File "D:\Lib\site-packages\django\template\base.py", line 154, in __init__
    self.nodelist = self.compile_nodelist()
                    ^^^^^^^^^^^^^^^^^^^^^^^
  File "D:\Lib\site-packages\django\template\base.py", line 200, in compile_nodelist
    return parser.parse()
           ^^^^^^^^^^^^^^
  File "D:\Lib\site-packages\django\template\base.py", line 513, in parse
    raise self.error(token, e)
  File "D:\Lib\site-packages\django\template\base.py", line 511, in parse
    compiled_result = compile_func(self, token)
                      ^^^^^^^^^^^^^^^^^^^^^^^^^
  File "D:\Lib\site-packages\django\template\loader_tags.py", line 293, in do_extends
    nodelist = parser.parse()
               ^^^^^^^^^^^^^^
  File "D:\Lib\site-packages\django\template\base.py", line 513, in parse
    raise self.error(token, e)
  File "D:\Lib\site-packages\django\template\base.py", line 511, in parse
    compiled_result = compile_func(self, token)
                      ^^^^^^^^^^^^^^^^^^^^^^^^^
  File "D:\Lib\site-packages\django\template\loader_tags.py", line 232, in do_block
    nodelist = parser.parse(("endblock",))
               ^^^^^^^^^^^^^^^^^^^^^^^^^^^
  File "D:\Lib\site-packages\django\template\base.py", line 518, in parse
    self.unclosed_block_tag(parse_until)
  File "D:\Lib\site-packages\django\template\base.py", line 581, in unclosed_block_tag
    raise self.error(token, msg)
django.template.exceptions.TemplateSyntaxError: Unclosed tag on line 1: 'block'. Looking for one of: endblock.
ERROR 2026-01-17 19:54:38,508 basehttp 28308 36476 "GET /vault/upload/ HTTP/1.1" 500 191702
ERROR 2026-01-17 19:56:28,099 log 28308 36176 Internal Server Error: /vault/upload/
Traceback (most recent call last):
  File "D:\Lib\site-packages\django\core\handlers\exception.py", line 55, in inner
    response = get_response(request)
               ^^^^^^^^^^^^^^^^^^^^^
  File "D:\Lib\site-packages\django\core\handlers\base.py", line 197, in _get_response
    response = wrapped_callback(request, *callback_args, **callback_kwargs)
               ^^^^^^^^^^^^^^^^^^^^^^^^^^^^^^^^^^^^^^^^^^^^^^^^^^^^^^^^^^^^
  File "D:\Lib\contextlib.py", line 81, in inner
    return func(*args, **kwds)
           ^^^^^^^^^^^^^^^^^^^
  File "D:\Lib\site-packages\django\contrib\auth\decorators.py", line 23, in _wrapper_view
    return view_func(request, *args, **kwargs)
           ^^^^^^^^^^^^^^^^^^^^^^^^^^^^^^^^^^^
  File "D:\Lib\site-packages\django\views\decorators\http.py", line 43, in inner
    return func(request, *args, **kwargs)
           ^^^^^^^^^^^^^^^^^^^^^^^^^^^^^^
  File "E:\Resume_Projects\lifedocs\vault\views.py", line 198, in upload_document
    return render(request, 'vault/upload_document.html')
           ^^^^^^^^^^^^^^^^^^^^^^^^^^^^^^^^^^^^^^^^^^^^^
  File "D:\Lib\site-packages\django\shortcuts.py", line 24, in render
    content = loader.render_to_string(template_name, context, request, using=using)
              ^^^^^^^^^^^^^^^^^^^^^^^^^^^^^^^^^^^^^^^^^^^^^^^^^^^^^^^^^^^^^^^^^^^^^
  File "D:\Lib\site-packages\django\template\loader.py", line 61, in render_to_string
    template = get_template(template_name, using=using)
               ^^^^^^^^^^^^^^^^^^^^^^^^^^^^^^^^^^^^^^^^
  File "D:\Lib\site-packages\django\template\loader.py", line 15, in get_template
    return engine.get_template(template_name)
           ^^^^^^^^^^^^^^^^^^^^^^^^^^^^^^^^^^
  File "D:\Lib\site-packages\django\template\backends\django.py", line 33, in get_template
    return Template(self.engine.get_template(template_name), self)
                    ^^^^^^^^^^^^^^^^^^^^^^^^^^^^^^^^^^^^^^^
  File "D:\Lib\site-packages\django\template\engine.py", line 175, in get_template
    template, origin = self.find_template(template_name)
                       ^^^^^^^^^^^^^^^^^^^^^^^^^^^^^^^^^
  File "D:\Lib\site-packages\django\template\engine.py", line 157, in find_template
    template = loader.get_template(name, skip=skip)
               ^^^^^^^^^^^^^^^^^^^^^^^^^^^^^^^^^^^^
  File "D:\Lib\site-packages\django\template\loaders\cached.py", line 57, in get_template
    template = super().get_template(template_name, skip)
               ^^^^^^^^^^^^^^^^^^^^^^^^^^^^^^^^^^^^^^^^^
  File "D:\Lib\site-packages\django\template\loaders\base.py", line 28, in get_template
    return Template(
           ^^^^^^^^^
  File "D:\Lib\site-packages\django\template\base.py", line 154, in __init__
    self.nodelist = self.compile_nodelist()
                    ^^^^^^^^^^^^^^^^^^^^^^^
  File "D:\Lib\site-packages\django\template\base.py", line 200, in compile_nodelist
    return parser.parse()
           ^^^^^^^^^^^^^^
  File "D:\Lib\site-packages\django\template\base.py", line 513, in parse
    raise self.error(token, e)
  File "D:\Lib\site-packages\django\template\base.py", line 511, in parse
    compiled_result = compile_func(self, token)
                      ^^^^^^^^^^^^^^^^^^^^^^^^^
  File "D:\Lib\site-packages\django\template\loader_tags.py", line 293, in do_extends
    nodelist = parser.parse()
               ^^^^^^^^^^^^^^
  File "D:\Lib\site-packages\django\template\base.py", line 513, in parse
    raise self.error(token, e)
  File "D:\Lib\site-packages\django\template\base.py", line 511, in parse
    compiled_result = compile_func(self, token)
                      ^^^^^^^^^^^^^^^^^^^^^^^^^
  File "D:\Lib\site-packages\django\template\loader_tags.py", line 232, in do_block
    nodelist = parser.parse(("endblock",))
               ^^^^^^^^^^^^^^^^^^^^^^^^^^^
  File "D:\Lib\site-packages\django\template\base.py", line 518, in parse
    self.unclosed_block_tag(parse_until)
  File "D:\Lib\site-packages\django\template\base.py", line 581, in unclosed_block_tag
    raise self.error(token, msg)
django.template.exceptions.TemplateSyntaxError: Unclosed tag on line 1: 'block'. Looking for one of: endblock.
ERROR 2026-01-17 19:56:28,122 basehttp 28308 36176 "GET /vault/upload/ HTTP/1.1" 500 191702
ERROR 2026-01-17 20:00:40,032 log 28308 30188 Internal Server Error: /vault/upload/
Traceback (most recent call last):
  File "D:\Lib\site-packages\django\core\handlers\exception.py", line 55, in inner
    response = get_response(request)
               ^^^^^^^^^^^^^^^^^^^^^
  File "D:\Lib\site-packages\django\core\handlers\base.py", line 197, in _get_response
    response = wrapped_callback(request, *callback_args, **callback_kwargs)
               ^^^^^^^^^^^^^^^^^^^^^^^^^^^^^^^^^^^^^^^^^^^^^^^^^^^^^^^^^^^^
  File "D:\Lib\contextlib.py", line 81, in inner
    return func(*args, **kwds)
           ^^^^^^^^^^^^^^^^^^^
  File "D:\Lib\site-packages\django\contrib\auth\decorators.py", line 23, in _wrapper_view
    return view_func(request, *args, **kwargs)
           ^^^^^^^^^^^^^^^^^^^^^^^^^^^^^^^^^^^
  File "D:\Lib\site-packages\django\views\decorators\http.py", line 43, in inner
    return func(request, *args, **kwargs)
           ^^^^^^^^^^^^^^^^^^^^^^^^^^^^^^
  File "E:\Resume_Projects\lifedocs\vault\views.py", line 198, in upload_document
    return render(request, 'vault/upload_document.html')
           ^^^^^^^^^^^^^^^^^^^^^^^^^^^^^^^^^^^^^^^^^^^^^
  File "D:\Lib\site-packages\django\shortcuts.py", line 24, in render
    content = loader.render_to_string(template_name, context, request, using=using)
              ^^^^^^^^^^^^^^^^^^^^^^^^^^^^^^^^^^^^^^^^^^^^^^^^^^^^^^^^^^^^^^^^^^^^^
  File "D:\Lib\site-packages\django\template\loader.py", line 61, in render_to_string
    template = get_template(template_name, using=using)
               ^^^^^^^^^^^^^^^^^^^^^^^^^^^^^^^^^^^^^^^^
  File "D:\Lib\site-packages\django\template\loader.py", line 15, in get_template
    return engine.get_template(template_name)
           ^^^^^^^^^^^^^^^^^^^^^^^^^^^^^^^^^^
  File "D:\Lib\site-packages\django\template\backends\django.py", line 33, in get_template
    return Template(self.engine.get_template(template_name), self)
                    ^^^^^^^^^^^^^^^^^^^^^^^^^^^^^^^^^^^^^^^
  File "D:\Lib\site-packages\django\template\engine.py", line 175, in get_template
    template, origin = self.find_template(template_name)
                       ^^^^^^^^^^^^^^^^^^^^^^^^^^^^^^^^^
  File "D:\Lib\site-packages\django\template\engine.py", line 157, in find_template
    template = loader.get_template(name, skip=skip)
               ^^^^^^^^^^^^^^^^^^^^^^^^^^^^^^^^^^^^
  File "D:\Lib\site-packages\django\template\loaders\cached.py", line 57, in get_template
    template = super().get_template(template_name, skip)
               ^^^^^^^^^^^^^^^^^^^^^^^^^^^^^^^^^^^^^^^^^
  File "D:\Lib\site-packages\django\template\loaders\base.py", line 28, in get_template
    return Template(
           ^^^^^^^^^
  File "D:\Lib\site-packages\django\template\base.py", line 154, in __init__
    self.nodelist = self.compile_nodelist()
                    ^^^^^^^^^^^^^^^^^^^^^^^
  File "D:\Lib\site-packages\django\template\base.py", line 200, in compile_nodelist
    return parser.parse()
           ^^^^^^^^^^^^^^
  File "D:\Lib\site-packages\django\template\base.py", line 513, in parse
    raise self.error(token, e)
  File "D:\Lib\site-packages\django\template\base.py", line 511, in parse
    compiled_result = compile_func(self, token)
                      ^^^^^^^^^^^^^^^^^^^^^^^^^
  File "D:\Lib\site-packages\django\template\loader_tags.py", line 293, in do_extends
    nodelist = parser.parse()
               ^^^^^^^^^^^^^^
  File "D:\Lib\site-packages\django\template\base.py", line 513, in parse
    raise self.error(token, e)
  File "D:\Lib\site-packages\django\template\base.py", line 511, in parse
    compiled_result = compile_func(self, token)
                      ^^^^^^^^^^^^^^^^^^^^^^^^^
  File "D:\Lib\site-packages\django\template\loader_tags.py", line 232, in do_block
    nodelist = parser.parse(("endblock",))
               ^^^^^^^^^^^^^^^^^^^^^^^^^^^
  File "D:\Lib\site-packages\django\template\base.py", line 518, in parse
    self.unclosed_block_tag(parse_until)
  File "D:\Lib\site-packages\django\template\base.py", line 581, in unclosed_block_tag
    raise self.error(token, msg)
django.template.exceptions.TemplateSyntaxError: Unclosed tag on line 1: 'block'. Looking for one of: endblock.
ERROR 2026-01-17 20:00:40,192 basehttp 28308 30188 "GET /vault/upload/ HTTP/1.1" 500 191839
ERROR 2026-01-17 20:00:42,816 log 28308 30188 Internal Server Error: /vault/upload/
Traceback (most recent call last):
  File "D:\Lib\site-packages\django\core\handlers\exception.py", line 55, in inner
    response = get_response(request)
               ^^^^^^^^^^^^^^^^^^^^^
  File "D:\Lib\site-packages\django\core\handlers\base.py", line 197, in _get_response
    response = wrapped_callback(request, *callback_args, **callback_kwargs)
               ^^^^^^^^^^^^^^^^^^^^^^^^^^^^^^^^^^^^^^^^^^^^^^^^^^^^^^^^^^^^
  File "D:\Lib\contextlib.py", line 81, in inner
    return func(*args, **kwds)
           ^^^^^^^^^^^^^^^^^^^
  File "D:\Lib\site-packages\django\contrib\auth\decorators.py", line 23, in _wrapper_view
    return view_func(request, *args, **kwargs)
           ^^^^^^^^^^^^^^^^^^^^^^^^^^^^^^^^^^^
  File "D:\Lib\site-packages\django\views\decorators\http.py", line 43, in inner
    return func(request, *args, **kwargs)
           ^^^^^^^^^^^^^^^^^^^^^^^^^^^^^^
  File "E:\Resume_Projects\lifedocs\vault\views.py", line 198, in upload_document
    return render(request, 'vault/upload_document.html')
           ^^^^^^^^^^^^^^^^^^^^^^^^^^^^^^^^^^^^^^^^^^^^^
  File "D:\Lib\site-packages\django\shortcuts.py", line 24, in render
    content = loader.render_to_string(template_name, context, request, using=using)
              ^^^^^^^^^^^^^^^^^^^^^^^^^^^^^^^^^^^^^^^^^^^^^^^^^^^^^^^^^^^^^^^^^^^^^
  File "D:\Lib\site-packages\django\template\loader.py", line 61, in render_to_string
    template = get_template(template_name, using=using)
               ^^^^^^^^^^^^^^^^^^^^^^^^^^^^^^^^^^^^^^^^
  File "D:\Lib\site-packages\django\template\loader.py", line 15, in get_template
    return engine.get_template(template_name)
           ^^^^^^^^^^^^^^^^^^^^^^^^^^^^^^^^^^
  File "D:\Lib\site-packages\django\template\backends\django.py", line 33, in get_template
    return Template(self.engine.get_template(template_name), self)
                    ^^^^^^^^^^^^^^^^^^^^^^^^^^^^^^^^^^^^^^^
  File "D:\Lib\site-packages\django\template\engine.py", line 175, in get_template
    template, origin = self.find_template(template_name)
                       ^^^^^^^^^^^^^^^^^^^^^^^^^^^^^^^^^
  File "D:\Lib\site-packages\django\template\engine.py", line 157, in find_template
    template = loader.get_template(name, skip=skip)
               ^^^^^^^^^^^^^^^^^^^^^^^^^^^^^^^^^^^^
  File "D:\Lib\site-packages\django\template\loaders\cached.py", line 57, in get_template
    template = super().get_template(template_name, skip)
               ^^^^^^^^^^^^^^^^^^^^^^^^^^^^^^^^^^^^^^^^^
  File "D:\Lib\site-packages\django\template\loaders\base.py", line 28, in get_template
    return Template(
           ^^^^^^^^^
  File "D:\Lib\site-packages\django\template\base.py", line 154, in __init__
    self.nodelist = self.compile_nodelist()
                    ^^^^^^^^^^^^^^^^^^^^^^^
  File "D:\Lib\site-packages\django\template\base.py", line 200, in compile_nodelist
    return parser.parse()
           ^^^^^^^^^^^^^^
  File "D:\Lib\site-packages\django\template\base.py", line 513, in parse
    raise self.error(token, e)
  File "D:\Lib\site-packages\django\template\base.py", line 511, in parse
    compiled_result = compile_func(self, token)
                      ^^^^^^^^^^^^^^^^^^^^^^^^^
  File "D:\Lib\site-packages\django\template\loader_tags.py", line 293, in do_extends
    nodelist = parser.parse()
               ^^^^^^^^^^^^^^
  File "D:\Lib\site-packages\django\template\base.py", line 513, in parse
    raise self.error(token, e)
  File "D:\Lib\site-packages\django\template\base.py", line 511, in parse
    compiled_result = compile_func(self, token)
                      ^^^^^^^^^^^^^^^^^^^^^^^^^
  File "D:\Lib\site-packages\django\template\loader_tags.py", line 232, in do_block
    nodelist = parser.parse(("endblock",))
               ^^^^^^^^^^^^^^^^^^^^^^^^^^^
  File "D:\Lib\site-packages\django\template\base.py", line 518, in parse
    self.unclosed_block_tag(parse_until)
  File "D:\Lib\site-packages\django\template\base.py", line 581, in unclosed_block_tag
    raise self.error(token, msg)
django.template.exceptions.TemplateSyntaxError: Unclosed tag on line 1: 'block'. Looking for one of: endblock.
ERROR 2026-01-17 20:00:42,828 basehttp 28308 30188 "GET /vault/upload/ HTTP/1.1" 500 191967
WARNING 2026-01-17 20:00:43,176 log 28308 30188 Not Found: /favicon.ico
WARNING 2026-01-17 20:00:43,202 basehttp 28308 30188 "GET /favicon.ico HTTP/1.1" 404 3019
ERROR 2026-01-17 20:01:55,623 log 33308 35364 Internal Server Error: /vault/upload/
Traceback (most recent call last):
  File "D:\Lib\site-packages\django\core\handlers\exception.py", line 55, in inner
    response = get_response(request)
               ^^^^^^^^^^^^^^^^^^^^^
  File "D:\Lib\site-packages\django\core\handlers\base.py", line 197, in _get_response
    response = wrapped_callback(request, *callback_args, **callback_kwargs)
               ^^^^^^^^^^^^^^^^^^^^^^^^^^^^^^^^^^^^^^^^^^^^^^^^^^^^^^^^^^^^
  File "D:\Lib\contextlib.py", line 81, in inner
    return func(*args, **kwds)
           ^^^^^^^^^^^^^^^^^^^
  File "D:\Lib\site-packages\django\contrib\auth\decorators.py", line 23, in _wrapper_view
    return view_func(request, *args, **kwargs)
           ^^^^^^^^^^^^^^^^^^^^^^^^^^^^^^^^^^^
  File "D:\Lib\site-packages\django\views\decorators\http.py", line 43, in inner
    return func(request, *args, **kwargs)
           ^^^^^^^^^^^^^^^^^^^^^^^^^^^^^^
  File "E:\Resume_Projects\lifedocs\vault\views.py", line 198, in upload_document
    return render(request, 'vault/upload_document.html')
           ^^^^^^^^^^^^^^^^^^^^^^^^^^^^^^^^^^^^^^^^^^^^^
  File "D:\Lib\site-packages\django\shortcuts.py", line 24, in render
    content = loader.render_to_string(template_name, context, request, using=using)
              ^^^^^^^^^^^^^^^^^^^^^^^^^^^^^^^^^^^^^^^^^^^^^^^^^^^^^^^^^^^^^^^^^^^^^
  File "D:\Lib\site-packages\django\template\loader.py", line 61, in render_to_string
    template = get_template(template_name, using=using)
               ^^^^^^^^^^^^^^^^^^^^^^^^^^^^^^^^^^^^^^^^
  File "D:\Lib\site-packages\django\template\loader.py", line 15, in get_template
    return engine.get_template(template_name)
           ^^^^^^^^^^^^^^^^^^^^^^^^^^^^^^^^^^
  File "D:\Lib\site-packages\django\template\backends\django.py", line 33, in get_template
    return Template(self.engine.get_template(template_name), self)
                    ^^^^^^^^^^^^^^^^^^^^^^^^^^^^^^^^^^^^^^^
  File "D:\Lib\site-packages\django\template\engine.py", line 175, in get_template
    template, origin = self.find_template(template_name)
                       ^^^^^^^^^^^^^^^^^^^^^^^^^^^^^^^^^
  File "D:\Lib\site-packages\django\template\engine.py", line 157, in find_template
    template = loader.get_template(name, skip=skip)
               ^^^^^^^^^^^^^^^^^^^^^^^^^^^^^^^^^^^^
  File "D:\Lib\site-packages\django\template\loaders\cached.py", line 57, in get_template
    template = super().get_template(template_name, skip)
               ^^^^^^^^^^^^^^^^^^^^^^^^^^^^^^^^^^^^^^^^^
  File "D:\Lib\site-packages\django\template\loaders\base.py", line 28, in get_template
    return Template(
           ^^^^^^^^^
  File "D:\Lib\site-packages\django\template\base.py", line 154, in __init__
    self.nodelist = self.compile_nodelist()
                    ^^^^^^^^^^^^^^^^^^^^^^^
  File "D:\Lib\site-packages\django\template\base.py", line 200, in compile_nodelist
    return parser.parse()
           ^^^^^^^^^^^^^^
  File "D:\Lib\site-packages\django\template\base.py", line 513, in parse
    raise self.error(token, e)
  File "D:\Lib\site-packages\django\template\base.py", line 511, in parse
    compiled_result = compile_func(self, token)
                      ^^^^^^^^^^^^^^^^^^^^^^^^^
  File "D:\Lib\site-packages\django\template\loader_tags.py", line 293, in do_extends
    nodelist = parser.parse()
               ^^^^^^^^^^^^^^
  File "D:\Lib\site-packages\django\template\base.py", line 513, in parse
    raise self.error(token, e)
  File "D:\Lib\site-packages\django\template\base.py", line 511, in parse
    compiled_result = compile_func(self, token)
                      ^^^^^^^^^^^^^^^^^^^^^^^^^
  File "D:\Lib\site-packages\django\template\loader_tags.py", line 232, in do_block
    nodelist = parser.parse(("endblock",))
               ^^^^^^^^^^^^^^^^^^^^^^^^^^^
  File "D:\Lib\site-packages\django\template\base.py", line 518, in parse
    self.unclosed_block_tag(parse_until)
  File "D:\Lib\site-packages\django\template\base.py", line 581, in unclosed_block_tag
    raise self.error(token, msg)
django.template.exceptions.TemplateSyntaxError: Unclosed tag on line 1: 'block'. Looking for one of: endblock.
ERROR 2026-01-17 20:01:55,722 basehttp 33308 35364 "GET /vault/upload/ HTTP/1.1" 500 191702
WARNING 2026-01-17 20:03:37,204 log 33308 6324 Not Found: /favicon.ico
WARNING 2026-01-17 20:03:37,221 basehttp 33308 6324 "GET /favicon.ico HTTP/1.1" 404 3019
WARNING 2026-01-17 20:03:40,976 log 33308 6324 Not Found: /favicon.ico
WARNING 2026-01-17 20:03:40,983 basehttp 33308 6324 "GET /favicon.ico HTTP/1.1" 404 3019
ERROR 2026-01-17 20:04:04,682 log 33308 30968 Internal Server Error: /vault/upload/
Traceback (most recent call last):
  File "D:\Lib\site-packages\django\core\handlers\exception.py", line 55, in inner
    response = get_response(request)
               ^^^^^^^^^^^^^^^^^^^^^
  File "D:\Lib\site-packages\django\core\handlers\base.py", line 197, in _get_response
    response = wrapped_callback(request, *callback_args, **callback_kwargs)
               ^^^^^^^^^^^^^^^^^^^^^^^^^^^^^^^^^^^^^^^^^^^^^^^^^^^^^^^^^^^^
  File "D:\Lib\contextlib.py", line 81, in inner
    return func(*args, **kwds)
           ^^^^^^^^^^^^^^^^^^^
  File "D:\Lib\site-packages\django\contrib\auth\decorators.py", line 23, in _wrapper_view
    return view_func(request, *args, **kwargs)
           ^^^^^^^^^^^^^^^^^^^^^^^^^^^^^^^^^^^
  File "D:\Lib\site-packages\django\views\decorators\http.py", line 43, in inner
    return func(request, *args, **kwargs)
           ^^^^^^^^^^^^^^^^^^^^^^^^^^^^^^
  File "E:\Resume_Projects\lifedocs\vault\views.py", line 198, in upload_document
    return render(request, 'vault/upload_document.html')
           ^^^^^^^^^^^^^^^^^^^^^^^^^^^^^^^^^^^^^^^^^^^^^
  File "D:\Lib\site-packages\django\shortcuts.py", line 24, in render
    content = loader.render_to_string(template_name, context, request, using=using)
              ^^^^^^^^^^^^^^^^^^^^^^^^^^^^^^^^^^^^^^^^^^^^^^^^^^^^^^^^^^^^^^^^^^^^^
  File "D:\Lib\site-packages\django\template\loader.py", line 61, in render_to_string
    template = get_template(template_name, using=using)
               ^^^^^^^^^^^^^^^^^^^^^^^^^^^^^^^^^^^^^^^^
  File "D:\Lib\site-packages\django\template\loader.py", line 15, in get_template
    return engine.get_template(template_name)
           ^^^^^^^^^^^^^^^^^^^^^^^^^^^^^^^^^^
  File "D:\Lib\site-packages\django\template\backends\django.py", line 33, in get_template
    return Template(self.engine.get_template(template_name), self)
                    ^^^^^^^^^^^^^^^^^^^^^^^^^^^^^^^^^^^^^^^
  File "D:\Lib\site-packages\django\template\engine.py", line 175, in get_template
    template, origin = self.find_template(template_name)
                       ^^^^^^^^^^^^^^^^^^^^^^^^^^^^^^^^^
  File "D:\Lib\site-packages\django\template\engine.py", line 157, in find_template
    template = loader.get_template(name, skip=skip)
               ^^^^^^^^^^^^^^^^^^^^^^^^^^^^^^^^^^^^
  File "D:\Lib\site-packages\django\template\loaders\cached.py", line 57, in get_template
    template = super().get_template(template_name, skip)
               ^^^^^^^^^^^^^^^^^^^^^^^^^^^^^^^^^^^^^^^^^
  File "D:\Lib\site-packages\django\template\loaders\base.py", line 28, in get_template
    return Template(
           ^^^^^^^^^
  File "D:\Lib\site-packages\django\template\base.py", line 154, in __init__
    self.nodelist = self.compile_nodelist()
                    ^^^^^^^^^^^^^^^^^^^^^^^
  File "D:\Lib\site-packages\django\template\base.py", line 200, in compile_nodelist
    return parser.parse()
           ^^^^^^^^^^^^^^
  File "D:\Lib\site-packages\django\template\base.py", line 513, in parse
    raise self.error(token, e)
  File "D:\Lib\site-packages\django\template\base.py", line 511, in parse
    compiled_result = compile_func(self, token)
                      ^^^^^^^^^^^^^^^^^^^^^^^^^
  File "D:\Lib\site-packages\django\template\loader_tags.py", line 293, in do_extends
    nodelist = parser.parse()
               ^^^^^^^^^^^^^^
  File "D:\Lib\site-packages\django\template\base.py", line 513, in parse
    raise self.error(token, e)
  File "D:\Lib\site-packages\django\template\base.py", line 511, in parse
    compiled_result = compile_func(self, token)
                      ^^^^^^^^^^^^^^^^^^^^^^^^^
  File "D:\Lib\site-packages\django\template\loader_tags.py", line 232, in do_block
    nodelist = parser.parse(("endblock",))
               ^^^^^^^^^^^^^^^^^^^^^^^^^^^
  File "D:\Lib\site-packages\django\template\base.py", line 518, in parse
    self.unclosed_block_tag(parse_until)
  File "D:\Lib\site-packages\django\template\base.py", line 581, in unclosed_block_tag
    raise self.error(token, msg)
django.template.exceptions.TemplateSyntaxError: Unclosed tag on line 1: 'block'. Looking for one of: endblock.
ERROR 2026-01-17 20:04:04,706 basehttp 33308 30968 "GET /vault/upload/ HTTP/1.1" 500 191701
WARNING 2026-01-17 20:07:40,312 log 33308 35208 Not Found: /favicon.ico
WARNING 2026-01-17 20:07:40,315 basehttp 33308 35208 "GET /favicon.ico HTTP/1.1" 404 3019
WARNING 2026-01-17 20:07:42,958 log 33308 35208 Not Found: /favicon.ico
WARNING 2026-01-17 20:07:42,962 basehttp 33308 35208 "GET /favicon.ico HTTP/1.1" 404 3019
WARNING 2026-01-17 20:39:16,637 log 33308 37680 Not Found: /favicon.ico
WARNING 2026-01-17 20:39:16,683 basehttp 33308 37680 "GET /favicon.ico HTTP/1.1" 404 3019
WARNING 2026-01-17 20:46:43,313 log 33308 35296 Not Found: /favicon.ico
WARNING 2026-01-17 20:46:43,347 basehttp 33308 35296 "GET /favicon.ico HTTP/1.1" 404 3019
WARNING 2026-01-17 20:52:32,247 log 33308 35504 Not Found: /favicon.ico
WARNING 2026-01-17 20:52:32,311 basehttp 33308 35504 "GET /favicon.ico HTTP/1.1" 404 3019
WARNING 2026-01-17 22:06:16,765 log 30780 36288 Not Found: /favicon.ico
WARNING 2026-01-17 22:06:16,833 basehttp 30780 36288 "GET /favicon.ico HTTP/1.1" 404 3019
WARNING 2026-01-17 22:11:30,151 log 30780 42948 Not Found: /.well-known/appspecific/com.chrome.devtools.json
WARNING 2026-01-17 22:11:30,157 basehttp 30780 42948 "GET /.well-known/appspecific/com.chrome.devtools.json HTTP/1.1" 404 3130
WARNING 2026-01-17 22:22:56,084 log 30780 39088 Not Found: /.well-known/appspecific/com.chrome.devtools.json
WARNING 2026-01-17 22:22:56,106 basehttp 30780 39088 "GET /.well-known/appspecific/com.chrome.devtools.json HTTP/1.1" 404 3130
WARNING 2026-01-17 22:23:05,632 log 30780 38212 Not Found: /favicon.ico
WARNING 2026-01-17 22:23:05,634 basehttp 30780 38212 "GET /favicon.ico HTTP/1.1" 404 3019
WARNING 2026-01-17 22:34:23,116 log 30780 42804 Not Found: /.well-known/appspecific/com.chrome.devtools.json
WARNING 2026-01-17 22:34:23,139 basehttp 30780 42804 "GET /.well-known/appspecific/com.chrome.devtools.json HTTP/1.1" 404 3130
WARNING 2026-01-17 22:34:30,275 log 30780 27096 Not Found: /favicon.ico
WARNING 2026-01-17 22:34:30,280 basehttp 30780 27096 "GET /favicon.ico HTTP/1.1" 404 3019
WARNING 2026-01-17 22:34:46,381 log 30780 28280 Not Found: /.well-known/appspecific/com.chrome.devtools.json
WARNING 2026-01-17 22:34:46,387 basehttp 30780 28280 "GET /.well-known/appspecific/com.chrome.devtools.json HTTP/1.1" 404 3130
WARNING 2026-01-17 22:34:53,886 log 30780 41556 Not Found: /favicon.ico
WARNING 2026-01-17 22:34:53,887 basehttp 30780 41556 "GET /favicon.ico HTTP/1.1" 404 3019
WARNING 2026-01-17 22:41:28,154 log 30780 40556 Not Found: /.well-known/appspecific/com.chrome.devtools.json
WARNING 2026-01-17 22:41:28,219 basehttp 30780 40556 "GET /.well-known/appspecific/com.chrome.devtools.json HTTP/1.1" 404 3130
WARNING 2026-01-17 22:41:35,668 log 30780 21904 Not Found: /favicon.ico
WARNING 2026-01-17 22:41:35,668 basehttp 30780 21904 "GET /favicon.ico HTTP/1.1" 404 3019
WARNING 2026-01-17 22:42:00,430 log 30780 39492 Not Found: /.well-known/appspecific/com.chrome.devtools.json
WARNING 2026-01-17 22:42:00,433 basehttp 30780 39492 "GET /.well-known/appspecific/com.chrome.devtools.json HTTP/1.1" 404 3130
WARNING 2026-01-17 22:44:36,251 log 30780 41740 Not Found: /.well-known/appspecific/com.chrome.devtools.json
WARNING 2026-01-17 22:44:36,255 basehttp 30780 41740 "GET /.well-known/appspecific/com.chrome.devtools.json HTTP/1.1" 404 3130
WARNING 2026-01-17 22:46:12,136 log 30780 42368 Not Found: /.well-known/appspecific/com.chrome.devtools.json
WARNING 2026-01-17 22:46:12,138 basehttp 30780 42368 "GET /.well-known/appspecific/com.chrome.devtools.json HTTP/1.1" 404 3130
WARNING 2026-01-17 22:46:20,016 log 30780 42020 Not Found: /favicon.ico
WARNING 2026-01-17 22:46:20,021 basehttp 30780 42020 "GET /favicon.ico HTTP/1.1" 404 3019
WARNING 2026-01-17 22:46:26,865 log 30780 37388 Not Found: /.well-known/appspecific/com.chrome.devtools.json
WARNING 2026-01-17 22:46:26,907 basehttp 30780 37388 "GET /.well-known/appspecific/com.chrome.devtools.json HTTP/1.1" 404 3130
WARNING 2026-01-17 22:46:35,117 log 30780 42020 Not Found: /favicon.ico
WARNING 2026-01-17 22:46:35,127 basehttp 30780 42020 "GET /favicon.ico HTTP/1.1" 404 3019
WARNING 2026-01-17 22:47:29,541 log 30780 16116 Not Found: /.well-known/appspecific/com.chrome.devtools.json
WARNING 2026-01-17 22:47:29,632 basehttp 30780 16116 "GET /.well-known/appspecific/com.chrome.devtools.json HTTP/1.1" 404 3130
WARNING 2026-01-17 22:50:11,080 log 30780 39764 Not Found: /.well-known/appspecific/com.chrome.devtools.json
WARNING 2026-01-17 22:50:11,083 basehttp 30780 39764 "GET /.well-known/appspecific/com.chrome.devtools.json HTTP/1.1" 404 3130
WARNING 2026-01-17 22:50:17,117 log 30780 39764 Not Found: /.well-known/appspecific/com.chrome.devtools.json
WARNING 2026-01-17 22:50:17,119 basehttp 30780 39764 "GET /.well-known/appspecific/com.chrome.devtools.json HTTP/1.1" 404 3130
WARNING 2026-01-17 22:50:24,948 log 30780 39824 Not Found: /favicon.ico
WARNING 2026-01-17 22:50:24,958 basehttp 30780 39824 "GET /favicon.ico HTTP/1.1" 404 3019
WARNING 2026-01-17 22:52:21,239 log 30780 38360 Not Found: /.well-known/appspecific/com.chrome.devtools.json
WARNING 2026-01-17 22:52:21,242 basehttp 30780 38360 "GET /.well-known/appspecific/com.chrome.devtools.json HTTP/1.1" 404 3130
WARNING 2026-01-17 22:52:38,024 log 30780 36952 Not Found: /.well-known/appspecific/com.chrome.devtools.json
WARNING 2026-01-17 22:52:38,027 basehttp 30780 36952 "GET /.well-known/appspecific/com.chrome.devtools.json HTTP/1.1" 404 3130
WARNING 2026-01-17 22:52:49,428 log 30780 42416 Not Found: /.well-known/appspecific/com.chrome.devtools.json
WARNING 2026-01-17 22:52:49,447 basehttp 30780 42416 "GET /.well-known/appspecific/com.chrome.devtools.json HTTP/1.1" 404 3130
WARNING 2026-01-17 22:54:42,493 log 30780 40104 Not Found: /.well-known/appspecific/com.chrome.devtools.json
WARNING 2026-01-17 22:54:42,496 basehttp 30780 40104 "GET /.well-known/appspecific/com.chrome.devtools.json HTTP/1.1" 404 3130
WARNING 2026-01-17 22:54:50,078 log 30780 40480 Not Found: /favicon.ico
WARNING 2026-01-17 22:54:50,089 basehttp 30780 40480 "GET /favicon.ico HTTP/1.1" 404 3019
WARNING 2026-01-17 22:57:43,408 log 30780 2480 Not Found: /.well-known/appspecific/com.chrome.devtools.json
WARNING 2026-01-17 22:57:43,410 basehttp 30780 2480 "GET /.well-known/appspecific/com.chrome.devtools.json HTTP/1.1" 404 3130
WARNING 2026-01-17 22:57:52,057 log 30780 2480 Not Found: /.well-known/appspecific/com.chrome.devtools.json
WARNING 2026-01-17 22:57:52,063 basehttp 30780 2480 "GET /.well-known/appspecific/com.chrome.devtools.json HTTP/1.1" 404 3130
WARNING 2026-01-17 22:58:04,174 log 30780 2480 Not Found: /.well-known/appspecific/com.chrome.devtools.json
WARNING 2026-01-17 22:58:04,178 basehttp 30780 2480 "GET /.well-known/appspecific/com.chrome.devtools.json HTTP/1.1" 404 3130
WARNING 2026-01-17 22:58:15,033 log 30780 2480 Not Found: /.well-known/appspecific/com.chrome.devtools.json
WARNING 2026-01-17 22:58:15,040 basehttp 30780 2480 "GET /.well-known/appspecific/com.chrome.devtools.json HTTP/1.1" 404 3130
WARNING 2026-01-17 22:58:35,132 log 30780 2480 Not Found: /.well-known/appspecific/com.chrome.devtools.json
WARNING 2026-01-17 22:58:35,134 basehttp 30780 2480 "GET /.well-known/appspecific/com.chrome.devtools.json HTTP/1.1" 404 3130
WARNING 2026-01-17 22:58:44,507 log 30780 2480 Not Found: /.well-known/appspecific/com.chrome.devtools.json
WARNING 2026-01-17 22:58:44,509 basehttp 30780 2480 "GET /.well-known/appspecific/com.chrome.devtools.json HTTP/1.1" 404 3130
WARNING 2026-01-17 22:58:57,189 log 30780 2480 Not Found: /.well-known/appspecific/com.chrome.devtools.json
WARNING 2026-01-17 22:58:57,189 basehttp 30780 2480 "GET /.well-known/appspecific/com.chrome.devtools.json HTTP/1.1" 404 3130
WARNING 2026-01-17 22:59:04,047 log 30780 2480 Not Found: /.well-known/appspecific/com.chrome.devtools.json
WARNING 2026-01-17 22:59:04,053 basehttp 30780 2480 "GET /.well-known/appspecific/com.chrome.devtools.json HTTP/1.1" 404 3130
WARNING 2026-01-17 23:32:21,238 log 30780 20636 Not Found: /favicon.ico
WARNING 2026-01-17 23:32:21,275 basehttp 30780 20636 "GET /favicon.ico HTTP/1.1" 404 3019
ERROR 2026-01-18 00:03:14,756 log 44352 41012 Internal Server Error: /accounts/profile/
Traceback (most recent call last):
  File "D:\Lib\site-packages\django\core\handlers\exception.py", line 55, in inner
    response = get_response(request)
               ^^^^^^^^^^^^^^^^^^^^^
  File "D:\Lib\site-packages\django\core\handlers\base.py", line 197, in _get_response
    response = wrapped_callback(request, *callback_args, **callback_kwargs)
               ^^^^^^^^^^^^^^^^^^^^^^^^^^^^^^^^^^^^^^^^^^^^^^^^^^^^^^^^^^^^
  File "D:\Lib\contextlib.py", line 81, in inner
    return func(*args, **kwds)
           ^^^^^^^^^^^^^^^^^^^
  File "D:\Lib\site-packages\django\contrib\auth\decorators.py", line 23, in _wrapper_view
    return view_func(request, *args, **kwargs)
           ^^^^^^^^^^^^^^^^^^^^^^^^^^^^^^^^^^^
  File "D:\Lib\site-packages\django\views\decorators\http.py", line 43, in inner
    return func(request, *args, **kwargs)
           ^^^^^^^^^^^^^^^^^^^^^^^^^^^^^^
  File "E:\Resume_Projects\lifedocs\accounts\views.py", line 468, in profile_view
    return render(request, 'accounts/profile.html', context)
           ^^^^^^^^^^^^^^^^^^^^^^^^^^^^^^^^^^^^^^^^^^^^^^^^^
  File "D:\Lib\site-packages\django\shortcuts.py", line 24, in render
    content = loader.render_to_string(template_name, context, request, using=using)
              ^^^^^^^^^^^^^^^^^^^^^^^^^^^^^^^^^^^^^^^^^^^^^^^^^^^^^^^^^^^^^^^^^^^^^
  File "D:\Lib\site-packages\django\template\loader.py", line 62, in render_to_string
    return template.render(context, request)
           ^^^^^^^^^^^^^^^^^^^^^^^^^^^^^^^^^
  File "D:\Lib\site-packages\django\template\backends\django.py", line 61, in render
    return self.template.render(context)
           ^^^^^^^^^^^^^^^^^^^^^^^^^^^^^
  File "D:\Lib\site-packages\django\template\base.py", line 175, in render
    return self._render(context)
           ^^^^^^^^^^^^^^^^^^^^^
  File "D:\Lib\site-packages\django\template\base.py", line 167, in _render
    return self.nodelist.render(context)
           ^^^^^^^^^^^^^^^^^^^^^^^^^^^^^
  File "D:\Lib\site-packages\django\template\base.py", line 1005, in render
    return SafeString("".join([node.render_annotated(context) for node in self]))
                              ^^^^^^^^^^^^^^^^^^^^^^^^^^^^^^^^^^^^^^^^^^^^^^^^^
  File "D:\Lib\site-packages\django\template\base.py", line 1005, in <listcomp>
    return SafeString("".join([node.render_annotated(context) for node in self]))
                               ^^^^^^^^^^^^^^^^^^^^^^^^^^^^^^
  File "D:\Lib\site-packages\django\template\base.py", line 966, in render_annotated
    return self.render(context)
           ^^^^^^^^^^^^^^^^^^^^
  File "D:\Lib\site-packages\django\template\loader_tags.py", line 157, in render
    return compiled_parent._render(context)
           ^^^^^^^^^^^^^^^^^^^^^^^^^^^^^^^^
  File "D:\Lib\site-packages\django\template\base.py", line 167, in _render
    return self.nodelist.render(context)
           ^^^^^^^^^^^^^^^^^^^^^^^^^^^^^
  File "D:\Lib\site-packages\django\template\base.py", line 1005, in render
    return SafeString("".join([node.render_annotated(context) for node in self]))
                              ^^^^^^^^^^^^^^^^^^^^^^^^^^^^^^^^^^^^^^^^^^^^^^^^^
  File "D:\Lib\site-packages\django\template\base.py", line 1005, in <listcomp>
    return SafeString("".join([node.render_annotated(context) for node in self]))
                               ^^^^^^^^^^^^^^^^^^^^^^^^^^^^^^
  File "D:\Lib\site-packages\django\template\base.py", line 966, in render_annotated
    return self.render(context)
           ^^^^^^^^^^^^^^^^^^^^
  File "D:\Lib\site-packages\django\template\loader_tags.py", line 63, in render
    result = block.nodelist.render(context)
             ^^^^^^^^^^^^^^^^^^^^^^^^^^^^^^
  File "D:\Lib\site-packages\django\template\base.py", line 1005, in render
    return SafeString("".join([node.render_annotated(context) for node in self]))
                              ^^^^^^^^^^^^^^^^^^^^^^^^^^^^^^^^^^^^^^^^^^^^^^^^^
  File "D:\Lib\site-packages\django\template\base.py", line 1005, in <listcomp>
    return SafeString("".join([node.render_annotated(context) for node in self]))
                               ^^^^^^^^^^^^^^^^^^^^^^^^^^^^^^
  File "D:\Lib\site-packages\django\template\base.py", line 966, in render_annotated
    return self.render(context)
           ^^^^^^^^^^^^^^^^^^^^
  File "D:\Lib\site-packages\django\template\defaulttags.py", line 471, in render
    url = reverse(view_name, args=args, kwargs=kwargs, current_app=current_app)
          ^^^^^^^^^^^^^^^^^^^^^^^^^^^^^^^^^^^^^^^^^^^^^^^^^^^^^^^^^^^^^^^^^^^^^
  File "D:\Lib\site-packages\django\urls\base.py", line 88, in reverse
    return resolver._reverse_with_prefix(view, prefix, *args, **kwargs)
           ^^^^^^^^^^^^^^^^^^^^^^^^^^^^^^^^^^^^^^^^^^^^^^^^^^^^^^^^^^^^
  File "D:\Lib\site-packages\django\urls\resolvers.py", line 828, in _reverse_with_prefix
    raise NoReverseMatch(msg)
django.urls.exceptions.NoReverseMatch: Reverse for 'delete_account' not found. 'delete_account' is not a valid view function or pattern name.
ERROR 2026-01-18 00:03:14,825 basehttp 44352 41012 "GET /accounts/profile/ HTTP/1.1" 500 192629
WARNING 2026-01-18 00:03:16,029 log 44352 41012 Not Found: /favicon.ico
WARNING 2026-01-18 00:03:16,037 basehttp 44352 41012 "GET /favicon.ico HTTP/1.1" 404 3019
WARNING 2026-01-18 00:08:50,492 log 43088 38820 Not Found: /favicon.ico
WARNING 2026-01-18 00:08:50,525 basehttp 43088 38820 "GET /favicon.ico HTTP/1.1" 404 3019
WARNING 2026-01-18 00:11:17,226 log 43088 41888 Not Found: /.well-known/appspecific/com.chrome.devtools.json
WARNING 2026-01-18 00:11:17,238 basehttp 43088 41888 "GET /.well-known/appspecific/com.chrome.devtools.json HTTP/1.1" 404 3130
WARNING 2026-01-18 00:11:31,070 log 43088 42480 Not Found: /.well-known/appspecific/com.chrome.devtools.json
WARNING 2026-01-18 00:11:31,076 basehttp 43088 42480 "GET /.well-known/appspecific/com.chrome.devtools.json HTTP/1.1" 404 3130
WARNING 2026-01-18 00:11:37,907 log 43088 42624 Not Found: /.well-known/appspecific/com.chrome.devtools.json
WARNING 2026-01-18 00:11:37,959 basehttp 43088 42624 "GET /.well-known/appspecific/com.chrome.devtools.json HTTP/1.1" 404 3130
WARNING 2026-01-18 00:11:49,735 log 43088 38972 Not Found: /.well-known/appspecific/com.chrome.devtools.json
WARNING 2026-01-18 00:11:49,743 basehttp 43088 38972 "GET /.well-known/appspecific/com.chrome.devtools.json HTTP/1.1" 404 3130
WARNING 2026-01-18 00:18:49,691 log 43088 38516 Not Found: /favicon.ico
WARNING 2026-01-18 00:18:49,796 basehttp 43088 38516 "GET /favicon.ico HTTP/1.1" 404 3019
ERROR 2026-01-18 01:22:44,223 log 43948 35872 Internal Server Error: /accounts/profile/
Traceback (most recent call last):
  File "D:\Lib\site-packages\django\db\backends\utils.py", line 89, in _execute
    return self.cursor.execute(sql, params)
           ^^^^^^^^^^^^^^^^^^^^^^^^^^^^^^^^
  File "D:\Lib\site-packages\django\db\backends\sqlite3\base.py", line 328, in execute
    return super().execute(query, params)
           ^^^^^^^^^^^^^^^^^^^^^^^^^^^^^^
sqlite3.OperationalError: no such column: users.profile_image

The above exception was the direct cause of the following exception:

Traceback (most recent call last):
  File "D:\Lib\site-packages\django\core\handlers\exception.py", line 55, in inner
    response = get_response(request)
               ^^^^^^^^^^^^^^^^^^^^^
  File "D:\Lib\site-packages\django\core\handlers\base.py", line 197, in _get_response
    response = wrapped_callback(request, *callback_args, **callback_kwargs)
               ^^^^^^^^^^^^^^^^^^^^^^^^^^^^^^^^^^^^^^^^^^^^^^^^^^^^^^^^^^^^
  File "D:\Lib\contextlib.py", line 81, in inner
    return func(*args, **kwds)
           ^^^^^^^^^^^^^^^^^^^
  File "D:\Lib\site-packages\django\contrib\auth\decorators.py", line 22, in _wrapper_view
    if test_func(request.user):
       ^^^^^^^^^^^^^^^^^^^^^^^
  File "D:\Lib\site-packages\django\contrib\auth\decorators.py", line 51, in <lambda>
    lambda u: u.is_authenticated,
              ^^^^^^^^^^^^^^^^^^
  File "D:\Lib\site-packages\django\utils\functional.py", line 266, in inner
    self._setup()
  File "D:\Lib\site-packages\django\utils\functional.py", line 419, in _setup
    self._wrapped = self._setupfunc()
                    ^^^^^^^^^^^^^^^^^
  File "D:\Lib\site-packages\django\contrib\auth\middleware.py", line 25, in <lambda>
    request.user = SimpleLazyObject(lambda: get_user(request))
                                            ^^^^^^^^^^^^^^^^^
  File "D:\Lib\site-packages\django\contrib\auth\middleware.py", line 11, in get_user
    request._cached_user = auth.get_user(request)
                           ^^^^^^^^^^^^^^^^^^^^^^
  File "D:\Lib\site-packages\django\contrib\auth\__init__.py", line 198, in get_user
    user = backend.get_user(user_id)
           ^^^^^^^^^^^^^^^^^^^^^^^^^
  File "D:\Lib\site-packages\django\contrib\auth\backends.py", line 161, in get_user
    user = UserModel._default_manager.get(pk=user_id)
           ^^^^^^^^^^^^^^^^^^^^^^^^^^^^^^^^^^^^^^^^^^
  File "D:\Lib\site-packages\django\db\models\manager.py", line 87, in manager_method
    return getattr(self.get_queryset(), name)(*args, **kwargs)
           ^^^^^^^^^^^^^^^^^^^^^^^^^^^^^^^^^^^^^^^^^^^^^^^^^^^
  File "D:\Lib\site-packages\django\db\models\query.py", line 633, in get
    num = len(clone)
          ^^^^^^^^^^
  File "D:\Lib\site-packages\django\db\models\query.py", line 380, in __len__
    self._fetch_all()
  File "D:\Lib\site-packages\django\db\models\query.py", line 1881, in _fetch_all
    self._result_cache = list(self._iterable_class(self))
                         ^^^^^^^^^^^^^^^^^^^^^^^^^^^^^^^^
  File "D:\Lib\site-packages\django\db\models\query.py", line 91, in __iter__
    results = compiler.execute_sql(
              ^^^^^^^^^^^^^^^^^^^^^
  File "D:\Lib\site-packages\django\db\models\sql\compiler.py", line 1562, in execute_sql
    cursor.execute(sql, params)
  File "D:\Lib\site-packages\django\db\backends\utils.py", line 102, in execute
    return super().execute(sql, params)
           ^^^^^^^^^^^^^^^^^^^^^^^^^^^^
  File "D:\Lib\site-packages\django\db\backends\utils.py", line 67, in execute
    return self._execute_with_wrappers(
           ^^^^^^^^^^^^^^^^^^^^^^^^^^^^
  File "D:\Lib\site-packages\django\db\backends\utils.py", line 80, in _execute_with_wrappers
    return executor(sql, params, many, context)
           ^^^^^^^^^^^^^^^^^^^^^^^^^^^^^^^^^^^^
  File "D:\Lib\site-packages\django\db\backends\utils.py", line 84, in _execute
    with self.db.wrap_database_errors:
  File "D:\Lib\site-packages\django\db\utils.py", line 91, in __exit__
    raise dj_exc_value.with_traceback(traceback) from exc_value
  File "D:\Lib\site-packages\django\db\backends\utils.py", line 89, in _execute
    return self.cursor.execute(sql, params)
           ^^^^^^^^^^^^^^^^^^^^^^^^^^^^^^^^
  File "D:\Lib\site-packages\django\db\backends\sqlite3\base.py", line 328, in execute
    return super().execute(query, params)
           ^^^^^^^^^^^^^^^^^^^^^^^^^^^^^^
django.db.utils.OperationalError: no such column: users.profile_image
ERROR 2026-01-18 01:22:44,257 basehttp 43948 35872 "POST /accounts/profile/ HTTP/1.1" 500 187429
WARNING 2026-01-18 01:27:43,568 log 29404 41812 Not Found: /favicon.ico
WARNING 2026-01-18 01:27:43,634 basehttp 29404 41812 "GET /favicon.ico HTTP/1.1" 404 3019
WARNING 2026-01-18 01:27:43,747 log 29404 41584 Not Found: /favicon.ico
WARNING 2026-01-18 01:27:43,750 basehttp 29404 41584 "GET /favicon.ico HTTP/1.1" 404 3019
WARNING 2026-01-18 01:30:36,640 log 43236 43868 Not Found: /favicon.ico
WARNING 2026-01-18 01:30:36,642 basehttp 43236 43868 "GET /favicon.ico HTTP/1.1" 404 3019
WARNING 2026-01-18 01:32:47,350 log 43236 26676 Not Found: /favicon.ico
WARNING 2026-01-18 01:32:47,924 basehttp 43236 26676 "GET /favicon.ico HTTP/1.1" 404 3019
ERROR 2026-01-18 01:51:39,303 log 43304 39140 Internal Server Error: /accounts/profile/
Traceback (most recent call last):
  File "D:\Lib\site-packages\django\db\backends\utils.py", line 89, in _execute
    return self.cursor.execute(sql, params)
           ^^^^^^^^^^^^^^^^^^^^^^^^^^^^^^^^
  File "D:\Lib\site-packages\django\db\backends\sqlite3\base.py", line 328, in execute
    return super().execute(query, params)
           ^^^^^^^^^^^^^^^^^^^^^^^^^^^^^^
sqlite3.OperationalError: no such column: users.about_me

The above exception was the direct cause of the following exception:

Traceback (most recent call last):
  File "D:\Lib\site-packages\django\core\handlers\exception.py", line 55, in inner
    response = get_response(request)
               ^^^^^^^^^^^^^^^^^^^^^
  File "D:\Lib\site-packages\django\core\handlers\base.py", line 197, in _get_response
    response = wrapped_callback(request, *callback_args, **callback_kwargs)
               ^^^^^^^^^^^^^^^^^^^^^^^^^^^^^^^^^^^^^^^^^^^^^^^^^^^^^^^^^^^^
  File "D:\Lib\contextlib.py", line 81, in inner
    return func(*args, **kwds)
           ^^^^^^^^^^^^^^^^^^^
  File "D:\Lib\site-packages\django\contrib\auth\decorators.py", line 22, in _wrapper_view
    if test_func(request.user):
       ^^^^^^^^^^^^^^^^^^^^^^^
  File "D:\Lib\site-packages\django\contrib\auth\decorators.py", line 51, in <lambda>
    lambda u: u.is_authenticated,
              ^^^^^^^^^^^^^^^^^^
  File "D:\Lib\site-packages\django\utils\functional.py", line 266, in inner
    self._setup()
  File "D:\Lib\site-packages\django\utils\functional.py", line 419, in _setup
    self._wrapped = self._setupfunc()
                    ^^^^^^^^^^^^^^^^^
  File "D:\Lib\site-packages\django\contrib\auth\middleware.py", line 25, in <lambda>
    request.user = SimpleLazyObject(lambda: get_user(request))
                                            ^^^^^^^^^^^^^^^^^
  File "D:\Lib\site-packages\django\contrib\auth\middleware.py", line 11, in get_user
    request._cached_user = auth.get_user(request)
                           ^^^^^^^^^^^^^^^^^^^^^^
  File "D:\Lib\site-packages\django\contrib\auth\__init__.py", line 198, in get_user
    user = backend.get_user(user_id)
           ^^^^^^^^^^^^^^^^^^^^^^^^^
  File "D:\Lib\site-packages\django\contrib\auth\backends.py", line 161, in get_user
    user = UserModel._default_manager.get(pk=user_id)
           ^^^^^^^^^^^^^^^^^^^^^^^^^^^^^^^^^^^^^^^^^^
  File "D:\Lib\site-packages\django\db\models\manager.py", line 87, in manager_method
    return getattr(self.get_queryset(), name)(*args, **kwargs)
           ^^^^^^^^^^^^^^^^^^^^^^^^^^^^^^^^^^^^^^^^^^^^^^^^^^^
  File "D:\Lib\site-packages\django\db\models\query.py", line 633, in get
    num = len(clone)
          ^^^^^^^^^^
  File "D:\Lib\site-packages\django\db\models\query.py", line 380, in __len__
    self._fetch_all()
  File "D:\Lib\site-packages\django\db\models\query.py", line 1881, in _fetch_all
    self._result_cache = list(self._iterable_class(self))
                         ^^^^^^^^^^^^^^^^^^^^^^^^^^^^^^^^
  File "D:\Lib\site-packages\django\db\models\query.py", line 91, in __iter__
    results = compiler.execute_sql(
              ^^^^^^^^^^^^^^^^^^^^^
  File "D:\Lib\site-packages\django\db\models\sql\compiler.py", line 1562, in execute_sql
    cursor.execute(sql, params)
  File "D:\Lib\site-packages\django\db\backends\utils.py", line 102, in execute
    return super().execute(sql, params)
           ^^^^^^^^^^^^^^^^^^^^^^^^^^^^
  File "D:\Lib\site-packages\django\db\backends\utils.py", line 67, in execute
    return self._execute_with_wrappers(
           ^^^^^^^^^^^^^^^^^^^^^^^^^^^^
  File "D:\Lib\site-packages\django\db\backends\utils.py", line 80, in _execute_with_wrappers
    return executor(sql, params, many, context)
           ^^^^^^^^^^^^^^^^^^^^^^^^^^^^^^^^^^^^
  File "D:\Lib\site-packages\django\db\backends\utils.py", line 84, in _execute
    with self.db.wrap_database_errors:
  File "D:\Lib\site-packages\django\db\utils.py", line 91, in __exit__
    raise dj_exc_value.with_traceback(traceback) from exc_value
  File "D:\Lib\site-packages\django\db\backends\utils.py", line 89, in _execute
    return self.cursor.execute(sql, params)
           ^^^^^^^^^^^^^^^^^^^^^^^^^^^^^^^^
  File "D:\Lib\site-packages\django\db\backends\sqlite3\base.py", line 328, in execute
    return super().execute(query, params)
           ^^^^^^^^^^^^^^^^^^^^^^^^^^^^^^
django.db.utils.OperationalError: no such column: users.about_me
ERROR 2026-01-18 01:51:39,432 basehttp 43304 39140 "POST /accounts/profile/ HTTP/1.1" 500 187838
WARNING 2026-01-18 01:51:39,915 log 43304 39140 Not Found: /favicon.ico
WARNING 2026-01-18 01:51:39,917 basehttp 43304 39140 "GET /favicon.ico HTTP/1.1" 404 3019
ERROR 2026-01-18 01:53:22,956 log 43304 33248 Internal Server Error: /accounts/profile/
Traceback (most recent call last):
  File "D:\Lib\site-packages\django\core\handlers\exception.py", line 55, in inner
    response = get_response(request)
               ^^^^^^^^^^^^^^^^^^^^^
  File "D:\Lib\site-packages\django\core\handlers\base.py", line 197, in _get_response
    response = wrapped_callback(request, *callback_args, **callback_kwargs)
               ^^^^^^^^^^^^^^^^^^^^^^^^^^^^^^^^^^^^^^^^^^^^^^^^^^^^^^^^^^^^
  File "D:\Lib\contextlib.py", line 81, in inner
    return func(*args, **kwds)
           ^^^^^^^^^^^^^^^^^^^
  File "D:\Lib\site-packages\django\contrib\auth\decorators.py", line 23, in _wrapper_view
    return view_func(request, *args, **kwargs)
           ^^^^^^^^^^^^^^^^^^^^^^^^^^^^^^^^^^^
  File "D:\Lib\site-packages\django\views\decorators\http.py", line 43, in inner
    return func(request, *args, **kwargs)
           ^^^^^^^^^^^^^^^^^^^^^^^^^^^^^^
  File "E:\Resume_Projects\lifedocs\accounts\views.py", line 522, in profile_view
    return render(request, 'accounts/profile.html', context)
           ^^^^^^^^^^^^^^^^^^^^^^^^^^^^^^^^^^^^^^^^^^^^^^^^^
  File "D:\Lib\site-packages\django\shortcuts.py", line 24, in render
    content = loader.render_to_string(template_name, context, request, using=using)
              ^^^^^^^^^^^^^^^^^^^^^^^^^^^^^^^^^^^^^^^^^^^^^^^^^^^^^^^^^^^^^^^^^^^^^
  File "D:\Lib\site-packages\django\template\loader.py", line 61, in render_to_string
    template = get_template(template_name, using=using)
               ^^^^^^^^^^^^^^^^^^^^^^^^^^^^^^^^^^^^^^^^
  File "D:\Lib\site-packages\django\template\loader.py", line 15, in get_template
    return engine.get_template(template_name)
           ^^^^^^^^^^^^^^^^^^^^^^^^^^^^^^^^^^
  File "D:\Lib\site-packages\django\template\backends\django.py", line 33, in get_template
    return Template(self.engine.get_template(template_name), self)
                    ^^^^^^^^^^^^^^^^^^^^^^^^^^^^^^^^^^^^^^^
  File "D:\Lib\site-packages\django\template\engine.py", line 175, in get_template
    template, origin = self.find_template(template_name)
                       ^^^^^^^^^^^^^^^^^^^^^^^^^^^^^^^^^
  File "D:\Lib\site-packages\django\template\engine.py", line 157, in find_template
    template = loader.get_template(name, skip=skip)
               ^^^^^^^^^^^^^^^^^^^^^^^^^^^^^^^^^^^^
  File "D:\Lib\site-packages\django\template\loaders\cached.py", line 57, in get_template
    template = super().get_template(template_name, skip)
               ^^^^^^^^^^^^^^^^^^^^^^^^^^^^^^^^^^^^^^^^^
  File "D:\Lib\site-packages\django\template\loaders\base.py", line 28, in get_template
    return Template(
           ^^^^^^^^^
  File "D:\Lib\site-packages\django\template\base.py", line 154, in __init__
    self.nodelist = self.compile_nodelist()
                    ^^^^^^^^^^^^^^^^^^^^^^^
  File "D:\Lib\site-packages\django\template\base.py", line 200, in compile_nodelist
    return parser.parse()
           ^^^^^^^^^^^^^^
  File "D:\Lib\site-packages\django\template\base.py", line 513, in parse
    raise self.error(token, e)
  File "D:\Lib\site-packages\django\template\base.py", line 511, in parse
    compiled_result = compile_func(self, token)
                      ^^^^^^^^^^^^^^^^^^^^^^^^^
  File "D:\Lib\site-packages\django\template\loader_tags.py", line 293, in do_extends
    nodelist = parser.parse()
               ^^^^^^^^^^^^^^
  File "D:\Lib\site-packages\django\template\base.py", line 513, in parse
    raise self.error(token, e)
  File "D:\Lib\site-packages\django\template\base.py", line 511, in parse
    compiled_result = compile_func(self, token)
                      ^^^^^^^^^^^^^^^^^^^^^^^^^
  File "D:\Lib\site-packages\django\template\loader_tags.py", line 232, in do_block
    nodelist = parser.parse(("endblock",))
               ^^^^^^^^^^^^^^^^^^^^^^^^^^^
  File "D:\Lib\site-packages\django\template\base.py", line 518, in parse
    self.unclosed_block_tag(parse_until)
  File "D:\Lib\site-packages\django\template\base.py", line 581, in unclosed_block_tag
    raise self.error(token, msg)
django.template.exceptions.TemplateSyntaxError: Unclosed tag on line 3: 'block'. Looking for one of: endblock.
ERROR 2026-01-18 01:53:22,983 basehttp 43304 33248 "GET /accounts/profile/ HTTP/1.1" 500 198029
WARNING 2026-01-18 01:53:23,666 log 43304 33248 Not Found: /favicon.ico
WARNING 2026-01-18 01:53:23,670 basehttp 43304 33248 "GET /favicon.ico HTTP/1.1" 404 3019
ERROR 2026-01-18 01:55:00,891 log 43304 43840 Internal Server Error: /accounts/profile/
Traceback (most recent call last):
  File "D:\Lib\site-packages\django\core\handlers\exception.py", line 55, in inner
    response = get_response(request)
               ^^^^^^^^^^^^^^^^^^^^^
  File "D:\Lib\site-packages\django\core\handlers\base.py", line 197, in _get_response
    response = wrapped_callback(request, *callback_args, **callback_kwargs)
               ^^^^^^^^^^^^^^^^^^^^^^^^^^^^^^^^^^^^^^^^^^^^^^^^^^^^^^^^^^^^
  File "D:\Lib\contextlib.py", line 81, in inner
    return func(*args, **kwds)
           ^^^^^^^^^^^^^^^^^^^
  File "D:\Lib\site-packages\django\contrib\auth\decorators.py", line 23, in _wrapper_view
    return view_func(request, *args, **kwargs)
           ^^^^^^^^^^^^^^^^^^^^^^^^^^^^^^^^^^^
  File "D:\Lib\site-packages\django\views\decorators\http.py", line 43, in inner
    return func(request, *args, **kwargs)
           ^^^^^^^^^^^^^^^^^^^^^^^^^^^^^^
  File "E:\Resume_Projects\lifedocs\accounts\views.py", line 522, in profile_view
    return render(request, 'accounts/profile.html', context)
           ^^^^^^^^^^^^^^^^^^^^^^^^^^^^^^^^^^^^^^^^^^^^^^^^^
  File "D:\Lib\site-packages\django\shortcuts.py", line 24, in render
    content = loader.render_to_string(template_name, context, request, using=using)
              ^^^^^^^^^^^^^^^^^^^^^^^^^^^^^^^^^^^^^^^^^^^^^^^^^^^^^^^^^^^^^^^^^^^^^
  File "D:\Lib\site-packages\django\template\loader.py", line 61, in render_to_string
    template = get_template(template_name, using=using)
               ^^^^^^^^^^^^^^^^^^^^^^^^^^^^^^^^^^^^^^^^
  File "D:\Lib\site-packages\django\template\loader.py", line 15, in get_template
    return engine.get_template(template_name)
           ^^^^^^^^^^^^^^^^^^^^^^^^^^^^^^^^^^
  File "D:\Lib\site-packages\django\template\backends\django.py", line 33, in get_template
    return Template(self.engine.get_template(template_name), self)
                    ^^^^^^^^^^^^^^^^^^^^^^^^^^^^^^^^^^^^^^^
  File "D:\Lib\site-packages\django\template\engine.py", line 175, in get_template
    template, origin = self.find_template(template_name)
                       ^^^^^^^^^^^^^^^^^^^^^^^^^^^^^^^^^
  File "D:\Lib\site-packages\django\template\engine.py", line 157, in find_template
    template = loader.get_template(name, skip=skip)
               ^^^^^^^^^^^^^^^^^^^^^^^^^^^^^^^^^^^^
  File "D:\Lib\site-packages\django\template\loaders\cached.py", line 57, in get_template
    template = super().get_template(template_name, skip)
               ^^^^^^^^^^^^^^^^^^^^^^^^^^^^^^^^^^^^^^^^^
  File "D:\Lib\site-packages\django\template\loaders\base.py", line 28, in get_template
    return Template(
           ^^^^^^^^^
  File "D:\Lib\site-packages\django\template\base.py", line 154, in __init__
    self.nodelist = self.compile_nodelist()
                    ^^^^^^^^^^^^^^^^^^^^^^^
  File "D:\Lib\site-packages\django\template\base.py", line 200, in compile_nodelist
    return parser.parse()
           ^^^^^^^^^^^^^^
  File "D:\Lib\site-packages\django\template\base.py", line 513, in parse
    raise self.error(token, e)
  File "D:\Lib\site-packages\django\template\base.py", line 511, in parse
    compiled_result = compile_func(self, token)
                      ^^^^^^^^^^^^^^^^^^^^^^^^^
  File "D:\Lib\site-packages\django\template\loader_tags.py", line 293, in do_extends
    nodelist = parser.parse()
               ^^^^^^^^^^^^^^
  File "D:\Lib\site-packages\django\template\base.py", line 513, in parse
    raise self.error(token, e)
  File "D:\Lib\site-packages\django\template\base.py", line 511, in parse
    compiled_result = compile_func(self, token)
                      ^^^^^^^^^^^^^^^^^^^^^^^^^
  File "D:\Lib\site-packages\django\template\loader_tags.py", line 232, in do_block
    nodelist = parser.parse(("endblock",))
               ^^^^^^^^^^^^^^^^^^^^^^^^^^^
  File "D:\Lib\site-packages\django\template\base.py", line 518, in parse
    self.unclosed_block_tag(parse_until)
  File "D:\Lib\site-packages\django\template\base.py", line 581, in unclosed_block_tag
    raise self.error(token, msg)
django.template.exceptions.TemplateSyntaxError: Unclosed tag on line 3: 'block'. Looking for one of: endblock.
ERROR 2026-01-18 01:55:00,941 basehttp 43304 43840 "GET /accounts/profile/ HTTP/1.1" 500 197488
WARNING 2026-01-18 02:16:23,322 log 43304 37420 Not Found: /favicon.ico
WARNING 2026-01-18 02:16:23,404 basehttp 43304 37420 "GET /favicon.ico HTTP/1.1" 404 3019
WARNING 2026-01-18 02:16:37,936 log 43304 37420 Not Found: /.well-known/appspecific/com.chrome.devtools.json
WARNING 2026-01-18 02:16:37,960 basehttp 43304 37420 "GET /.well-known/appspecific/com.chrome.devtools.json HTTP/1.1" 404 3130
WARNING 2026-01-18 02:27:21,398 log 43304 27936 Not Found: /.well-known/appspecific/com.chrome.devtools.json
WARNING 2026-01-18 02:27:21,501 basehttp 43304 27936 "GET /.well-known/appspecific/com.chrome.devtools.json HTTP/1.1" 404 3130
WARNING 2026-01-18 02:27:48,388 log 43304 41700 Not Found: /favicon.ico
WARNING 2026-01-18 02:27:48,390 basehttp 43304 41700 "GET /favicon.ico HTTP/1.1" 404 3019
WARNING 2026-01-18 02:32:59,117 log 43304 39584 Not Found: /favicon.ico
WARNING 2026-01-18 02:32:59,225 basehttp 43304 39584 "GET /favicon.ico HTTP/1.1" 404 3019
WARNING 2026-01-18 02:33:07,109 log 43304 43604 Not Found: /favicon.ico
WARNING 2026-01-18 02:33:07,114 basehttp 43304 43604 "GET /favicon.ico HTTP/1.1" 404 3019
WARNING 2026-01-18 02:33:08,674 log 43304 43604 Not Found: /favicon.ico
WARNING 2026-01-18 02:33:08,706 basehttp 43304 43604 "GET /favicon.ico HTTP/1.1" 404 3019
WARNING 2026-01-18 14:48:19,075 log 2936 13080 Not Found: /favicon.ico
WARNING 2026-01-18 14:48:19,168 basehttp 2936 13080 "GET /favicon.ico HTTP/1.1" 404 3019
WARNING 2026-01-18 14:49:06,770 log 2936 29000 Not Found: /favicon.ico
WARNING 2026-01-18 14:49:06,893 basehttp 2936 29000 "GET /favicon.ico HTTP/1.1" 404 3019
ERROR 2026-01-18 16:15:43,821 log 24436 14556 Internal Server Error: /accounts/login/
Traceback (most recent call last):
  File "D:\Lib\site-packages\django\template\base.py", line 505, in parse
    compile_func = self.tags[command]
                   ~~~~~~~~~^^^^^^^^^
KeyError: 'endblock'

During handling of the above exception, another exception occurred:

Traceback (most recent call last):
  File "D:\Lib\site-packages\django\core\handlers\exception.py", line 55, in inner
    response = get_response(request)
               ^^^^^^^^^^^^^^^^^^^^^
  File "D:\Lib\site-packages\django\core\handlers\base.py", line 197, in _get_response
    response = wrapped_callback(request, *callback_args, **callback_kwargs)
               ^^^^^^^^^^^^^^^^^^^^^^^^^^^^^^^^^^^^^^^^^^^^^^^^^^^^^^^^^^^^
  File "D:\Lib\contextlib.py", line 81, in inner
    return func(*args, **kwds)
           ^^^^^^^^^^^^^^^^^^^
  File "D:\Lib\site-packages\django\utils\decorators.py", line 134, in _wrapper_view
    response = view_func(request, *args, **kwargs)
               ^^^^^^^^^^^^^^^^^^^^^^^^^^^^^^^^^^^
  File "D:\Lib\site-packages\django\views\decorators\http.py", line 43, in inner
    return func(request, *args, **kwargs)
           ^^^^^^^^^^^^^^^^^^^^^^^^^^^^^^
  File "E:\Resume_Projects\lifedocs\accounts\views.py", line 392, in login_view
    return render(request, 'accounts/login.html')
           ^^^^^^^^^^^^^^^^^^^^^^^^^^^^^^^^^^^^^^
  File "D:\Lib\site-packages\django\shortcuts.py", line 24, in render
    content = loader.render_to_string(template_name, context, request, using=using)
              ^^^^^^^^^^^^^^^^^^^^^^^^^^^^^^^^^^^^^^^^^^^^^^^^^^^^^^^^^^^^^^^^^^^^^
  File "D:\Lib\site-packages\django\template\loader.py", line 61, in render_to_string
    template = get_template(template_name, using=using)
               ^^^^^^^^^^^^^^^^^^^^^^^^^^^^^^^^^^^^^^^^
  File "D:\Lib\site-packages\django\template\loader.py", line 15, in get_template
    return engine.get_template(template_name)
           ^^^^^^^^^^^^^^^^^^^^^^^^^^^^^^^^^^
  File "D:\Lib\site-packages\django\template\backends\django.py", line 33, in get_template
    return Template(self.engine.get_template(template_name), self)
                    ^^^^^^^^^^^^^^^^^^^^^^^^^^^^^^^^^^^^^^^
  File "D:\Lib\site-packages\django\template\engine.py", line 175, in get_template
    template, origin = self.find_template(template_name)
                       ^^^^^^^^^^^^^^^^^^^^^^^^^^^^^^^^^
  File "D:\Lib\site-packages\django\template\engine.py", line 157, in find_template
    template = loader.get_template(name, skip=skip)
               ^^^^^^^^^^^^^^^^^^^^^^^^^^^^^^^^^^^^
  File "D:\Lib\site-packages\django\template\loaders\cached.py", line 57, in get_template
    template = super().get_template(template_name, skip)
               ^^^^^^^^^^^^^^^^^^^^^^^^^^^^^^^^^^^^^^^^^
  File "D:\Lib\site-packages\django\template\loaders\base.py", line 28, in get_template
    return Template(
           ^^^^^^^^^
  File "D:\Lib\site-packages\django\template\base.py", line 154, in __init__
    self.nodelist = self.compile_nodelist()
                    ^^^^^^^^^^^^^^^^^^^^^^^
  File "D:\Lib\site-packages\django\template\base.py", line 200, in compile_nodelist
    return parser.parse()
           ^^^^^^^^^^^^^^
  File "D:\Lib\site-packages\django\template\base.py", line 513, in parse
    raise self.error(token, e)
  File "D:\Lib\site-packages\django\template\base.py", line 511, in parse
    compiled_result = compile_func(self, token)
                      ^^^^^^^^^^^^^^^^^^^^^^^^^
  File "D:\Lib\site-packages\django\template\loader_tags.py", line 293, in do_extends
    nodelist = parser.parse()
               ^^^^^^^^^^^^^^
  File "D:\Lib\site-packages\django\template\base.py", line 507, in parse
    self.invalid_block_tag(token, command, parse_until)
  File "D:\Lib\site-packages\django\template\base.py", line 568, in invalid_block_tag
    raise self.error(
django.template.exceptions.TemplateSyntaxError: Invalid block tag on line 138: 'endblock'. Did you forget to register or load this tag?
ERROR 2026-01-18 16:15:43,970 basehttp 24436 14556 "GET /accounts/login/?next=/accounts/profile/ HTTP/1.1" 500 183381
WARNING 2026-01-18 16:15:44,408 log 24436 14556 Not Found: /favicon.ico
WARNING 2026-01-18 16:15:44,410 basehttp 24436 14556 "GET /favicon.ico HTTP/1.1" 404 3019
WARNING 2026-01-18 16:31:38,653 log 24436 25692 Not Found: /accounts/
WARNING 2026-01-18 16:31:38,685 basehttp 24436 25692 "GET /accounts/ HTTP/1.1" 404 5812
ERROR 2026-01-18 16:31:57,919 log 24436 30712 Internal Server Error: /accounts/login/
Traceback (most recent call last):
  File "D:\Lib\site-packages\django\template\base.py", line 505, in parse
    compile_func = self.tags[command]
                   ~~~~~~~~~^^^^^^^^^
KeyError: 'endblock'

During handling of the above exception, another exception occurred:

Traceback (most recent call last):
  File "D:\Lib\site-packages\django\core\handlers\exception.py", line 55, in inner
    response = get_response(request)
               ^^^^^^^^^^^^^^^^^^^^^
  File "D:\Lib\site-packages\django\core\handlers\base.py", line 197, in _get_response
    response = wrapped_callback(request, *callback_args, **callback_kwargs)
               ^^^^^^^^^^^^^^^^^^^^^^^^^^^^^^^^^^^^^^^^^^^^^^^^^^^^^^^^^^^^
  File "D:\Lib\contextlib.py", line 81, in inner
    return func(*args, **kwds)
           ^^^^^^^^^^^^^^^^^^^
  File "D:\Lib\site-packages\django\utils\decorators.py", line 134, in _wrapper_view
    response = view_func(request, *args, **kwargs)
               ^^^^^^^^^^^^^^^^^^^^^^^^^^^^^^^^^^^
  File "D:\Lib\site-packages\django\views\decorators\http.py", line 43, in inner
    return func(request, *args, **kwargs)
           ^^^^^^^^^^^^^^^^^^^^^^^^^^^^^^
  File "E:\Resume_Projects\lifedocs\accounts\views.py", line 392, in login_view
    return render(request, 'accounts/login.html')
           ^^^^^^^^^^^^^^^^^^^^^^^^^^^^^^^^^^^^^^
  File "D:\Lib\site-packages\django\shortcuts.py", line 24, in render
    content = loader.render_to_string(template_name, context, request, using=using)
              ^^^^^^^^^^^^^^^^^^^^^^^^^^^^^^^^^^^^^^^^^^^^^^^^^^^^^^^^^^^^^^^^^^^^^
  File "D:\Lib\site-packages\django\template\loader.py", line 61, in render_to_string
    template = get_template(template_name, using=using)
               ^^^^^^^^^^^^^^^^^^^^^^^^^^^^^^^^^^^^^^^^
  File "D:\Lib\site-packages\django\template\loader.py", line 15, in get_template
    return engine.get_template(template_name)
           ^^^^^^^^^^^^^^^^^^^^^^^^^^^^^^^^^^
  File "D:\Lib\site-packages\django\template\backends\django.py", line 33, in get_template
    return Template(self.engine.get_template(template_name), self)
                    ^^^^^^^^^^^^^^^^^^^^^^^^^^^^^^^^^^^^^^^
  File "D:\Lib\site-packages\django\template\engine.py", line 175, in get_template
    template, origin = self.find_template(template_name)
                       ^^^^^^^^^^^^^^^^^^^^^^^^^^^^^^^^^
  File "D:\Lib\site-packages\django\template\engine.py", line 157, in find_template
    template = loader.get_template(name, skip=skip)
               ^^^^^^^^^^^^^^^^^^^^^^^^^^^^^^^^^^^^
  File "D:\Lib\site-packages\django\template\loaders\cached.py", line 57, in get_template
    template = super().get_template(template_name, skip)
               ^^^^^^^^^^^^^^^^^^^^^^^^^^^^^^^^^^^^^^^^^
  File "D:\Lib\site-packages\django\template\loaders\base.py", line 28, in get_template
    return Template(
           ^^^^^^^^^
  File "D:\Lib\site-packages\django\template\base.py", line 154, in __init__
    self.nodelist = self.compile_nodelist()
                    ^^^^^^^^^^^^^^^^^^^^^^^
  File "D:\Lib\site-packages\django\template\base.py", line 200, in compile_nodelist
    return parser.parse()
           ^^^^^^^^^^^^^^
  File "D:\Lib\site-packages\django\template\base.py", line 513, in parse
    raise self.error(token, e)
  File "D:\Lib\site-packages\django\template\base.py", line 511, in parse
    compiled_result = compile_func(self, token)
                      ^^^^^^^^^^^^^^^^^^^^^^^^^
  File "D:\Lib\site-packages\django\template\loader_tags.py", line 293, in do_extends
    nodelist = parser.parse()
               ^^^^^^^^^^^^^^
  File "D:\Lib\site-packages\django\template\base.py", line 507, in parse
    self.invalid_block_tag(token, command, parse_until)
  File "D:\Lib\site-packages\django\template\base.py", line 568, in invalid_block_tag
    raise self.error(
django.template.exceptions.TemplateSyntaxError: Invalid block tag on line 138: 'endblock'. Did you forget to register or load this tag?
ERROR 2026-01-18 16:31:57,931 basehttp 24436 30712 "GET /accounts/login/ HTTP/1.1" 500 182552
ERROR 2026-01-18 17:37:44,582 log 24436 18208 Internal Server Error: /accounts/login/
Traceback (most recent call last):
  File "D:\Lib\site-packages\django\template\base.py", line 505, in parse
    compile_func = self.tags[command]
                   ~~~~~~~~~^^^^^^^^^
KeyError: 'endblock'

During handling of the above exception, another exception occurred:

Traceback (most recent call last):
  File "D:\Lib\site-packages\django\core\handlers\exception.py", line 55, in inner
    response = get_response(request)
               ^^^^^^^^^^^^^^^^^^^^^
  File "D:\Lib\site-packages\django\core\handlers\base.py", line 197, in _get_response
    response = wrapped_callback(request, *callback_args, **callback_kwargs)
               ^^^^^^^^^^^^^^^^^^^^^^^^^^^^^^^^^^^^^^^^^^^^^^^^^^^^^^^^^^^^
  File "D:\Lib\contextlib.py", line 81, in inner
    return func(*args, **kwds)
           ^^^^^^^^^^^^^^^^^^^
  File "D:\Lib\site-packages\django\utils\decorators.py", line 134, in _wrapper_view
    response = view_func(request, *args, **kwargs)
               ^^^^^^^^^^^^^^^^^^^^^^^^^^^^^^^^^^^
  File "D:\Lib\site-packages\django\views\decorators\http.py", line 43, in inner
    return func(request, *args, **kwargs)
           ^^^^^^^^^^^^^^^^^^^^^^^^^^^^^^
  File "E:\Resume_Projects\lifedocs\accounts\views.py", line 392, in login_view
    return render(request, 'accounts/login.html')
           ^^^^^^^^^^^^^^^^^^^^^^^^^^^^^^^^^^^^^^
  File "D:\Lib\site-packages\django\shortcuts.py", line 24, in render
    content = loader.render_to_string(template_name, context, request, using=using)
              ^^^^^^^^^^^^^^^^^^^^^^^^^^^^^^^^^^^^^^^^^^^^^^^^^^^^^^^^^^^^^^^^^^^^^
  File "D:\Lib\site-packages\django\template\loader.py", line 61, in render_to_string
    template = get_template(template_name, using=using)
               ^^^^^^^^^^^^^^^^^^^^^^^^^^^^^^^^^^^^^^^^
  File "D:\Lib\site-packages\django\template\loader.py", line 15, in get_template
    return engine.get_template(template_name)
           ^^^^^^^^^^^^^^^^^^^^^^^^^^^^^^^^^^
  File "D:\Lib\site-packages\django\template\backends\django.py", line 33, in get_template
    return Template(self.engine.get_template(template_name), self)
                    ^^^^^^^^^^^^^^^^^^^^^^^^^^^^^^^^^^^^^^^
  File "D:\Lib\site-packages\django\template\engine.py", line 175, in get_template
    template, origin = self.find_template(template_name)
                       ^^^^^^^^^^^^^^^^^^^^^^^^^^^^^^^^^
  File "D:\Lib\site-packages\django\template\engine.py", line 157, in find_template
    template = loader.get_template(name, skip=skip)
               ^^^^^^^^^^^^^^^^^^^^^^^^^^^^^^^^^^^^
  File "D:\Lib\site-packages\django\template\loaders\cached.py", line 57, in get_template
    template = super().get_template(template_name, skip)
               ^^^^^^^^^^^^^^^^^^^^^^^^^^^^^^^^^^^^^^^^^
  File "D:\Lib\site-packages\django\template\loaders\base.py", line 28, in get_template
    return Template(
           ^^^^^^^^^
  File "D:\Lib\site-packages\django\template\base.py", line 154, in __init__
    self.nodelist = self.compile_nodelist()
                    ^^^^^^^^^^^^^^^^^^^^^^^
  File "D:\Lib\site-packages\django\template\base.py", line 200, in compile_nodelist
    return parser.parse()
           ^^^^^^^^^^^^^^
  File "D:\Lib\site-packages\django\template\base.py", line 513, in parse
    raise self.error(token, e)
  File "D:\Lib\site-packages\django\template\base.py", line 511, in parse
    compiled_result = compile_func(self, token)
                      ^^^^^^^^^^^^^^^^^^^^^^^^^
  File "D:\Lib\site-packages\django\template\loader_tags.py", line 293, in do_extends
    nodelist = parser.parse()
               ^^^^^^^^^^^^^^
  File "D:\Lib\site-packages\django\template\base.py", line 507, in parse
    self.invalid_block_tag(token, command, parse_until)
  File "D:\Lib\site-packages\django\template\base.py", line 568, in invalid_block_tag
    raise self.error(
django.template.exceptions.TemplateSyntaxError: Invalid block tag on line 138: 'endblock'. Did you forget to register or load this tag?
ERROR 2026-01-18 17:38:06,643 log 24436 27584 Internal Server Error: /accounts/login/
Traceback (most recent call last):
  File "D:\Lib\site-packages\django\template\base.py", line 505, in parse
    compile_func = self.tags[command]
                   ~~~~~~~~~^^^^^^^^^
KeyError: 'endblock'

During handling of the above exception, another exception occurred:

Traceback (most recent call last):
  File "D:\Lib\site-packages\django\core\handlers\exception.py", line 55, in inner
    response = get_response(request)
               ^^^^^^^^^^^^^^^^^^^^^
  File "D:\Lib\site-packages\django\core\handlers\base.py", line 197, in _get_response
    response = wrapped_callback(request, *callback_args, **callback_kwargs)
               ^^^^^^^^^^^^^^^^^^^^^^^^^^^^^^^^^^^^^^^^^^^^^^^^^^^^^^^^^^^^
  File "D:\Lib\contextlib.py", line 81, in inner
    return func(*args, **kwds)
           ^^^^^^^^^^^^^^^^^^^
  File "D:\Lib\site-packages\django\utils\decorators.py", line 134, in _wrapper_view
    response = view_func(request, *args, **kwargs)
               ^^^^^^^^^^^^^^^^^^^^^^^^^^^^^^^^^^^
  File "D:\Lib\site-packages\django\views\decorators\http.py", line 43, in inner
    return func(request, *args, **kwargs)
           ^^^^^^^^^^^^^^^^^^^^^^^^^^^^^^
  File "E:\Resume_Projects\lifedocs\accounts\views.py", line 392, in login_view
    return render(request, 'accounts/login.html')
           ^^^^^^^^^^^^^^^^^^^^^^^^^^^^^^^^^^^^^^
  File "D:\Lib\site-packages\django\shortcuts.py", line 24, in render
    content = loader.render_to_string(template_name, context, request, using=using)
              ^^^^^^^^^^^^^^^^^^^^^^^^^^^^^^^^^^^^^^^^^^^^^^^^^^^^^^^^^^^^^^^^^^^^^
  File "D:\Lib\site-packages\django\template\loader.py", line 61, in render_to_string
    template = get_template(template_name, using=using)
               ^^^^^^^^^^^^^^^^^^^^^^^^^^^^^^^^^^^^^^^^
  File "D:\Lib\site-packages\django\template\loader.py", line 15, in get_template
    return engine.get_template(template_name)
           ^^^^^^^^^^^^^^^^^^^^^^^^^^^^^^^^^^
  File "D:\Lib\site-packages\django\template\backends\django.py", line 33, in get_template
    return Template(self.engine.get_template(template_name), self)
                    ^^^^^^^^^^^^^^^^^^^^^^^^^^^^^^^^^^^^^^^
  File "D:\Lib\site-packages\django\template\engine.py", line 175, in get_template
    template, origin = self.find_template(template_name)
                       ^^^^^^^^^^^^^^^^^^^^^^^^^^^^^^^^^
  File "D:\Lib\site-packages\django\template\engine.py", line 157, in find_template
    template = loader.get_template(name, skip=skip)
               ^^^^^^^^^^^^^^^^^^^^^^^^^^^^^^^^^^^^
  File "D:\Lib\site-packages\django\template\loaders\cached.py", line 57, in get_template
    template = super().get_template(template_name, skip)
               ^^^^^^^^^^^^^^^^^^^^^^^^^^^^^^^^^^^^^^^^^
  File "D:\Lib\site-packages\django\template\loaders\base.py", line 28, in get_template
    return Template(
           ^^^^^^^^^
  File "D:\Lib\site-packages\django\template\base.py", line 154, in __init__
    self.nodelist = self.compile_nodelist()
                    ^^^^^^^^^^^^^^^^^^^^^^^
  File "D:\Lib\site-packages\django\template\base.py", line 200, in compile_nodelist
    return parser.parse()
           ^^^^^^^^^^^^^^
  File "D:\Lib\site-packages\django\template\base.py", line 513, in parse
    raise self.error(token, e)
  File "D:\Lib\site-packages\django\template\base.py", line 511, in parse
    compiled_result = compile_func(self, token)
                      ^^^^^^^^^^^^^^^^^^^^^^^^^
  File "D:\Lib\site-packages\django\template\loader_tags.py", line 293, in do_extends
    nodelist = parser.parse()
               ^^^^^^^^^^^^^^
  File "D:\Lib\site-packages\django\template\base.py", line 507, in parse
    self.invalid_block_tag(token, command, parse_until)
  File "D:\Lib\site-packages\django\template\base.py", line 568, in invalid_block_tag
    raise self.error(
django.template.exceptions.TemplateSyntaxError: Invalid block tag on line 138: 'endblock'. Did you forget to register or load this tag?
ERROR 2026-01-18 17:38:06,723 basehttp 24436 27584 "GET /accounts/login/ HTTP/1.1" 500 181978
WARNING 2026-01-18 17:38:07,103 log 24436 27584 Not Found: /favicon.ico
WARNING 2026-01-18 17:38:07,105 basehttp 24436 27584 "GET /favicon.ico HTTP/1.1" 404 3019
ERROR 2026-01-18 17:40:50,780 log 24436 16012 Internal Server Error: /accounts/login/
Traceback (most recent call last):
  File "D:\Lib\site-packages\django\template\base.py", line 505, in parse
    compile_func = self.tags[command]
                   ~~~~~~~~~^^^^^^^^^
KeyError: 'endblock'

During handling of the above exception, another exception occurred:

Traceback (most recent call last):
  File "D:\Lib\site-packages\django\core\handlers\exception.py", line 55, in inner
    response = get_response(request)
               ^^^^^^^^^^^^^^^^^^^^^
  File "D:\Lib\site-packages\django\core\handlers\base.py", line 197, in _get_response
    response = wrapped_callback(request, *callback_args, **callback_kwargs)
               ^^^^^^^^^^^^^^^^^^^^^^^^^^^^^^^^^^^^^^^^^^^^^^^^^^^^^^^^^^^^
  File "D:\Lib\contextlib.py", line 81, in inner
    return func(*args, **kwds)
           ^^^^^^^^^^^^^^^^^^^
  File "D:\Lib\site-packages\django\utils\decorators.py", line 134, in _wrapper_view
    response = view_func(request, *args, **kwargs)
               ^^^^^^^^^^^^^^^^^^^^^^^^^^^^^^^^^^^
  File "D:\Lib\site-packages\django\views\decorators\http.py", line 43, in inner
    return func(request, *args, **kwargs)
           ^^^^^^^^^^^^^^^^^^^^^^^^^^^^^^
  File "E:\Resume_Projects\lifedocs\accounts\views.py", line 392, in login_view
    return render(request, 'accounts/login.html')
           ^^^^^^^^^^^^^^^^^^^^^^^^^^^^^^^^^^^^^^
  File "D:\Lib\site-packages\django\shortcuts.py", line 24, in render
    content = loader.render_to_string(template_name, context, request, using=using)
              ^^^^^^^^^^^^^^^^^^^^^^^^^^^^^^^^^^^^^^^^^^^^^^^^^^^^^^^^^^^^^^^^^^^^^
  File "D:\Lib\site-packages\django\template\loader.py", line 61, in render_to_string
    template = get_template(template_name, using=using)
               ^^^^^^^^^^^^^^^^^^^^^^^^^^^^^^^^^^^^^^^^
  File "D:\Lib\site-packages\django\template\loader.py", line 15, in get_template
    return engine.get_template(template_name)
           ^^^^^^^^^^^^^^^^^^^^^^^^^^^^^^^^^^
  File "D:\Lib\site-packages\django\template\backends\django.py", line 33, in get_template
    return Template(self.engine.get_template(template_name), self)
                    ^^^^^^^^^^^^^^^^^^^^^^^^^^^^^^^^^^^^^^^
  File "D:\Lib\site-packages\django\template\engine.py", line 175, in get_template
    template, origin = self.find_template(template_name)
                       ^^^^^^^^^^^^^^^^^^^^^^^^^^^^^^^^^
  File "D:\Lib\site-packages\django\template\engine.py", line 157, in find_template
    template = loader.get_template(name, skip=skip)
               ^^^^^^^^^^^^^^^^^^^^^^^^^^^^^^^^^^^^
  File "D:\Lib\site-packages\django\template\loaders\cached.py", line 57, in get_template
    template = super().get_template(template_name, skip)
               ^^^^^^^^^^^^^^^^^^^^^^^^^^^^^^^^^^^^^^^^^
  File "D:\Lib\site-packages\django\template\loaders\base.py", line 28, in get_template
    return Template(
           ^^^^^^^^^
  File "D:\Lib\site-packages\django\template\base.py", line 154, in __init__
    self.nodelist = self.compile_nodelist()
                    ^^^^^^^^^^^^^^^^^^^^^^^
  File "D:\Lib\site-packages\django\template\base.py", line 200, in compile_nodelist
    return parser.parse()
           ^^^^^^^^^^^^^^
  File "D:\Lib\site-packages\django\template\base.py", line 513, in parse
    raise self.error(token, e)
  File "D:\Lib\site-packages\django\template\base.py", line 511, in parse
    compiled_result = compile_func(self, token)
                      ^^^^^^^^^^^^^^^^^^^^^^^^^
  File "D:\Lib\site-packages\django\template\loader_tags.py", line 293, in do_extends
    nodelist = parser.parse()
               ^^^^^^^^^^^^^^
  File "D:\Lib\site-packages\django\template\base.py", line 507, in parse
    self.invalid_block_tag(token, command, parse_until)
  File "D:\Lib\site-packages\django\template\base.py", line 568, in invalid_block_tag
    raise self.error(
django.template.exceptions.TemplateSyntaxError: Invalid block tag on line 138: 'endblock'. Did you forget to register or load this tag?
ERROR 2026-01-18 17:40:50,934 basehttp 24436 16012 "GET /accounts/login/ HTTP/1.1" 500 182817
WARNING 2026-01-18 17:40:51,651 log 24436 16012 Not Found: /favicon.ico
WARNING 2026-01-18 17:40:51,660 basehttp 24436 16012 "GET /favicon.ico HTTP/1.1" 404 3019
ERROR 2026-01-18 17:41:31,305 log 24436 17680 Internal Server Error: /accounts/login/
Traceback (most recent call last):
  File "D:\Lib\site-packages\django\template\base.py", line 505, in parse
    compile_func = self.tags[command]
                   ~~~~~~~~~^^^^^^^^^
KeyError: 'endblock'

During handling of the above exception, another exception occurred:

Traceback (most recent call last):
  File "D:\Lib\site-packages\django\core\handlers\exception.py", line 55, in inner
    response = get_response(request)
               ^^^^^^^^^^^^^^^^^^^^^
  File "D:\Lib\site-packages\django\core\handlers\base.py", line 197, in _get_response
    response = wrapped_callback(request, *callback_args, **callback_kwargs)
               ^^^^^^^^^^^^^^^^^^^^^^^^^^^^^^^^^^^^^^^^^^^^^^^^^^^^^^^^^^^^
  File "D:\Lib\contextlib.py", line 81, in inner
    return func(*args, **kwds)
           ^^^^^^^^^^^^^^^^^^^
  File "D:\Lib\site-packages\django\utils\decorators.py", line 134, in _wrapper_view
    response = view_func(request, *args, **kwargs)
               ^^^^^^^^^^^^^^^^^^^^^^^^^^^^^^^^^^^
  File "D:\Lib\site-packages\django\views\decorators\http.py", line 43, in inner
    return func(request, *args, **kwargs)
           ^^^^^^^^^^^^^^^^^^^^^^^^^^^^^^
  File "E:\Resume_Projects\lifedocs\accounts\views.py", line 392, in login_view
    return render(request, 'accounts/login.html')
           ^^^^^^^^^^^^^^^^^^^^^^^^^^^^^^^^^^^^^^
  File "D:\Lib\site-packages\django\shortcuts.py", line 24, in render
    content = loader.render_to_string(template_name, context, request, using=using)
              ^^^^^^^^^^^^^^^^^^^^^^^^^^^^^^^^^^^^^^^^^^^^^^^^^^^^^^^^^^^^^^^^^^^^^
  File "D:\Lib\site-packages\django\template\loader.py", line 61, in render_to_string
    template = get_template(template_name, using=using)
               ^^^^^^^^^^^^^^^^^^^^^^^^^^^^^^^^^^^^^^^^
  File "D:\Lib\site-packages\django\template\loader.py", line 15, in get_template
    return engine.get_template(template_name)
           ^^^^^^^^^^^^^^^^^^^^^^^^^^^^^^^^^^
  File "D:\Lib\site-packages\django\template\backends\django.py", line 33, in get_template
    return Template(self.engine.get_template(template_name), self)
                    ^^^^^^^^^^^^^^^^^^^^^^^^^^^^^^^^^^^^^^^
  File "D:\Lib\site-packages\django\template\engine.py", line 175, in get_template
    template, origin = self.find_template(template_name)
                       ^^^^^^^^^^^^^^^^^^^^^^^^^^^^^^^^^
  File "D:\Lib\site-packages\django\template\engine.py", line 157, in find_template
    template = loader.get_template(name, skip=skip)
               ^^^^^^^^^^^^^^^^^^^^^^^^^^^^^^^^^^^^
  File "D:\Lib\site-packages\django\template\loaders\cached.py", line 57, in get_template
    template = super().get_template(template_name, skip)
               ^^^^^^^^^^^^^^^^^^^^^^^^^^^^^^^^^^^^^^^^^
  File "D:\Lib\site-packages\django\template\loaders\base.py", line 28, in get_template
    return Template(
           ^^^^^^^^^
  File "D:\Lib\site-packages\django\template\base.py", line 154, in __init__
    self.nodelist = self.compile_nodelist()
                    ^^^^^^^^^^^^^^^^^^^^^^^
  File "D:\Lib\site-packages\django\template\base.py", line 200, in compile_nodelist
    return parser.parse()
           ^^^^^^^^^^^^^^
  File "D:\Lib\site-packages\django\template\base.py", line 513, in parse
    raise self.error(token, e)
  File "D:\Lib\site-packages\django\template\base.py", line 511, in parse
    compiled_result = compile_func(self, token)
                      ^^^^^^^^^^^^^^^^^^^^^^^^^
  File "D:\Lib\site-packages\django\template\loader_tags.py", line 293, in do_extends
    nodelist = parser.parse()
               ^^^^^^^^^^^^^^
  File "D:\Lib\site-packages\django\template\base.py", line 507, in parse
    self.invalid_block_tag(token, command, parse_until)
  File "D:\Lib\site-packages\django\template\base.py", line 568, in invalid_block_tag
    raise self.error(
django.template.exceptions.TemplateSyntaxError: Invalid block tag on line 138: 'endblock'. Did you forget to register or load this tag?
ERROR 2026-01-18 17:41:31,316 basehttp 24436 17680 "GET /accounts/login/ HTTP/1.1" 500 182817
WARNING 2026-01-18 17:41:31,499 log 24436 17680 Not Found: /favicon.ico
WARNING 2026-01-18 17:41:31,505 basehttp 24436 17680 "GET /favicon.ico HTTP/1.1" 404 3019
ERROR 2026-01-18 17:41:34,529 log 24436 24284 Internal Server Error: /accounts/login/
Traceback (most recent call last):
  File "D:\Lib\site-packages\django\template\base.py", line 505, in parse
    compile_func = self.tags[command]
                   ~~~~~~~~~^^^^^^^^^
KeyError: 'endblock'

During handling of the above exception, another exception occurred:

Traceback (most recent call last):
  File "D:\Lib\site-packages\django\core\handlers\exception.py", line 55, in inner
    response = get_response(request)
               ^^^^^^^^^^^^^^^^^^^^^
  File "D:\Lib\site-packages\django\core\handlers\base.py", line 197, in _get_response
    response = wrapped_callback(request, *callback_args, **callback_kwargs)
               ^^^^^^^^^^^^^^^^^^^^^^^^^^^^^^^^^^^^^^^^^^^^^^^^^^^^^^^^^^^^
  File "D:\Lib\contextlib.py", line 81, in inner
    return func(*args, **kwds)
           ^^^^^^^^^^^^^^^^^^^
  File "D:\Lib\site-packages\django\utils\decorators.py", line 134, in _wrapper_view
    response = view_func(request, *args, **kwargs)
               ^^^^^^^^^^^^^^^^^^^^^^^^^^^^^^^^^^^
  File "D:\Lib\site-packages\django\views\decorators\http.py", line 43, in inner
    return func(request, *args, **kwargs)
           ^^^^^^^^^^^^^^^^^^^^^^^^^^^^^^
  File "E:\Resume_Projects\lifedocs\accounts\views.py", line 392, in login_view
    return render(request, 'accounts/login.html')
           ^^^^^^^^^^^^^^^^^^^^^^^^^^^^^^^^^^^^^^
  File "D:\Lib\site-packages\django\shortcuts.py", line 24, in render
    content = loader.render_to_string(template_name, context, request, using=using)
              ^^^^^^^^^^^^^^^^^^^^^^^^^^^^^^^^^^^^^^^^^^^^^^^^^^^^^^^^^^^^^^^^^^^^^
  File "D:\Lib\site-packages\django\template\loader.py", line 61, in render_to_string
    template = get_template(template_name, using=using)
               ^^^^^^^^^^^^^^^^^^^^^^^^^^^^^^^^^^^^^^^^
  File "D:\Lib\site-packages\django\template\loader.py", line 15, in get_template
    return engine.get_template(template_name)
           ^^^^^^^^^^^^^^^^^^^^^^^^^^^^^^^^^^
  File "D:\Lib\site-packages\django\template\backends\django.py", line 33, in get_template
    return Template(self.engine.get_template(template_name), self)
                    ^^^^^^^^^^^^^^^^^^^^^^^^^^^^^^^^^^^^^^^
  File "D:\Lib\site-packages\django\template\engine.py", line 175, in get_template
    template, origin = self.find_template(template_name)
                       ^^^^^^^^^^^^^^^^^^^^^^^^^^^^^^^^^
  File "D:\Lib\site-packages\django\template\engine.py", line 157, in find_template
    template = loader.get_template(name, skip=skip)
               ^^^^^^^^^^^^^^^^^^^^^^^^^^^^^^^^^^^^
  File "D:\Lib\site-packages\django\template\loaders\cached.py", line 57, in get_template
    template = super().get_template(template_name, skip)
               ^^^^^^^^^^^^^^^^^^^^^^^^^^^^^^^^^^^^^^^^^
  File "D:\Lib\site-packages\django\template\loaders\base.py", line 28, in get_template
    return Template(
           ^^^^^^^^^
  File "D:\Lib\site-packages\django\template\base.py", line 154, in __init__
    self.nodelist = self.compile_nodelist()
                    ^^^^^^^^^^^^^^^^^^^^^^^
  File "D:\Lib\site-packages\django\template\base.py", line 200, in compile_nodelist
    return parser.parse()
           ^^^^^^^^^^^^^^
  File "D:\Lib\site-packages\django\template\base.py", line 513, in parse
    raise self.error(token, e)
  File "D:\Lib\site-packages\django\template\base.py", line 511, in parse
    compiled_result = compile_func(self, token)
                      ^^^^^^^^^^^^^^^^^^^^^^^^^
  File "D:\Lib\site-packages\django\template\loader_tags.py", line 293, in do_extends
    nodelist = parser.parse()
               ^^^^^^^^^^^^^^
  File "D:\Lib\site-packages\django\template\base.py", line 507, in parse
    self.invalid_block_tag(token, command, parse_until)
  File "D:\Lib\site-packages\django\template\base.py", line 568, in invalid_block_tag
    raise self.error(
django.template.exceptions.TemplateSyntaxError: Invalid block tag on line 138: 'endblock'. Did you forget to register or load this tag?
ERROR 2026-01-18 17:41:34,540 basehttp 24436 24284 "GET /accounts/login/ HTTP/1.1" 500 182689
ERROR 2026-01-18 17:41:35,879 log 24436 24284 Internal Server Error: /accounts/login/
Traceback (most recent call last):
  File "D:\Lib\site-packages\django\template\base.py", line 505, in parse
    compile_func = self.tags[command]
                   ~~~~~~~~~^^^^^^^^^
KeyError: 'endblock'

During handling of the above exception, another exception occurred:

Traceback (most recent call last):
  File "D:\Lib\site-packages\django\core\handlers\exception.py", line 55, in inner
    response = get_response(request)
               ^^^^^^^^^^^^^^^^^^^^^
  File "D:\Lib\site-packages\django\core\handlers\base.py", line 197, in _get_response
    response = wrapped_callback(request, *callback_args, **callback_kwargs)
               ^^^^^^^^^^^^^^^^^^^^^^^^^^^^^^^^^^^^^^^^^^^^^^^^^^^^^^^^^^^^
  File "D:\Lib\contextlib.py", line 81, in inner
    return func(*args, **kwds)
           ^^^^^^^^^^^^^^^^^^^
  File "D:\Lib\site-packages\django\utils\decorators.py", line 134, in _wrapper_view
    response = view_func(request, *args, **kwargs)
               ^^^^^^^^^^^^^^^^^^^^^^^^^^^^^^^^^^^
  File "D:\Lib\site-packages\django\views\decorators\http.py", line 43, in inner
    return func(request, *args, **kwargs)
           ^^^^^^^^^^^^^^^^^^^^^^^^^^^^^^
  File "E:\Resume_Projects\lifedocs\accounts\views.py", line 392, in login_view
    return render(request, 'accounts/login.html')
           ^^^^^^^^^^^^^^^^^^^^^^^^^^^^^^^^^^^^^^
  File "D:\Lib\site-packages\django\shortcuts.py", line 24, in render
    content = loader.render_to_string(template_name, context, request, using=using)
              ^^^^^^^^^^^^^^^^^^^^^^^^^^^^^^^^^^^^^^^^^^^^^^^^^^^^^^^^^^^^^^^^^^^^^
  File "D:\Lib\site-packages\django\template\loader.py", line 61, in render_to_string
    template = get_template(template_name, using=using)
               ^^^^^^^^^^^^^^^^^^^^^^^^^^^^^^^^^^^^^^^^
  File "D:\Lib\site-packages\django\template\loader.py", line 15, in get_template
    return engine.get_template(template_name)
           ^^^^^^^^^^^^^^^^^^^^^^^^^^^^^^^^^^
  File "D:\Lib\site-packages\django\template\backends\django.py", line 33, in get_template
    return Template(self.engine.get_template(template_name), self)
                    ^^^^^^^^^^^^^^^^^^^^^^^^^^^^^^^^^^^^^^^
  File "D:\Lib\site-packages\django\template\engine.py", line 175, in get_template
    template, origin = self.find_template(template_name)
                       ^^^^^^^^^^^^^^^^^^^^^^^^^^^^^^^^^
  File "D:\Lib\site-packages\django\template\engine.py", line 157, in find_template
    template = loader.get_template(name, skip=skip)
               ^^^^^^^^^^^^^^^^^^^^^^^^^^^^^^^^^^^^
  File "D:\Lib\site-packages\django\template\loaders\cached.py", line 57, in get_template
    template = super().get_template(template_name, skip)
               ^^^^^^^^^^^^^^^^^^^^^^^^^^^^^^^^^^^^^^^^^
  File "D:\Lib\site-packages\django\template\loaders\base.py", line 28, in get_template
    return Template(
           ^^^^^^^^^
  File "D:\Lib\site-packages\django\template\base.py", line 154, in __init__
    self.nodelist = self.compile_nodelist()
                    ^^^^^^^^^^^^^^^^^^^^^^^
  File "D:\Lib\site-packages\django\template\base.py", line 200, in compile_nodelist
    return parser.parse()
           ^^^^^^^^^^^^^^
  File "D:\Lib\site-packages\django\template\base.py", line 513, in parse
    raise self.error(token, e)
  File "D:\Lib\site-packages\django\template\base.py", line 511, in parse
    compiled_result = compile_func(self, token)
                      ^^^^^^^^^^^^^^^^^^^^^^^^^
  File "D:\Lib\site-packages\django\template\loader_tags.py", line 293, in do_extends
    nodelist = parser.parse()
               ^^^^^^^^^^^^^^
  File "D:\Lib\site-packages\django\template\base.py", line 507, in parse
    self.invalid_block_tag(token, command, parse_until)
  File "D:\Lib\site-packages\django\template\base.py", line 568, in invalid_block_tag
    raise self.error(
django.template.exceptions.TemplateSyntaxError: Invalid block tag on line 138: 'endblock'. Did you forget to register or load this tag?
ERROR 2026-01-18 17:41:35,897 basehttp 24436 24284 "GET /accounts/login/ HTTP/1.1" 500 182689
ERROR 2026-01-18 17:41:37,770 log 24436 24284 Internal Server Error: /accounts/login/
Traceback (most recent call last):
  File "D:\Lib\site-packages\django\template\base.py", line 505, in parse
    compile_func = self.tags[command]
                   ~~~~~~~~~^^^^^^^^^
KeyError: 'endblock'

During handling of the above exception, another exception occurred:

Traceback (most recent call last):
  File "D:\Lib\site-packages\django\core\handlers\exception.py", line 55, in inner
    response = get_response(request)
               ^^^^^^^^^^^^^^^^^^^^^
  File "D:\Lib\site-packages\django\core\handlers\base.py", line 197, in _get_response
    response = wrapped_callback(request, *callback_args, **callback_kwargs)
               ^^^^^^^^^^^^^^^^^^^^^^^^^^^^^^^^^^^^^^^^^^^^^^^^^^^^^^^^^^^^
  File "D:\Lib\contextlib.py", line 81, in inner
    return func(*args, **kwds)
           ^^^^^^^^^^^^^^^^^^^
  File "D:\Lib\site-packages\django\utils\decorators.py", line 134, in _wrapper_view
    response = view_func(request, *args, **kwargs)
               ^^^^^^^^^^^^^^^^^^^^^^^^^^^^^^^^^^^
  File "D:\Lib\site-packages\django\views\decorators\http.py", line 43, in inner
    return func(request, *args, **kwargs)
           ^^^^^^^^^^^^^^^^^^^^^^^^^^^^^^
  File "E:\Resume_Projects\lifedocs\accounts\views.py", line 392, in login_view
    return render(request, 'accounts/login.html')
           ^^^^^^^^^^^^^^^^^^^^^^^^^^^^^^^^^^^^^^
  File "D:\Lib\site-packages\django\shortcuts.py", line 24, in render
    content = loader.render_to_string(template_name, context, request, using=using)
              ^^^^^^^^^^^^^^^^^^^^^^^^^^^^^^^^^^^^^^^^^^^^^^^^^^^^^^^^^^^^^^^^^^^^^
  File "D:\Lib\site-packages\django\template\loader.py", line 61, in render_to_string
    template = get_template(template_name, using=using)
               ^^^^^^^^^^^^^^^^^^^^^^^^^^^^^^^^^^^^^^^^
  File "D:\Lib\site-packages\django\template\loader.py", line 15, in get_template
    return engine.get_template(template_name)
           ^^^^^^^^^^^^^^^^^^^^^^^^^^^^^^^^^^
  File "D:\Lib\site-packages\django\template\backends\django.py", line 33, in get_template
    return Template(self.engine.get_template(template_name), self)
                    ^^^^^^^^^^^^^^^^^^^^^^^^^^^^^^^^^^^^^^^
  File "D:\Lib\site-packages\django\template\engine.py", line 175, in get_template
    template, origin = self.find_template(template_name)
                       ^^^^^^^^^^^^^^^^^^^^^^^^^^^^^^^^^
  File "D:\Lib\site-packages\django\template\engine.py", line 157, in find_template
    template = loader.get_template(name, skip=skip)
               ^^^^^^^^^^^^^^^^^^^^^^^^^^^^^^^^^^^^
  File "D:\Lib\site-packages\django\template\loaders\cached.py", line 57, in get_template
    template = super().get_template(template_name, skip)
               ^^^^^^^^^^^^^^^^^^^^^^^^^^^^^^^^^^^^^^^^^
  File "D:\Lib\site-packages\django\template\loaders\base.py", line 28, in get_template
    return Template(
           ^^^^^^^^^
  File "D:\Lib\site-packages\django\template\base.py", line 154, in __init__
    self.nodelist = self.compile_nodelist()
                    ^^^^^^^^^^^^^^^^^^^^^^^
  File "D:\Lib\site-packages\django\template\base.py", line 200, in compile_nodelist
    return parser.parse()
           ^^^^^^^^^^^^^^
  File "D:\Lib\site-packages\django\template\base.py", line 513, in parse
    raise self.error(token, e)
  File "D:\Lib\site-packages\django\template\base.py", line 511, in parse
    compiled_result = compile_func(self, token)
                      ^^^^^^^^^^^^^^^^^^^^^^^^^
  File "D:\Lib\site-packages\django\template\loader_tags.py", line 293, in do_extends
    nodelist = parser.parse()
               ^^^^^^^^^^^^^^
  File "D:\Lib\site-packages\django\template\base.py", line 507, in parse
    self.invalid_block_tag(token, command, parse_until)
  File "D:\Lib\site-packages\django\template\base.py", line 568, in invalid_block_tag
    raise self.error(
django.template.exceptions.TemplateSyntaxError: Invalid block tag on line 138: 'endblock'. Did you forget to register or load this tag?
ERROR 2026-01-18 17:41:37,795 basehttp 24436 24284 "GET /accounts/login/ HTTP/1.1" 500 182817
WARNING 2026-01-18 17:41:37,977 log 24436 24284 Not Found: /favicon.ico
WARNING 2026-01-18 17:41:37,981 basehttp 24436 24284 "GET /favicon.ico HTTP/1.1" 404 3019
ERROR 2026-01-18 17:41:39,186 log 24436 24284 Internal Server Error: /accounts/login/
Traceback (most recent call last):
  File "D:\Lib\site-packages\django\template\base.py", line 505, in parse
    compile_func = self.tags[command]
                   ~~~~~~~~~^^^^^^^^^
KeyError: 'endblock'

During handling of the above exception, another exception occurred:

Traceback (most recent call last):
  File "D:\Lib\site-packages\django\core\handlers\exception.py", line 55, in inner
    response = get_response(request)
               ^^^^^^^^^^^^^^^^^^^^^
  File "D:\Lib\site-packages\django\core\handlers\base.py", line 197, in _get_response
    response = wrapped_callback(request, *callback_args, **callback_kwargs)
               ^^^^^^^^^^^^^^^^^^^^^^^^^^^^^^^^^^^^^^^^^^^^^^^^^^^^^^^^^^^^
  File "D:\Lib\contextlib.py", line 81, in inner
    return func(*args, **kwds)
           ^^^^^^^^^^^^^^^^^^^
  File "D:\Lib\site-packages\django\utils\decorators.py", line 134, in _wrapper_view
    response = view_func(request, *args, **kwargs)
               ^^^^^^^^^^^^^^^^^^^^^^^^^^^^^^^^^^^
  File "D:\Lib\site-packages\django\views\decorators\http.py", line 43, in inner
    return func(request, *args, **kwargs)
           ^^^^^^^^^^^^^^^^^^^^^^^^^^^^^^
  File "E:\Resume_Projects\lifedocs\accounts\views.py", line 392, in login_view
    return render(request, 'accounts/login.html')
           ^^^^^^^^^^^^^^^^^^^^^^^^^^^^^^^^^^^^^^
  File "D:\Lib\site-packages\django\shortcuts.py", line 24, in render
    content = loader.render_to_string(template_name, context, request, using=using)
              ^^^^^^^^^^^^^^^^^^^^^^^^^^^^^^^^^^^^^^^^^^^^^^^^^^^^^^^^^^^^^^^^^^^^^
  File "D:\Lib\site-packages\django\template\loader.py", line 61, in render_to_string
    template = get_template(template_name, using=using)
               ^^^^^^^^^^^^^^^^^^^^^^^^^^^^^^^^^^^^^^^^
  File "D:\Lib\site-packages\django\template\loader.py", line 15, in get_template
    return engine.get_template(template_name)
           ^^^^^^^^^^^^^^^^^^^^^^^^^^^^^^^^^^
  File "D:\Lib\site-packages\django\template\backends\django.py", line 33, in get_template
    return Template(self.engine.get_template(template_name), self)
                    ^^^^^^^^^^^^^^^^^^^^^^^^^^^^^^^^^^^^^^^
  File "D:\Lib\site-packages\django\template\engine.py", line 175, in get_template
    template, origin = self.find_template(template_name)
                       ^^^^^^^^^^^^^^^^^^^^^^^^^^^^^^^^^
  File "D:\Lib\site-packages\django\template\engine.py", line 157, in find_template
    template = loader.get_template(name, skip=skip)
               ^^^^^^^^^^^^^^^^^^^^^^^^^^^^^^^^^^^^
  File "D:\Lib\site-packages\django\template\loaders\cached.py", line 57, in get_template
    template = super().get_template(template_name, skip)
               ^^^^^^^^^^^^^^^^^^^^^^^^^^^^^^^^^^^^^^^^^
  File "D:\Lib\site-packages\django\template\loaders\base.py", line 28, in get_template
    return Template(
           ^^^^^^^^^
  File "D:\Lib\site-packages\django\template\base.py", line 154, in __init__
    self.nodelist = self.compile_nodelist()
                    ^^^^^^^^^^^^^^^^^^^^^^^
  File "D:\Lib\site-packages\django\template\base.py", line 200, in compile_nodelist
    return parser.parse()
           ^^^^^^^^^^^^^^
  File "D:\Lib\site-packages\django\template\base.py", line 513, in parse
    raise self.error(token, e)
  File "D:\Lib\site-packages\django\template\base.py", line 511, in parse
    compiled_result = compile_func(self, token)
                      ^^^^^^^^^^^^^^^^^^^^^^^^^
  File "D:\Lib\site-packages\django\template\loader_tags.py", line 293, in do_extends
    nodelist = parser.parse()
               ^^^^^^^^^^^^^^
  File "D:\Lib\site-packages\django\template\base.py", line 507, in parse
    self.invalid_block_tag(token, command, parse_until)
  File "D:\Lib\site-packages\django\template\base.py", line 568, in invalid_block_tag
    raise self.error(
django.template.exceptions.TemplateSyntaxError: Invalid block tag on line 138: 'endblock'. Did you forget to register or load this tag?
ERROR 2026-01-18 17:41:39,419 log 24436 18224 Internal Server Error: /accounts/login/
Traceback (most recent call last):
  File "D:\Lib\site-packages\django\template\base.py", line 505, in parse
    compile_func = self.tags[command]
                   ~~~~~~~~~^^^^^^^^^
KeyError: 'endblock'

During handling of the above exception, another exception occurred:

Traceback (most recent call last):
  File "D:\Lib\site-packages\django\core\handlers\exception.py", line 55, in inner
    response = get_response(request)
               ^^^^^^^^^^^^^^^^^^^^^
  File "D:\Lib\site-packages\django\core\handlers\base.py", line 197, in _get_response
    response = wrapped_callback(request, *callback_args, **callback_kwargs)
               ^^^^^^^^^^^^^^^^^^^^^^^^^^^^^^^^^^^^^^^^^^^^^^^^^^^^^^^^^^^^
  File "D:\Lib\contextlib.py", line 81, in inner
    return func(*args, **kwds)
           ^^^^^^^^^^^^^^^^^^^
  File "D:\Lib\site-packages\django\utils\decorators.py", line 134, in _wrapper_view
    response = view_func(request, *args, **kwargs)
               ^^^^^^^^^^^^^^^^^^^^^^^^^^^^^^^^^^^
  File "D:\Lib\site-packages\django\views\decorators\http.py", line 43, in inner
    return func(request, *args, **kwargs)
           ^^^^^^^^^^^^^^^^^^^^^^^^^^^^^^
  File "E:\Resume_Projects\lifedocs\accounts\views.py", line 392, in login_view
    return render(request, 'accounts/login.html')
           ^^^^^^^^^^^^^^^^^^^^^^^^^^^^^^^^^^^^^^
  File "D:\Lib\site-packages\django\shortcuts.py", line 24, in render
    content = loader.render_to_string(template_name, context, request, using=using)
              ^^^^^^^^^^^^^^^^^^^^^^^^^^^^^^^^^^^^^^^^^^^^^^^^^^^^^^^^^^^^^^^^^^^^^
  File "D:\Lib\site-packages\django\template\loader.py", line 61, in render_to_string
    template = get_template(template_name, using=using)
               ^^^^^^^^^^^^^^^^^^^^^^^^^^^^^^^^^^^^^^^^
  File "D:\Lib\site-packages\django\template\loader.py", line 15, in get_template
    return engine.get_template(template_name)
           ^^^^^^^^^^^^^^^^^^^^^^^^^^^^^^^^^^
  File "D:\Lib\site-packages\django\template\backends\django.py", line 33, in get_template
    return Template(self.engine.get_template(template_name), self)
                    ^^^^^^^^^^^^^^^^^^^^^^^^^^^^^^^^^^^^^^^
  File "D:\Lib\site-packages\django\template\engine.py", line 175, in get_template
    template, origin = self.find_template(template_name)
                       ^^^^^^^^^^^^^^^^^^^^^^^^^^^^^^^^^
  File "D:\Lib\site-packages\django\template\engine.py", line 157, in find_template
    template = loader.get_template(name, skip=skip)
               ^^^^^^^^^^^^^^^^^^^^^^^^^^^^^^^^^^^^
  File "D:\Lib\site-packages\django\template\loaders\cached.py", line 57, in get_template
    template = super().get_template(template_name, skip)
               ^^^^^^^^^^^^^^^^^^^^^^^^^^^^^^^^^^^^^^^^^
  File "D:\Lib\site-packages\django\template\loaders\base.py", line 28, in get_template
    return Template(
           ^^^^^^^^^
  File "D:\Lib\site-packages\django\template\base.py", line 154, in __init__
    self.nodelist = self.compile_nodelist()
                    ^^^^^^^^^^^^^^^^^^^^^^^
  File "D:\Lib\site-packages\django\template\base.py", line 200, in compile_nodelist
    return parser.parse()
           ^^^^^^^^^^^^^^
  File "D:\Lib\site-packages\django\template\base.py", line 513, in parse
    raise self.error(token, e)
  File "D:\Lib\site-packages\django\template\base.py", line 511, in parse
    compiled_result = compile_func(self, token)
                      ^^^^^^^^^^^^^^^^^^^^^^^^^
  File "D:\Lib\site-packages\django\template\loader_tags.py", line 293, in do_extends
    nodelist = parser.parse()
               ^^^^^^^^^^^^^^
  File "D:\Lib\site-packages\django\template\base.py", line 507, in parse
    self.invalid_block_tag(token, command, parse_until)
  File "D:\Lib\site-packages\django\template\base.py", line 568, in invalid_block_tag
    raise self.error(
django.template.exceptions.TemplateSyntaxError: Invalid block tag on line 138: 'endblock'. Did you forget to register or load this tag?
ERROR 2026-01-18 17:41:39,894 log 24436 24500 Internal Server Error: /accounts/login/
Traceback (most recent call last):
  File "D:\Lib\site-packages\django\template\base.py", line 505, in parse
    compile_func = self.tags[command]
                   ~~~~~~~~~^^^^^^^^^
KeyError: 'endblock'

During handling of the above exception, another exception occurred:

Traceback (most recent call last):
  File "D:\Lib\site-packages\django\core\handlers\exception.py", line 55, in inner
    response = get_response(request)
               ^^^^^^^^^^^^^^^^^^^^^
  File "D:\Lib\site-packages\django\core\handlers\base.py", line 197, in _get_response
    response = wrapped_callback(request, *callback_args, **callback_kwargs)
               ^^^^^^^^^^^^^^^^^^^^^^^^^^^^^^^^^^^^^^^^^^^^^^^^^^^^^^^^^^^^
  File "D:\Lib\contextlib.py", line 81, in inner
    return func(*args, **kwds)
           ^^^^^^^^^^^^^^^^^^^
  File "D:\Lib\site-packages\django\utils\decorators.py", line 134, in _wrapper_view
    response = view_func(request, *args, **kwargs)
               ^^^^^^^^^^^^^^^^^^^^^^^^^^^^^^^^^^^
  File "D:\Lib\site-packages\django\views\decorators\http.py", line 43, in inner
    return func(request, *args, **kwargs)
           ^^^^^^^^^^^^^^^^^^^^^^^^^^^^^^
  File "E:\Resume_Projects\lifedocs\accounts\views.py", line 392, in login_view
    return render(request, 'accounts/login.html')
           ^^^^^^^^^^^^^^^^^^^^^^^^^^^^^^^^^^^^^^
  File "D:\Lib\site-packages\django\shortcuts.py", line 24, in render
    content = loader.render_to_string(template_name, context, request, using=using)
              ^^^^^^^^^^^^^^^^^^^^^^^^^^^^^^^^^^^^^^^^^^^^^^^^^^^^^^^^^^^^^^^^^^^^^
  File "D:\Lib\site-packages\django\template\loader.py", line 61, in render_to_string
    template = get_template(template_name, using=using)
               ^^^^^^^^^^^^^^^^^^^^^^^^^^^^^^^^^^^^^^^^
  File "D:\Lib\site-packages\django\template\loader.py", line 15, in get_template
    return engine.get_template(template_name)
           ^^^^^^^^^^^^^^^^^^^^^^^^^^^^^^^^^^
  File "D:\Lib\site-packages\django\template\backends\django.py", line 33, in get_template
    return Template(self.engine.get_template(template_name), self)
                    ^^^^^^^^^^^^^^^^^^^^^^^^^^^^^^^^^^^^^^^
  File "D:\Lib\site-packages\django\template\engine.py", line 175, in get_template
    template, origin = self.find_template(template_name)
                       ^^^^^^^^^^^^^^^^^^^^^^^^^^^^^^^^^
  File "D:\Lib\site-packages\django\template\engine.py", line 157, in find_template
    template = loader.get_template(name, skip=skip)
               ^^^^^^^^^^^^^^^^^^^^^^^^^^^^^^^^^^^^
  File "D:\Lib\site-packages\django\template\loaders\cached.py", line 57, in get_template
    template = super().get_template(template_name, skip)
               ^^^^^^^^^^^^^^^^^^^^^^^^^^^^^^^^^^^^^^^^^
  File "D:\Lib\site-packages\django\template\loaders\base.py", line 28, in get_template
    return Template(
           ^^^^^^^^^
  File "D:\Lib\site-packages\django\template\base.py", line 154, in __init__
    self.nodelist = self.compile_nodelist()
                    ^^^^^^^^^^^^^^^^^^^^^^^
  File "D:\Lib\site-packages\django\template\base.py", line 200, in compile_nodelist
    return parser.parse()
           ^^^^^^^^^^^^^^
  File "D:\Lib\site-packages\django\template\base.py", line 513, in parse
    raise self.error(token, e)
  File "D:\Lib\site-packages\django\template\base.py", line 511, in parse
    compiled_result = compile_func(self, token)
                      ^^^^^^^^^^^^^^^^^^^^^^^^^
  File "D:\Lib\site-packages\django\template\loader_tags.py", line 293, in do_extends
    nodelist = parser.parse()
               ^^^^^^^^^^^^^^
  File "D:\Lib\site-packages\django\template\base.py", line 507, in parse
    self.invalid_block_tag(token, command, parse_until)
  File "D:\Lib\site-packages\django\template\base.py", line 568, in invalid_block_tag
    raise self.error(
django.template.exceptions.TemplateSyntaxError: Invalid block tag on line 138: 'endblock'. Did you forget to register or load this tag?
ERROR 2026-01-18 17:41:39,954 basehttp 24436 24500 "GET /accounts/login/ HTTP/1.1" 500 182817
WARNING 2026-01-18 17:41:40,154 log 24436 24500 Not Found: /favicon.ico
WARNING 2026-01-18 17:41:40,156 basehttp 24436 24500 "GET /favicon.ico HTTP/1.1" 404 3019
WARNING 2026-01-18 17:42:11,940 log 24436 31708 Not Found: /favicon.ico
WARNING 2026-01-18 17:42:11,979 basehttp 24436 31708 "GET /favicon.ico HTTP/1.1" 404 3019
ERROR 2026-01-18 17:42:26,190 log 24436 26716 Internal Server Error: /accounts/forgot-password/
Traceback (most recent call last):
  File "D:\Lib\site-packages\django\core\handlers\exception.py", line 55, in inner
    response = get_response(request)
               ^^^^^^^^^^^^^^^^^^^^^
  File "D:\Lib\site-packages\django\core\handlers\base.py", line 197, in _get_response
    response = wrapped_callback(request, *callback_args, **callback_kwargs)
               ^^^^^^^^^^^^^^^^^^^^^^^^^^^^^^^^^^^^^^^^^^^^^^^^^^^^^^^^^^^^
  File "D:\Lib\contextlib.py", line 81, in inner
    return func(*args, **kwds)
           ^^^^^^^^^^^^^^^^^^^
  File "D:\Lib\site-packages\django\utils\decorators.py", line 134, in _wrapper_view
    response = view_func(request, *args, **kwargs)
               ^^^^^^^^^^^^^^^^^^^^^^^^^^^^^^^^^^^
  File "D:\Lib\site-packages\django\views\decorators\http.py", line 43, in inner
    return func(request, *args, **kwargs)
           ^^^^^^^^^^^^^^^^^^^^^^^^^^^^^^
  File "E:\Resume_Projects\lifedocs\accounts\views.py", line 630, in forgot_password_view
    return render(request, 'accounts/forgot_password.html')
           ^^^^^^^^^^^^^^^^^^^^^^^^^^^^^^^^^^^^^^^^^^^^^^^^
  File "D:\Lib\site-packages\django\shortcuts.py", line 24, in render
    content = loader.render_to_string(template_name, context, request, using=using)
              ^^^^^^^^^^^^^^^^^^^^^^^^^^^^^^^^^^^^^^^^^^^^^^^^^^^^^^^^^^^^^^^^^^^^^
  File "D:\Lib\site-packages\django\template\loader.py", line 61, in render_to_string
    template = get_template(template_name, using=using)
               ^^^^^^^^^^^^^^^^^^^^^^^^^^^^^^^^^^^^^^^^
  File "D:\Lib\site-packages\django\template\loader.py", line 15, in get_template
    return engine.get_template(template_name)
           ^^^^^^^^^^^^^^^^^^^^^^^^^^^^^^^^^^
  File "D:\Lib\site-packages\django\template\backends\django.py", line 33, in get_template
    return Template(self.engine.get_template(template_name), self)
                    ^^^^^^^^^^^^^^^^^^^^^^^^^^^^^^^^^^^^^^^
  File "D:\Lib\site-packages\django\template\engine.py", line 175, in get_template
    template, origin = self.find_template(template_name)
                       ^^^^^^^^^^^^^^^^^^^^^^^^^^^^^^^^^
  File "D:\Lib\site-packages\django\template\engine.py", line 157, in find_template
    template = loader.get_template(name, skip=skip)
               ^^^^^^^^^^^^^^^^^^^^^^^^^^^^^^^^^^^^
  File "D:\Lib\site-packages\django\template\loaders\cached.py", line 57, in get_template
    template = super().get_template(template_name, skip)
               ^^^^^^^^^^^^^^^^^^^^^^^^^^^^^^^^^^^^^^^^^
  File "D:\Lib\site-packages\django\template\loaders\base.py", line 28, in get_template
    return Template(
           ^^^^^^^^^
  File "D:\Lib\site-packages\django\template\base.py", line 154, in __init__
    self.nodelist = self.compile_nodelist()
                    ^^^^^^^^^^^^^^^^^^^^^^^
  File "D:\Lib\site-packages\django\template\base.py", line 200, in compile_nodelist
    return parser.parse()
           ^^^^^^^^^^^^^^
  File "D:\Lib\site-packages\django\template\base.py", line 513, in parse
    raise self.error(token, e)
  File "D:\Lib\site-packages\django\template\base.py", line 511, in parse
    compiled_result = compile_func(self, token)
                      ^^^^^^^^^^^^^^^^^^^^^^^^^
  File "D:\Lib\site-packages\django\template\loader_tags.py", line 293, in do_extends
    nodelist = parser.parse()
               ^^^^^^^^^^^^^^
  File "D:\Lib\site-packages\django\template\base.py", line 513, in parse
    raise self.error(token, e)
  File "D:\Lib\site-packages\django\template\base.py", line 511, in parse
    compiled_result = compile_func(self, token)
                      ^^^^^^^^^^^^^^^^^^^^^^^^^
  File "D:\Lib\site-packages\django\template\loader_tags.py", line 232, in do_block
    nodelist = parser.parse(("endblock",))
               ^^^^^^^^^^^^^^^^^^^^^^^^^^^
  File "D:\Lib\site-packages\django\template\base.py", line 518, in parse
    self.unclosed_block_tag(parse_until)
  File "D:\Lib\site-packages\django\template\base.py", line 581, in unclosed_block_tag
    raise self.error(token, msg)
django.template.exceptions.TemplateSyntaxError: Unclosed tag on line 1: 'block'. Looking for one of: endblock.
ERROR 2026-01-18 17:42:26,205 basehttp 24436 26716 "GET /accounts/forgot-password/ HTTP/1.1" 500 188383
WARNING 2026-01-18 17:42:46,827 log 24436 12912 Not Found: /favicon.ico
WARNING 2026-01-18 17:42:46,829 basehttp 24436 12912 "GET /favicon.ico HTTP/1.1" 404 3019
WARNING 2026-01-18 18:43:41,592 log 27516 3180 Not Found: /favicon.ico
WARNING 2026-01-18 18:43:41,616 basehttp 27516 3180 "GET /favicon.ico HTTP/1.1" 404 3019
WARNING 2026-01-18 22:10:28,963 log 19680 9272 Not Found: /favicon.ico
WARNING 2026-01-18 22:10:29,055 basehttp 19680 9272 "GET /favicon.ico HTTP/1.1" 404 3019
WARNING 2026-01-18 22:10:48,105 log 19680 20968 Not Found: /.well-known/appspecific/com.chrome.devtools.json
WARNING 2026-01-18 22:10:48,126 basehttp 19680 20968 "GET /.well-known/appspecific/com.chrome.devtools.json HTTP/1.1" 404 3130
WARNING 2026-01-18 22:11:20,928 log 19680 20968 Not Found: /.well-known/appspecific/com.chrome.devtools.json
WARNING 2026-01-18 22:11:20,928 basehttp 19680 20968 "GET /.well-known/appspecific/com.chrome.devtools.json HTTP/1.1" 404 3130
WARNING 2026-01-18 22:12:07,308 log 19680 22448 Not Found: /.well-known/appspecific/com.chrome.devtools.json
WARNING 2026-01-18 22:12:07,327 basehttp 19680 22448 "GET /.well-known/appspecific/com.chrome.devtools.json HTTP/1.1" 404 3130
WARNING 2026-01-18 22:12:16,660 log 19680 6000 Not Found: /.well-known/appspecific/com.chrome.devtools.json
WARNING 2026-01-18 22:12:16,662 basehttp 19680 6000 "GET /.well-known/appspecific/com.chrome.devtools.json HTTP/1.1" 404 3130
WARNING 2026-01-18 22:12:22,145 log 19680 6868 Not Found: /.well-known/appspecific/com.chrome.devtools.json
WARNING 2026-01-18 22:12:22,150 basehttp 19680 6868 "GET /.well-known/appspecific/com.chrome.devtools.json HTTP/1.1" 404 3130
WARNING 2026-01-18 22:12:31,772 log 19680 6868 Not Found: /.well-known/appspecific/com.chrome.devtools.json
WARNING 2026-01-18 22:12:31,775 basehttp 19680 6868 "GET /.well-known/appspecific/com.chrome.devtools.json HTTP/1.1" 404 3130
WARNING 2026-01-18 22:12:39,768 log 19680 6868 Not Found: /.well-known/appspecific/com.chrome.devtools.json
WARNING 2026-01-18 22:12:39,777 basehttp 19680 6868 "GET /.well-known/appspecific/com.chrome.devtools.json HTTP/1.1" 404 3130
WARNING 2026-01-18 22:35:34,541 log 17020 21724 Not Found: /favicon.ico
WARNING 2026-01-18 22:35:34,564 basehttp 17020 21724 "GET /favicon.ico HTTP/1.1" 404 3019
ERROR 2026-01-18 22:52:00,701 log 11168 22716 Internal Server Error: /
Traceback (most recent call last):
  File "D:\Lib\site-packages\django\template\backends\django.py", line 61, in render
    return self.template.render(context)
           ^^^^^^^^^^^^^^^^^^^^^^^^^^^^^
  File "D:\Lib\site-packages\django\template\base.py", line 175, in render
    return self._render(context)
           ^^^^^^^^^^^^^^^^^^^^^
  File "D:\Lib\site-packages\django\template\base.py", line 167, in _render
    return self.nodelist.render(context)
           ^^^^^^^^^^^^^^^^^^^^^^^^^^^^^
  File "D:\Lib\site-packages\django\template\base.py", line 1005, in render
    return SafeString("".join([node.render_annotated(context) for node in self]))
                              ^^^^^^^^^^^^^^^^^^^^^^^^^^^^^^^^^^^^^^^^^^^^^^^^^
  File "D:\Lib\site-packages\django\template\base.py", line 1005, in <listcomp>
    return SafeString("".join([node.render_annotated(context) for node in self]))
                               ^^^^^^^^^^^^^^^^^^^^^^^^^^^^^^
  File "D:\Lib\site-packages\django\template\base.py", line 966, in render_annotated
    return self.render(context)
           ^^^^^^^^^^^^^^^^^^^^
  File "D:\Lib\site-packages\django\template\loader_tags.py", line 157, in render
    return compiled_parent._render(context)
           ^^^^^^^^^^^^^^^^^^^^^^^^^^^^^^^^
  File "D:\Lib\site-packages\django\template\base.py", line 167, in _render
    return self.nodelist.render(context)
           ^^^^^^^^^^^^^^^^^^^^^^^^^^^^^
  File "D:\Lib\site-packages\django\template\base.py", line 1005, in render
    return SafeString("".join([node.render_annotated(context) for node in self]))
                              ^^^^^^^^^^^^^^^^^^^^^^^^^^^^^^^^^^^^^^^^^^^^^^^^^
  File "D:\Lib\site-packages\django\template\base.py", line 1005, in <listcomp>
    return SafeString("".join([node.render_annotated(context) for node in self]))
                               ^^^^^^^^^^^^^^^^^^^^^^^^^^^^^^
  File "D:\Lib\site-packages\django\template\base.py", line 966, in render_annotated
    return self.render(context)
           ^^^^^^^^^^^^^^^^^^^^
  File "D:\Lib\site-packages\django\template\loader_tags.py", line 197, in render
    template = context.template.engine.select_template(template_name)
               ^^^^^^^^^^^^^^^^^^^^^^^^^^^^^^^^^^^^^^^^^^^^^^^^^^^^^^
  File "D:\Lib\site-packages\django\template\engine.py", line 212, in select_template
    raise TemplateDoesNotExist(", ".join(not_found))
django.template.exceptions.TemplateDoesNotExist: includes/footer.html

The above exception was the direct cause of the following exception:

Traceback (most recent call last):
  File "D:\Lib\site-packages\django\core\handlers\exception.py", line 55, in inner
    response = get_response(request)
               ^^^^^^^^^^^^^^^^^^^^^
  File "D:\Lib\site-packages\django\core\handlers\base.py", line 197, in _get_response
    response = wrapped_callback(request, *callback_args, **callback_kwargs)
               ^^^^^^^^^^^^^^^^^^^^^^^^^^^^^^^^^^^^^^^^^^^^^^^^^^^^^^^^^^^^
  File "D:\Lib\contextlib.py", line 81, in inner
    return func(*args, **kwds)
           ^^^^^^^^^^^^^^^^^^^
  File "D:\Lib\site-packages\django\views\decorators\http.py", line 43, in inner
    return func(request, *args, **kwargs)
           ^^^^^^^^^^^^^^^^^^^^^^^^^^^^^^
  File "E:\Resume_Projects\lifedocs\core\home_views.py", line 43, in home_view
    return render(request, 'home.html', context)
           ^^^^^^^^^^^^^^^^^^^^^^^^^^^^^^^^^^^^^
  File "D:\Lib\site-packages\django\shortcuts.py", line 24, in render
    content = loader.render_to_string(template_name, context, request, using=using)
              ^^^^^^^^^^^^^^^^^^^^^^^^^^^^^^^^^^^^^^^^^^^^^^^^^^^^^^^^^^^^^^^^^^^^^
  File "D:\Lib\site-packages\django\template\loader.py", line 62, in render_to_string
    return template.render(context, request)
           ^^^^^^^^^^^^^^^^^^^^^^^^^^^^^^^^^
  File "D:\Lib\site-packages\django\template\backends\django.py", line 63, in render
    reraise(exc, self.backend)
  File "D:\Lib\site-packages\django\template\backends\django.py", line 84, in reraise
    raise new from exc
django.template.exceptions.TemplateDoesNotExist: includes/footer.html
ERROR 2026-01-18 22:52:00,782 basehttp 11168 22716 "GET / HTTP/1.1" 500 182698
ERROR 2026-01-18 22:54:04,951 log 11168 19196 Internal Server Error: /
Traceback (most recent call last):
  File "D:\Lib\site-packages\django\template\backends\django.py", line 61, in render
    return self.template.render(context)
           ^^^^^^^^^^^^^^^^^^^^^^^^^^^^^
  File "D:\Lib\site-packages\django\template\base.py", line 175, in render
    return self._render(context)
           ^^^^^^^^^^^^^^^^^^^^^
  File "D:\Lib\site-packages\django\template\base.py", line 167, in _render
    return self.nodelist.render(context)
           ^^^^^^^^^^^^^^^^^^^^^^^^^^^^^
  File "D:\Lib\site-packages\django\template\base.py", line 1005, in render
    return SafeString("".join([node.render_annotated(context) for node in self]))
                              ^^^^^^^^^^^^^^^^^^^^^^^^^^^^^^^^^^^^^^^^^^^^^^^^^
  File "D:\Lib\site-packages\django\template\base.py", line 1005, in <listcomp>
    return SafeString("".join([node.render_annotated(context) for node in self]))
                               ^^^^^^^^^^^^^^^^^^^^^^^^^^^^^^
  File "D:\Lib\site-packages\django\template\base.py", line 966, in render_annotated
    return self.render(context)
           ^^^^^^^^^^^^^^^^^^^^
  File "D:\Lib\site-packages\django\template\loader_tags.py", line 157, in render
    return compiled_parent._render(context)
           ^^^^^^^^^^^^^^^^^^^^^^^^^^^^^^^^
  File "D:\Lib\site-packages\django\template\base.py", line 167, in _render
    return self.nodelist.render(context)
           ^^^^^^^^^^^^^^^^^^^^^^^^^^^^^
  File "D:\Lib\site-packages\django\template\base.py", line 1005, in render
    return SafeString("".join([node.render_annotated(context) for node in self]))
                              ^^^^^^^^^^^^^^^^^^^^^^^^^^^^^^^^^^^^^^^^^^^^^^^^^
  File "D:\Lib\site-packages\django\template\base.py", line 1005, in <listcomp>
    return SafeString("".join([node.render_annotated(context) for node in self]))
                               ^^^^^^^^^^^^^^^^^^^^^^^^^^^^^^
  File "D:\Lib\site-packages\django\template\base.py", line 966, in render_annotated
    return self.render(context)
           ^^^^^^^^^^^^^^^^^^^^
  File "D:\Lib\site-packages\django\template\loader_tags.py", line 197, in render
    template = context.template.engine.select_template(template_name)
               ^^^^^^^^^^^^^^^^^^^^^^^^^^^^^^^^^^^^^^^^^^^^^^^^^^^^^^
  File "D:\Lib\site-packages\django\template\engine.py", line 212, in select_template
    raise TemplateDoesNotExist(", ".join(not_found))
django.template.exceptions.TemplateDoesNotExist: includes/footer.html

The above exception was the direct cause of the following exception:

Traceback (most recent call last):
  File "D:\Lib\site-packages\django\core\handlers\exception.py", line 55, in inner
    response = get_response(request)
               ^^^^^^^^^^^^^^^^^^^^^
  File "D:\Lib\site-packages\django\core\handlers\base.py", line 197, in _get_response
    response = wrapped_callback(request, *callback_args, **callback_kwargs)
               ^^^^^^^^^^^^^^^^^^^^^^^^^^^^^^^^^^^^^^^^^^^^^^^^^^^^^^^^^^^^
  File "D:\Lib\contextlib.py", line 81, in inner
    return func(*args, **kwds)
           ^^^^^^^^^^^^^^^^^^^
  File "D:\Lib\site-packages\django\views\decorators\http.py", line 43, in inner
    return func(request, *args, **kwargs)
           ^^^^^^^^^^^^^^^^^^^^^^^^^^^^^^
  File "E:\Resume_Projects\lifedocs\core\home_views.py", line 43, in home_view
    return render(request, 'home.html', context)
           ^^^^^^^^^^^^^^^^^^^^^^^^^^^^^^^^^^^^^
  File "D:\Lib\site-packages\django\shortcuts.py", line 24, in render
    content = loader.render_to_string(template_name, context, request, using=using)
              ^^^^^^^^^^^^^^^^^^^^^^^^^^^^^^^^^^^^^^^^^^^^^^^^^^^^^^^^^^^^^^^^^^^^^
  File "D:\Lib\site-packages\django\template\loader.py", line 62, in render_to_string
    return template.render(context, request)
           ^^^^^^^^^^^^^^^^^^^^^^^^^^^^^^^^^
  File "D:\Lib\site-packages\django\template\backends\django.py", line 63, in render
    reraise(exc, self.backend)
  File "D:\Lib\site-packages\django\template\backends\django.py", line 84, in reraise
    raise new from exc
django.template.exceptions.TemplateDoesNotExist: includes/footer.html
ERROR 2026-01-18 22:54:04,968 basehttp 11168 19196 "GET / HTTP/1.1" 500 182558
ERROR 2026-01-18 22:54:10,560 log 11168 19196 Internal Server Error: /
Traceback (most recent call last):
  File "D:\Lib\site-packages\django\template\backends\django.py", line 61, in render
    return self.template.render(context)
           ^^^^^^^^^^^^^^^^^^^^^^^^^^^^^
  File "D:\Lib\site-packages\django\template\base.py", line 175, in render
    return self._render(context)
           ^^^^^^^^^^^^^^^^^^^^^
  File "D:\Lib\site-packages\django\template\base.py", line 167, in _render
    return self.nodelist.render(context)
           ^^^^^^^^^^^^^^^^^^^^^^^^^^^^^
  File "D:\Lib\site-packages\django\template\base.py", line 1005, in render
    return SafeString("".join([node.render_annotated(context) for node in self]))
                              ^^^^^^^^^^^^^^^^^^^^^^^^^^^^^^^^^^^^^^^^^^^^^^^^^
  File "D:\Lib\site-packages\django\template\base.py", line 1005, in <listcomp>
    return SafeString("".join([node.render_annotated(context) for node in self]))
                               ^^^^^^^^^^^^^^^^^^^^^^^^^^^^^^
  File "D:\Lib\site-packages\django\template\base.py", line 966, in render_annotated
    return self.render(context)
           ^^^^^^^^^^^^^^^^^^^^
  File "D:\Lib\site-packages\django\template\loader_tags.py", line 157, in render
    return compiled_parent._render(context)
           ^^^^^^^^^^^^^^^^^^^^^^^^^^^^^^^^
  File "D:\Lib\site-packages\django\template\base.py", line 167, in _render
    return self.nodelist.render(context)
           ^^^^^^^^^^^^^^^^^^^^^^^^^^^^^
  File "D:\Lib\site-packages\django\template\base.py", line 1005, in render
    return SafeString("".join([node.render_annotated(context) for node in self]))
                              ^^^^^^^^^^^^^^^^^^^^^^^^^^^^^^^^^^^^^^^^^^^^^^^^^
  File "D:\Lib\site-packages\django\template\base.py", line 1005, in <listcomp>
    return SafeString("".join([node.render_annotated(context) for node in self]))
                               ^^^^^^^^^^^^^^^^^^^^^^^^^^^^^^
  File "D:\Lib\site-packages\django\template\base.py", line 966, in render_annotated
    return self.render(context)
           ^^^^^^^^^^^^^^^^^^^^
  File "D:\Lib\site-packages\django\template\loader_tags.py", line 197, in render
    template = context.template.engine.select_template(template_name)
               ^^^^^^^^^^^^^^^^^^^^^^^^^^^^^^^^^^^^^^^^^^^^^^^^^^^^^^
  File "D:\Lib\site-packages\django\template\engine.py", line 212, in select_template
    raise TemplateDoesNotExist(", ".join(not_found))
django.template.exceptions.TemplateDoesNotExist: includes/footer.html

The above exception was the direct cause of the following exception:

Traceback (most recent call last):
  File "D:\Lib\site-packages\django\core\handlers\exception.py", line 55, in inner
    response = get_response(request)
               ^^^^^^^^^^^^^^^^^^^^^
  File "D:\Lib\site-packages\django\core\handlers\base.py", line 197, in _get_response
    response = wrapped_callback(request, *callback_args, **callback_kwargs)
               ^^^^^^^^^^^^^^^^^^^^^^^^^^^^^^^^^^^^^^^^^^^^^^^^^^^^^^^^^^^^
  File "D:\Lib\contextlib.py", line 81, in inner
    return func(*args, **kwds)
           ^^^^^^^^^^^^^^^^^^^
  File "D:\Lib\site-packages\django\views\decorators\http.py", line 43, in inner
    return func(request, *args, **kwargs)
           ^^^^^^^^^^^^^^^^^^^^^^^^^^^^^^
  File "E:\Resume_Projects\lifedocs\core\home_views.py", line 43, in home_view
    return render(request, 'home.html', context)
           ^^^^^^^^^^^^^^^^^^^^^^^^^^^^^^^^^^^^^
  File "D:\Lib\site-packages\django\shortcuts.py", line 24, in render
    content = loader.render_to_string(template_name, context, request, using=using)
              ^^^^^^^^^^^^^^^^^^^^^^^^^^^^^^^^^^^^^^^^^^^^^^^^^^^^^^^^^^^^^^^^^^^^^
  File "D:\Lib\site-packages\django\template\loader.py", line 62, in render_to_string
    return template.render(context, request)
           ^^^^^^^^^^^^^^^^^^^^^^^^^^^^^^^^^
  File "D:\Lib\site-packages\django\template\backends\django.py", line 63, in render
    reraise(exc, self.backend)
  File "D:\Lib\site-packages\django\template\backends\django.py", line 84, in reraise
    raise new from exc
django.template.exceptions.TemplateDoesNotExist: includes/footer.html
ERROR 2026-01-18 22:54:10,577 basehttp 11168 19196 "GET / HTTP/1.1" 500 182572
ERROR 2026-01-18 22:54:26,419 log 11168 22316 Internal Server Error: /
Traceback (most recent call last):
  File "D:\Lib\site-packages\django\template\backends\django.py", line 61, in render
    return self.template.render(context)
           ^^^^^^^^^^^^^^^^^^^^^^^^^^^^^
  File "D:\Lib\site-packages\django\template\base.py", line 175, in render
    return self._render(context)
           ^^^^^^^^^^^^^^^^^^^^^
  File "D:\Lib\site-packages\django\template\base.py", line 167, in _render
    return self.nodelist.render(context)
           ^^^^^^^^^^^^^^^^^^^^^^^^^^^^^
  File "D:\Lib\site-packages\django\template\base.py", line 1005, in render
    return SafeString("".join([node.render_annotated(context) for node in self]))
                              ^^^^^^^^^^^^^^^^^^^^^^^^^^^^^^^^^^^^^^^^^^^^^^^^^
  File "D:\Lib\site-packages\django\template\base.py", line 1005, in <listcomp>
    return SafeString("".join([node.render_annotated(context) for node in self]))
                               ^^^^^^^^^^^^^^^^^^^^^^^^^^^^^^
  File "D:\Lib\site-packages\django\template\base.py", line 966, in render_annotated
    return self.render(context)
           ^^^^^^^^^^^^^^^^^^^^
  File "D:\Lib\site-packages\django\template\loader_tags.py", line 157, in render
    return compiled_parent._render(context)
           ^^^^^^^^^^^^^^^^^^^^^^^^^^^^^^^^
  File "D:\Lib\site-packages\django\template\base.py", line 167, in _render
    return self.nodelist.render(context)
           ^^^^^^^^^^^^^^^^^^^^^^^^^^^^^
  File "D:\Lib\site-packages\django\template\base.py", line 1005, in render
    return SafeString("".join([node.render_annotated(context) for node in self]))
                              ^^^^^^^^^^^^^^^^^^^^^^^^^^^^^^^^^^^^^^^^^^^^^^^^^
  File "D:\Lib\site-packages\django\template\base.py", line 1005, in <listcomp>
    return SafeString("".join([node.render_annotated(context) for node in self]))
                               ^^^^^^^^^^^^^^^^^^^^^^^^^^^^^^
  File "D:\Lib\site-packages\django\template\base.py", line 966, in render_annotated
    return self.render(context)
           ^^^^^^^^^^^^^^^^^^^^
  File "D:\Lib\site-packages\django\template\loader_tags.py", line 197, in render
    template = context.template.engine.select_template(template_name)
               ^^^^^^^^^^^^^^^^^^^^^^^^^^^^^^^^^^^^^^^^^^^^^^^^^^^^^^
  File "D:\Lib\site-packages\django\template\engine.py", line 212, in select_template
    raise TemplateDoesNotExist(", ".join(not_found))
django.template.exceptions.TemplateDoesNotExist: includes/footer.html

The above exception was the direct cause of the following exception:

Traceback (most recent call last):
  File "D:\Lib\site-packages\django\core\handlers\exception.py", line 55, in inner
    response = get_response(request)
               ^^^^^^^^^^^^^^^^^^^^^
  File "D:\Lib\site-packages\django\core\handlers\base.py", line 197, in _get_response
    response = wrapped_callback(request, *callback_args, **callback_kwargs)
               ^^^^^^^^^^^^^^^^^^^^^^^^^^^^^^^^^^^^^^^^^^^^^^^^^^^^^^^^^^^^
  File "D:\Lib\contextlib.py", line 81, in inner
    return func(*args, **kwds)
           ^^^^^^^^^^^^^^^^^^^
  File "D:\Lib\site-packages\django\views\decorators\http.py", line 43, in inner
    return func(request, *args, **kwargs)
           ^^^^^^^^^^^^^^^^^^^^^^^^^^^^^^
  File "E:\Resume_Projects\lifedocs\core\home_views.py", line 43, in home_view
    return render(request, 'home.html', context)
           ^^^^^^^^^^^^^^^^^^^^^^^^^^^^^^^^^^^^^
  File "D:\Lib\site-packages\django\shortcuts.py", line 24, in render
    content = loader.render_to_string(template_name, context, request, using=using)
              ^^^^^^^^^^^^^^^^^^^^^^^^^^^^^^^^^^^^^^^^^^^^^^^^^^^^^^^^^^^^^^^^^^^^^
  File "D:\Lib\site-packages\django\template\loader.py", line 62, in render_to_string
    return template.render(context, request)
           ^^^^^^^^^^^^^^^^^^^^^^^^^^^^^^^^^
  File "D:\Lib\site-packages\django\template\backends\django.py", line 63, in render
    reraise(exc, self.backend)
  File "D:\Lib\site-packages\django\template\backends\django.py", line 84, in reraise
    raise new from exc
django.template.exceptions.TemplateDoesNotExist: includes/footer.html
ERROR 2026-01-18 22:54:26,464 basehttp 11168 22316 "GET / HTTP/1.1" 500 182709
ERROR 2026-01-18 22:56:12,835 log 11168 22340 Internal Server Error: /
Traceback (most recent call last):
  File "D:\Lib\site-packages\django\template\backends\django.py", line 61, in render
    return self.template.render(context)
           ^^^^^^^^^^^^^^^^^^^^^^^^^^^^^
  File "D:\Lib\site-packages\django\template\base.py", line 175, in render
    return self._render(context)
           ^^^^^^^^^^^^^^^^^^^^^
  File "D:\Lib\site-packages\django\template\base.py", line 167, in _render
    return self.nodelist.render(context)
           ^^^^^^^^^^^^^^^^^^^^^^^^^^^^^
  File "D:\Lib\site-packages\django\template\base.py", line 1005, in render
    return SafeString("".join([node.render_annotated(context) for node in self]))
                              ^^^^^^^^^^^^^^^^^^^^^^^^^^^^^^^^^^^^^^^^^^^^^^^^^
  File "D:\Lib\site-packages\django\template\base.py", line 1005, in <listcomp>
    return SafeString("".join([node.render_annotated(context) for node in self]))
                               ^^^^^^^^^^^^^^^^^^^^^^^^^^^^^^
  File "D:\Lib\site-packages\django\template\base.py", line 966, in render_annotated
    return self.render(context)
           ^^^^^^^^^^^^^^^^^^^^
  File "D:\Lib\site-packages\django\template\loader_tags.py", line 157, in render
    return compiled_parent._render(context)
           ^^^^^^^^^^^^^^^^^^^^^^^^^^^^^^^^
  File "D:\Lib\site-packages\django\template\base.py", line 167, in _render
    return self.nodelist.render(context)
           ^^^^^^^^^^^^^^^^^^^^^^^^^^^^^
  File "D:\Lib\site-packages\django\template\base.py", line 1005, in render
    return SafeString("".join([node.render_annotated(context) for node in self]))
                              ^^^^^^^^^^^^^^^^^^^^^^^^^^^^^^^^^^^^^^^^^^^^^^^^^
  File "D:\Lib\site-packages\django\template\base.py", line 1005, in <listcomp>
    return SafeString("".join([node.render_annotated(context) for node in self]))
                               ^^^^^^^^^^^^^^^^^^^^^^^^^^^^^^
  File "D:\Lib\site-packages\django\template\base.py", line 966, in render_annotated
    return self.render(context)
           ^^^^^^^^^^^^^^^^^^^^
  File "D:\Lib\site-packages\django\template\loader_tags.py", line 197, in render
    template = context.template.engine.select_template(template_name)
               ^^^^^^^^^^^^^^^^^^^^^^^^^^^^^^^^^^^^^^^^^^^^^^^^^^^^^^
  File "D:\Lib\site-packages\django\template\engine.py", line 212, in select_template
    raise TemplateDoesNotExist(", ".join(not_found))
django.template.exceptions.TemplateDoesNotExist: includes/footer.html

The above exception was the direct cause of the following exception:

Traceback (most recent call last):
  File "D:\Lib\site-packages\django\core\handlers\exception.py", line 55, in inner
    response = get_response(request)
               ^^^^^^^^^^^^^^^^^^^^^
  File "D:\Lib\site-packages\django\core\handlers\base.py", line 197, in _get_response
    response = wrapped_callback(request, *callback_args, **callback_kwargs)
               ^^^^^^^^^^^^^^^^^^^^^^^^^^^^^^^^^^^^^^^^^^^^^^^^^^^^^^^^^^^^
  File "D:\Lib\contextlib.py", line 81, in inner
    return func(*args, **kwds)
           ^^^^^^^^^^^^^^^^^^^
  File "D:\Lib\site-packages\django\views\decorators\http.py", line 43, in inner
    return func(request, *args, **kwargs)
           ^^^^^^^^^^^^^^^^^^^^^^^^^^^^^^
  File "E:\Resume_Projects\lifedocs\core\home_views.py", line 43, in home_view
    return render(request, 'home.html', context)
           ^^^^^^^^^^^^^^^^^^^^^^^^^^^^^^^^^^^^^
  File "D:\Lib\site-packages\django\shortcuts.py", line 24, in render
    content = loader.render_to_string(template_name, context, request, using=using)
              ^^^^^^^^^^^^^^^^^^^^^^^^^^^^^^^^^^^^^^^^^^^^^^^^^^^^^^^^^^^^^^^^^^^^^
  File "D:\Lib\site-packages\django\template\loader.py", line 62, in render_to_string
    return template.render(context, request)
           ^^^^^^^^^^^^^^^^^^^^^^^^^^^^^^^^^
  File "D:\Lib\site-packages\django\template\backends\django.py", line 63, in render
    reraise(exc, self.backend)
  File "D:\Lib\site-packages\django\template\backends\django.py", line 84, in reraise
    raise new from exc
django.template.exceptions.TemplateDoesNotExist: includes/footer.html
ERROR 2026-01-18 22:56:12,852 basehttp 11168 22340 "GET / HTTP/1.1" 500 182709
ERROR 2026-01-18 22:56:16,079 log 11168 22340 Internal Server Error: /
Traceback (most recent call last):
  File "D:\Lib\site-packages\django\template\backends\django.py", line 61, in render
    return self.template.render(context)
           ^^^^^^^^^^^^^^^^^^^^^^^^^^^^^
  File "D:\Lib\site-packages\django\template\base.py", line 175, in render
    return self._render(context)
           ^^^^^^^^^^^^^^^^^^^^^
  File "D:\Lib\site-packages\django\template\base.py", line 167, in _render
    return self.nodelist.render(context)
           ^^^^^^^^^^^^^^^^^^^^^^^^^^^^^
  File "D:\Lib\site-packages\django\template\base.py", line 1005, in render
    return SafeString("".join([node.render_annotated(context) for node in self]))
                              ^^^^^^^^^^^^^^^^^^^^^^^^^^^^^^^^^^^^^^^^^^^^^^^^^
  File "D:\Lib\site-packages\django\template\base.py", line 1005, in <listcomp>
    return SafeString("".join([node.render_annotated(context) for node in self]))
                               ^^^^^^^^^^^^^^^^^^^^^^^^^^^^^^
  File "D:\Lib\site-packages\django\template\base.py", line 966, in render_annotated
    return self.render(context)
           ^^^^^^^^^^^^^^^^^^^^
  File "D:\Lib\site-packages\django\template\loader_tags.py", line 157, in render
    return compiled_parent._render(context)
           ^^^^^^^^^^^^^^^^^^^^^^^^^^^^^^^^
  File "D:\Lib\site-packages\django\template\base.py", line 167, in _render
    return self.nodelist.render(context)
           ^^^^^^^^^^^^^^^^^^^^^^^^^^^^^
  File "D:\Lib\site-packages\django\template\base.py", line 1005, in render
    return SafeString("".join([node.render_annotated(context) for node in self]))
                              ^^^^^^^^^^^^^^^^^^^^^^^^^^^^^^^^^^^^^^^^^^^^^^^^^
  File "D:\Lib\site-packages\django\template\base.py", line 1005, in <listcomp>
    return SafeString("".join([node.render_annotated(context) for node in self]))
                               ^^^^^^^^^^^^^^^^^^^^^^^^^^^^^^
  File "D:\Lib\site-packages\django\template\base.py", line 966, in render_annotated
    return self.render(context)
           ^^^^^^^^^^^^^^^^^^^^
  File "D:\Lib\site-packages\django\template\loader_tags.py", line 197, in render
    template = context.template.engine.select_template(template_name)
               ^^^^^^^^^^^^^^^^^^^^^^^^^^^^^^^^^^^^^^^^^^^^^^^^^^^^^^
  File "D:\Lib\site-packages\django\template\engine.py", line 212, in select_template
    raise TemplateDoesNotExist(", ".join(not_found))
django.template.exceptions.TemplateDoesNotExist: includes/footer.html

The above exception was the direct cause of the following exception:

Traceback (most recent call last):
  File "D:\Lib\site-packages\django\core\handlers\exception.py", line 55, in inner
    response = get_response(request)
               ^^^^^^^^^^^^^^^^^^^^^
  File "D:\Lib\site-packages\django\core\handlers\base.py", line 197, in _get_response
    response = wrapped_callback(request, *callback_args, **callback_kwargs)
               ^^^^^^^^^^^^^^^^^^^^^^^^^^^^^^^^^^^^^^^^^^^^^^^^^^^^^^^^^^^^
  File "D:\Lib\contextlib.py", line 81, in inner
    return func(*args, **kwds)
           ^^^^^^^^^^^^^^^^^^^
  File "D:\Lib\site-packages\django\views\decorators\http.py", line 43, in inner
    return func(request, *args, **kwargs)
           ^^^^^^^^^^^^^^^^^^^^^^^^^^^^^^
  File "E:\Resume_Projects\lifedocs\core\home_views.py", line 43, in home_view
    return render(request, 'home.html', context)
           ^^^^^^^^^^^^^^^^^^^^^^^^^^^^^^^^^^^^^
  File "D:\Lib\site-packages\django\shortcuts.py", line 24, in render
    content = loader.render_to_string(template_name, context, request, using=using)
              ^^^^^^^^^^^^^^^^^^^^^^^^^^^^^^^^^^^^^^^^^^^^^^^^^^^^^^^^^^^^^^^^^^^^^
  File "D:\Lib\site-packages\django\template\loader.py", line 62, in render_to_string
    return template.render(context, request)
           ^^^^^^^^^^^^^^^^^^^^^^^^^^^^^^^^^
  File "D:\Lib\site-packages\django\template\backends\django.py", line 63, in render
    reraise(exc, self.backend)
  File "D:\Lib\site-packages\django\template\backends\django.py", line 84, in reraise
    raise new from exc
django.template.exceptions.TemplateDoesNotExist: includes/footer.html
ERROR 2026-01-18 22:56:16,093 basehttp 11168 22340 "GET / HTTP/1.1" 500 182558
ERROR 2026-01-18 22:56:18,251 log 11168 22340 Internal Server Error: /
Traceback (most recent call last):
  File "D:\Lib\site-packages\django\template\backends\django.py", line 61, in render
    return self.template.render(context)
           ^^^^^^^^^^^^^^^^^^^^^^^^^^^^^
  File "D:\Lib\site-packages\django\template\base.py", line 175, in render
    return self._render(context)
           ^^^^^^^^^^^^^^^^^^^^^
  File "D:\Lib\site-packages\django\template\base.py", line 167, in _render
    return self.nodelist.render(context)
           ^^^^^^^^^^^^^^^^^^^^^^^^^^^^^
  File "D:\Lib\site-packages\django\template\base.py", line 1005, in render
    return SafeString("".join([node.render_annotated(context) for node in self]))
                              ^^^^^^^^^^^^^^^^^^^^^^^^^^^^^^^^^^^^^^^^^^^^^^^^^
  File "D:\Lib\site-packages\django\template\base.py", line 1005, in <listcomp>
    return SafeString("".join([node.render_annotated(context) for node in self]))
                               ^^^^^^^^^^^^^^^^^^^^^^^^^^^^^^
  File "D:\Lib\site-packages\django\template\base.py", line 966, in render_annotated
    return self.render(context)
           ^^^^^^^^^^^^^^^^^^^^
  File "D:\Lib\site-packages\django\template\loader_tags.py", line 157, in render
    return compiled_parent._render(context)
           ^^^^^^^^^^^^^^^^^^^^^^^^^^^^^^^^
  File "D:\Lib\site-packages\django\template\base.py", line 167, in _render
    return self.nodelist.render(context)
           ^^^^^^^^^^^^^^^^^^^^^^^^^^^^^
  File "D:\Lib\site-packages\django\template\base.py", line 1005, in render
    return SafeString("".join([node.render_annotated(context) for node in self]))
                              ^^^^^^^^^^^^^^^^^^^^^^^^^^^^^^^^^^^^^^^^^^^^^^^^^
  File "D:\Lib\site-packages\django\template\base.py", line 1005, in <listcomp>
    return SafeString("".join([node.render_annotated(context) for node in self]))
                               ^^^^^^^^^^^^^^^^^^^^^^^^^^^^^^
  File "D:\Lib\site-packages\django\template\base.py", line 966, in render_annotated
    return self.render(context)
           ^^^^^^^^^^^^^^^^^^^^
  File "D:\Lib\site-packages\django\template\loader_tags.py", line 197, in render
    template = context.template.engine.select_template(template_name)
               ^^^^^^^^^^^^^^^^^^^^^^^^^^^^^^^^^^^^^^^^^^^^^^^^^^^^^^
  File "D:\Lib\site-packages\django\template\engine.py", line 212, in select_template
    raise TemplateDoesNotExist(", ".join(not_found))
django.template.exceptions.TemplateDoesNotExist: includes/footer.html

The above exception was the direct cause of the following exception:

Traceback (most recent call last):
  File "D:\Lib\site-packages\django\core\handlers\exception.py", line 55, in inner
    response = get_response(request)
               ^^^^^^^^^^^^^^^^^^^^^
  File "D:\Lib\site-packages\django\core\handlers\base.py", line 197, in _get_response
    response = wrapped_callback(request, *callback_args, **callback_kwargs)
               ^^^^^^^^^^^^^^^^^^^^^^^^^^^^^^^^^^^^^^^^^^^^^^^^^^^^^^^^^^^^
  File "D:\Lib\contextlib.py", line 81, in inner
    return func(*args, **kwds)
           ^^^^^^^^^^^^^^^^^^^
  File "D:\Lib\site-packages\django\views\decorators\http.py", line 43, in inner
    return func(request, *args, **kwargs)
           ^^^^^^^^^^^^^^^^^^^^^^^^^^^^^^
  File "E:\Resume_Projects\lifedocs\core\home_views.py", line 43, in home_view
    return render(request, 'home.html', context)
           ^^^^^^^^^^^^^^^^^^^^^^^^^^^^^^^^^^^^^
  File "D:\Lib\site-packages\django\shortcuts.py", line 24, in render
    content = loader.render_to_string(template_name, context, request, using=using)
              ^^^^^^^^^^^^^^^^^^^^^^^^^^^^^^^^^^^^^^^^^^^^^^^^^^^^^^^^^^^^^^^^^^^^^
  File "D:\Lib\site-packages\django\template\loader.py", line 62, in render_to_string
    return template.render(context, request)
           ^^^^^^^^^^^^^^^^^^^^^^^^^^^^^^^^^
  File "D:\Lib\site-packages\django\template\backends\django.py", line 63, in render
    reraise(exc, self.backend)
  File "D:\Lib\site-packages\django\template\backends\django.py", line 84, in reraise
    raise new from exc
django.template.exceptions.TemplateDoesNotExist: includes/footer.html
ERROR 2026-01-18 22:56:18,264 basehttp 11168 22340 "GET / HTTP/1.1" 500 182686
WARNING 2026-01-18 22:56:18,705 log 11168 22340 Not Found: /favicon.ico
WARNING 2026-01-18 22:56:18,710 basehttp 11168 22340 "GET /favicon.ico HTTP/1.1" 404 3019
WARNING 2026-01-18 22:58:32,741 basehttp 8608 17288 "POST /vault/api/visitor-count/ HTTP/1.1" 403 2564
WARNING 2026-01-18 22:58:38,974 basehttp 8608 10040 "POST /vault/api/visitor-count/ HTTP/1.1" 403 2564
WARNING 2026-01-18 23:16:36,380 basehttp 8608 16264 "POST /vault/api/visitor-count/ HTTP/1.1" 403 2564
WARNING 2026-01-18 23:16:43,636 log 8608 15716 Not Found: /.well-known/appspecific/com.chrome.devtools.json
WARNING 2026-01-18 23:16:43,653 basehttp 8608 15716 "GET /.well-known/appspecific/com.chrome.devtools.json HTTP/1.1" 404 3130
WARNING 2026-01-18 23:21:09,599 basehttp 8608 11576 "POST /vault/api/visitor-count/ HTTP/1.1" 403 2564
WARNING 2026-01-18 23:21:11,779 basehttp 8608 11576 "POST /vault/api/visitor-count/ HTTP/1.1" 403 2564
WARNING 2026-01-18 23:21:31,065 basehttp 8608 13388 "POST /vault/api/visitor-count/ HTTP/1.1" 403 2564
WARNING 2026-01-18 23:21:36,989 basehttp 8608 13388 "POST /vault/api/visitor-count/ HTTP/1.1" 403 2564
WARNING 2026-01-18 23:21:47,809 basehttp 8608 19740 "POST /vault/api/visitor-count/ HTTP/1.1" 403 2564
WARNING 2026-01-18 23:21:52,490 basehttp 8608 17636 "POST /vault/api/visitor-count/ HTTP/1.1" 403 2564
WARNING 2026-01-18 23:21:56,968 basehttp 8608 17636 "POST /vault/api/visitor-count/ HTTP/1.1" 403 2564
WARNING 2026-01-18 23:22:02,631 basehttp 8608 18752 "POST /vault/api/visitor-count/ HTTP/1.1" 403 2564
WARNING 2026-01-18 23:23:12,475 basehttp 8608 24488 "POST /vault/api/visitor-count/ HTTP/1.1" 403 2564
WARNING 2026-01-18 23:23:21,439 basehttp 8608 24488 "POST /vault/api/visitor-count/ HTTP/1.1" 403 2564
WARNING 2026-01-18 23:24:31,523 basehttp 8608 22712 "POST /vault/api/visitor-count/ HTTP/1.1" 403 2564
WARNING 2026-01-18 23:27:32,975 basehttp 8608 21972 "POST /vault/api/visitor-count/ HTTP/1.1" 403 2564
WARNING 2026-01-18 23:29:06,797 basehttp 8608 24344 "POST /vault/api/visitor-count/ HTTP/1.1" 403 2564
WARNING 2026-01-18 23:29:10,065 basehttp 8608 24344 "POST /vault/api/visitor-count/ HTTP/1.1" 403 2564
WARNING 2026-01-18 23:33:21,321 basehttp 8608 11512 "POST /vault/api/visitor-count/ HTTP/1.1" 403 2564
WARNING 2026-01-18 23:33:22,989 basehttp 8608 10912 "POST /vault/api/visitor-count/ HTTP/1.1" 403 2564
WARNING 2026-01-18 23:33:27,679 basehttp 8608 10912 "POST /vault/api/visitor-count/ HTTP/1.1" 403 2564
WARNING 2026-01-18 23:33:28,911 log 8608 10912 Not Found: /favicon.ico
WARNING 2026-01-18 23:33:28,914 basehttp 8608 10912 "GET /favicon.ico HTTP/1.1" 404 3019
WARNING 2026-01-18 23:33:36,635 basehttp 8608 20980 "POST /vault/api/visitor-count/ HTTP/1.1" 403 2564
WARNING 2026-01-18 23:33:40,014 basehttp 8608 20980 "POST /vault/api/visitor-count/ HTTP/1.1" 403 2564
WARNING 2026-01-18 23:33:52,202 log 8608 24524 Not Found: /.well-known/appspecific/com.chrome.devtools.json
WARNING 2026-01-18 23:33:52,233 basehttp 8608 24524 "GET /.well-known/appspecific/com.chrome.devtools.json HTTP/1.1" 404 3130
WARNING 2026-01-18 23:33:56,889 basehttp 8608 10912 "POST /vault/api/visitor-count/ HTTP/1.1" 403 2564
WARNING 2026-01-18 23:33:57,047 log 8608 24524 Not Found: /.well-known/appspecific/com.chrome.devtools.json
WARNING 2026-01-18 23:33:57,049 basehttp 8608 24524 "GET /.well-known/appspecific/com.chrome.devtools.json HTTP/1.1" 404 3130
WARNING 2026-01-18 23:35:01,330 basehttp 8608 13988 "POST /vault/api/visitor-count/ HTTP/1.1" 403 2564
WARNING 2026-01-18 23:35:07,270 log 8608 13988 Not Found: /.well-known/appspecific/com.chrome.devtools.json
WARNING 2026-01-18 23:35:07,290 basehttp 8608 13988 "GET /.well-known/appspecific/com.chrome.devtools.json HTTP/1.1" 404 3130
WARNING 2026-01-18 23:38:46,387 log 8608 22008 Not Found: /.well-known/appspecific/com.chrome.devtools.json
WARNING 2026-01-18 23:38:46,389 basehttp 8608 22008 "GET /.well-known/appspecific/com.chrome.devtools.json HTTP/1.1" 404 3130
WARNING 2026-01-18 23:38:46,454 basehttp 8608 18152 "POST /vault/api/visitor-count/ HTTP/1.1" 403 2564
WARNING 2026-01-18 23:39:04,769 basehttp 8608 15136 "POST /vault/api/visitor-count/ HTTP/1.1" 403 2564
WARNING 2026-01-18 23:39:04,905 log 8608 19712 Not Found: /.well-known/appspecific/com.chrome.devtools.json
WARNING 2026-01-18 23:39:04,919 basehttp 8608 19712 "GET /.well-known/appspecific/com.chrome.devtools.json HTTP/1.1" 404 3130
WARNING 2026-01-18 23:40:27,757 basehttp 8608 22952 "POST /vault/api/visitor-count/ HTTP/1.1" 403 2564
WARNING 2026-01-18 23:40:27,989 log 8608 1760 Not Found: /.well-known/appspecific/com.chrome.devtools.json
WARNING 2026-01-18 23:40:28,002 basehttp 8608 1760 "GET /.well-known/appspecific/com.chrome.devtools.json HTTP/1.1" 404 3130
WARNING 2026-01-18 23:42:21,083 basehttp 8608 23748 "POST /vault/api/visitor-count/ HTTP/1.1" 403 2564
WARNING 2026-01-18 23:42:21,156 log 8608 3984 Not Found: /.well-known/appspecific/com.chrome.devtools.json
WARNING 2026-01-18 23:42:21,170 basehttp 8608 3984 "GET /.well-known/appspecific/com.chrome.devtools.json HTTP/1.1" 404 3130
WARNING 2026-01-18 23:43:00,816 basehttp 8608 24768 "POST /vault/api/visitor-count/ HTTP/1.1" 403 2564
WARNING 2026-01-18 23:43:56,099 basehttp 8608 24768 "POST /vault/api/visitor-count/ HTTP/1.1" 403 2564
WARNING 2026-01-18 23:44:48,726 basehttp 8608 23748 "POST /vault/api/visitor-count/ HTTP/1.1" 403 2564
WARNING 2026-01-18 23:45:00,098 basehttp 8608 24148 "POST /vault/api/visitor-count/ HTTP/1.1" 403 2564
WARNING 2026-01-18 23:45:09,947 log 8608 24148 Not Found: /.well-known/appspecific/com.chrome.devtools.json
WARNING 2026-01-18 23:45:09,953 basehttp 8608 24148 "GET /.well-known/appspecific/com.chrome.devtools.json HTTP/1.1" 404 3130
WARNING 2026-01-18 23:45:29,259 log 8608 24556 Not Found: /.well-known/appspecific/com.chrome.devtools.json
WARNING 2026-01-18 23:45:29,276 basehttp 8608 24556 "GET /.well-known/appspecific/com.chrome.devtools.json HTTP/1.1" 404 3130
WARNING 2026-01-18 23:45:29,344 basehttp 8608 11576 "POST /vault/api/visitor-count/ HTTP/1.1" 403 2564
WARNING 2026-01-18 23:45:42,045 basehttp 8608 5692 "POST /vault/api/visitor-count/ HTTP/1.1" 403 2564
WARNING 2026-01-18 23:45:42,902 log 8608 11576 Not Found: /.well-known/appspecific/com.chrome.devtools.json
WARNING 2026-01-18 23:45:42,927 basehttp 8608 11576 "GET /.well-known/appspecific/com.chrome.devtools.json HTTP/1.1" 404 3130
WARNING 2026-01-18 23:45:50,041 basehttp 8608 11576 "POST /vault/api/visitor-count/ HTTP/1.1" 403 2564
WARNING 2026-01-18 23:45:50,221 log 8608 5692 Not Found: /.well-known/appspecific/com.chrome.devtools.json
WARNING 2026-01-18 23:45:50,228 basehttp 8608 5692 "GET /.well-known/appspecific/com.chrome.devtools.json HTTP/1.1" 404 3130
WARNING 2026-01-18 23:51:17,398 basehttp 8608 3796 "POST /vault/api/visitor-count/ HTTP/1.1" 403 2564
WARNING 2026-01-18 23:51:17,894 log 8608 3796 Not Found: /favicon.ico
WARNING 2026-01-18 23:51:17,939 basehttp 8608 3796 "GET /favicon.ico HTTP/1.1" 404 3019
WARNING 2026-01-18 23:51:30,004 basehttp 8608 3796 "POST /vault/api/visitor-count/ HTTP/1.1" 403 2564
WARNING 2026-01-18 23:51:36,636 basehttp 8608 3796 "POST /vault/api/visitor-count/ HTTP/1.1" 403 2564
WARNING 2026-01-18 23:58:35,695 basehttp 8608 12864 "POST /vault/api/visitor-count/ HTTP/1.1" 403 2564
WARNING 2026-01-18 23:58:35,726 log 8608 24356 Not Found: /.well-known/appspecific/com.chrome.devtools.json
WARNING 2026-01-18 23:58:35,785 basehttp 8608 24356 "GET /.well-known/appspecific/com.chrome.devtools.json HTTP/1.1" 404 3130
WARNING 2026-01-18 23:58:47,172 basehttp 8608 3372 "POST /vault/api/visitor-count/ HTTP/1.1" 403 2564
WARNING 2026-01-18 23:58:47,222 log 8608 21704 Not Found: /.well-known/appspecific/com.chrome.devtools.json
WARNING 2026-01-18 23:58:47,233 basehttp 8608 21704 "GET /.well-known/appspecific/com.chrome.devtools.json HTTP/1.1" 404 3130
WARNING 2026-01-18 23:59:01,126 log 8608 24796 Not Found: /.well-known/appspecific/com.chrome.devtools.json
WARNING 2026-01-18 23:59:01,128 basehttp 8608 24796 "GET /.well-known/appspecific/com.chrome.devtools.json HTTP/1.1" 404 3130
WARNING 2026-01-18 23:59:01,311 basehttp 8608 24796 "POST /vault/api/visitor-count/ HTTP/1.1" 403 2564
WARNING 2026-01-18 23:59:32,149 basehttp 8608 25496 "POST /vault/api/visitor-count/ HTTP/1.1" 403 2564
WARNING 2026-01-18 23:59:44,844 basehttp 8608 18440 "POST /vault/api/visitor-count/ HTTP/1.1" 403 2564
WARNING 2026-01-18 23:59:58,647 basehttp 8608 24420 "POST /vault/api/visitor-count/ HTTP/1.1" 403 2564
WARNING 2026-01-19 00:07:24,101 basehttp 8988 23228 "POST /vault/api/visitor-count/ HTTP/1.1" 403 2564
WARNING 2026-01-19 00:07:32,095 basehttp 8988 15836 "POST /vault/api/visitor-count/ HTTP/1.1" 403 2564
WARNING 2026-01-19 00:07:35,429 basehttp 8988 15836 "POST /vault/api/visitor-count/ HTTP/1.1" 403 2564
WARNING 2026-01-19 00:07:45,506 basehttp 8988 24808 "POST /vault/api/visitor-count/ HTTP/1.1" 403 2564
WARNING 2026-01-19 00:08:06,553 basehttp 8988 23668 "POST /vault/api/visitor-count/ HTTP/1.1" 403 2564
WARNING 2026-01-19 00:08:27,648 log 8988 7516 Not Found: /.well-known/appspecific/com.chrome.devtools.json
WARNING 2026-01-19 00:08:27,649 basehttp 8988 7516 "GET /.well-known/appspecific/com.chrome.devtools.json HTTP/1.1" 404 3130
WARNING 2026-01-19 00:09:00,111 log 8988 8772 Not Found: /.well-known/appspecific/com.chrome.devtools.json
WARNING 2026-01-19 00:09:00,213 basehttp 8988 8772 "GET /.well-known/appspecific/com.chrome.devtools.json HTTP/1.1" 404 3130
WARNING 2026-01-19 00:09:00,403 basehttp 8988 11252 "POST /vault/api/visitor-count/ HTTP/1.1" 403 2564
WARNING 2026-01-19 00:10:01,027 basehttp 8988 2748 "POST /vault/api/visitor-count/ HTTP/1.1" 403 2564
WARNING 2026-01-19 00:10:06,871 log 8988 2748 Not Found: /.well-known/appspecific/com.chrome.devtools.json
WARNING 2026-01-19 00:10:06,877 basehttp 8988 2748 "GET /.well-known/appspecific/com.chrome.devtools.json HTTP/1.1" 404 3130
WARNING 2026-01-19 00:10:38,137 log 8988 26220 Not Found: /.well-known/appspecific/com.chrome.devtools.json
WARNING 2026-01-19 00:10:38,141 basehttp 8988 26220 "GET /.well-known/appspecific/com.chrome.devtools.json HTTP/1.1" 404 3130
WARNING 2026-01-19 00:10:38,255 basehttp 8988 26212 "POST /vault/api/visitor-count/ HTTP/1.1" 403 2564
WARNING 2026-01-19 00:11:15,569 basehttp 8988 9832 "POST /vault/api/visitor-count/ HTTP/1.1" 403 2564
WARNING 2026-01-19 00:11:15,639 log 8988 3600 Not Found: /.well-known/appspecific/com.chrome.devtools.json
WARNING 2026-01-19 00:11:15,641 basehttp 8988 3600 "GET /.well-known/appspecific/com.chrome.devtools.json HTTP/1.1" 404 3130
WARNING 2026-01-19 00:11:38,273 basehttp 8988 3600 "POST /vault/api/visitor-count/ HTTP/1.1" 403 2564
WARNING 2026-01-19 00:11:38,357 log 8988 9832 Not Found: /.well-known/appspecific/com.chrome.devtools.json
WARNING 2026-01-19 00:11:38,372 basehttp 8988 9832 "GET /.well-known/appspecific/com.chrome.devtools.json HTTP/1.1" 404 3130
WARNING 2026-01-19 00:11:44,182 basehttp 8988 9832 "POST /vault/api/visitor-count/ HTTP/1.1" 403 2564
WARNING 2026-01-19 00:11:44,247 log 8988 3600 Not Found: /.well-known/appspecific/com.chrome.devtools.json
WARNING 2026-01-19 00:11:44,248 basehttp 8988 3600 "GET /.well-known/appspecific/com.chrome.devtools.json HTTP/1.1" 404 3130
WARNING 2026-01-19 00:11:59,201 basehttp 8988 3600 "POST /vault/api/visitor-count/ HTTP/1.1" 403 2564
WARNING 2026-01-19 00:14:03,087 basehttp 8988 23356 "POST /vault/api/visitor-count/ HTTP/1.1" 403 2564
WARNING 2026-01-19 00:14:05,469 basehttp 8988 23356 "POST /vault/api/visitor-count/ HTTP/1.1" 403 2564
WARNING 2026-01-19 00:14:12,347 log 8988 23356 Not Found: /.well-known/appspecific/com.chrome.devtools.json
WARNING 2026-01-19 00:14:12,414 basehttp 8988 23356 "GET /.well-known/appspecific/com.chrome.devtools.json HTTP/1.1" 404 3130
WARNING 2026-01-19 00:14:22,440 basehttp 8988 26468 "POST /vault/api/visitor-count/ HTTP/1.1" 403 2564
WARNING 2026-01-19 00:14:22,503 log 8988 5100 Not Found: /.well-known/appspecific/com.chrome.devtools.json
WARNING 2026-01-19 00:14:22,505 basehttp 8988 5100 "GET /.well-known/appspecific/com.chrome.devtools.json HTTP/1.1" 404 3130
WARNING 2026-01-19 00:14:24,100 basehttp 8988 26468 "POST /vault/api/visitor-count/ HTTP/1.1" 403 2564
WARNING 2026-01-19 00:14:24,220 log 8988 5100 Not Found: /.well-known/appspecific/com.chrome.devtools.json
WARNING 2026-01-19 00:14:24,235 basehttp 8988 5100 "GET /.well-known/appspecific/com.chrome.devtools.json HTTP/1.1" 404 3130
WARNING 2026-01-19 00:14:48,656 basehttp 8988 1716 "POST /vault/api/visitor-count/ HTTP/1.1" 403 2564
WARNING 2026-01-19 00:14:48,726 log 8988 26468 Not Found: /.well-known/appspecific/com.chrome.devtools.json
WARNING 2026-01-19 00:14:48,731 basehttp 8988 26468 "GET /.well-known/appspecific/com.chrome.devtools.json HTTP/1.1" 404 3130
WARNING 2026-01-19 00:18:20,068 basehttp 8988 27512 "POST /vault/api/visitor-count/ HTTP/1.1" 403 2564
WARNING 2026-01-19 00:18:20,614 log 8988 26564 Not Found: /.well-known/appspecific/com.chrome.devtools.json
WARNING 2026-01-19 00:18:20,654 basehttp 8988 26564 "GET /.well-known/appspecific/com.chrome.devtools.json HTTP/1.1" 404 3130
WARNING 2026-01-19 00:18:44,235 basehttp 8988 26748 "POST /vault/api/visitor-count/ HTTP/1.1" 403 2564
WARNING 2026-01-19 00:18:44,314 log 8988 24932 Not Found: /.well-known/appspecific/com.chrome.devtools.json
WARNING 2026-01-19 00:18:44,314 basehttp 8988 24932 "GET /.well-known/appspecific/com.chrome.devtools.json HTTP/1.1" 404 3130
WARNING 2026-01-19 00:18:52,412 basehttp 8988 26884 "POST /vault/api/visitor-count/ HTTP/1.1" 403 2564
WARNING 2026-01-19 00:18:52,488 log 8988 24932 Not Found: /.well-known/appspecific/com.chrome.devtools.json
WARNING 2026-01-19 00:18:52,515 basehttp 8988 24932 "GET /.well-known/appspecific/com.chrome.devtools.json HTTP/1.1" 404 3130
WARNING 2026-01-19 00:18:59,525 basehttp 8988 24932 "POST /vault/api/visitor-count/ HTTP/1.1" 403 2564
WARNING 2026-01-19 00:18:59,714 log 8988 26884 Not Found: /.well-known/appspecific/com.chrome.devtools.json
WARNING 2026-01-19 00:18:59,718 basehttp 8988 26884 "GET /.well-known/appspecific/com.chrome.devtools.json HTTP/1.1" 404 3130
WARNING 2026-01-19 00:19:05,424 basehttp 8988 26884 "POST /vault/api/visitor-count/ HTTP/1.1" 403 2564
WARNING 2026-01-19 00:19:05,605 log 8988 24932 Not Found: /.well-known/appspecific/com.chrome.devtools.json
WARNING 2026-01-19 00:19:05,607 basehttp 8988 24932 "GET /.well-known/appspecific/com.chrome.devtools.json HTTP/1.1" 404 3130
WARNING 2026-01-19 00:19:11,791 basehttp 8988 24932 "POST /vault/api/visitor-count/ HTTP/1.1" 403 2564
WARNING 2026-01-19 00:19:11,841 log 8988 26884 Not Found: /.well-known/appspecific/com.chrome.devtools.json
WARNING 2026-01-19 00:19:11,841 basehttp 8988 26884 "GET /.well-known/appspecific/com.chrome.devtools.json HTTP/1.1" 404 3130
WARNING 2026-01-19 00:22:15,241 basehttp 8988 7516 "POST /vault/api/visitor-count/ HTTP/1.1" 403 2564
WARNING 2026-01-19 00:26:09,843 log 8988 360 Not Found: /.well-known/appspecific/com.chrome.devtools.json
WARNING 2026-01-19 00:26:09,845 basehttp 8988 360 "GET /.well-known/appspecific/com.chrome.devtools.json HTTP/1.1" 404 3130
WARNING 2026-01-19 00:53:56,470 basehttp 8988 24556 "POST /vault/api/visitor-count/ HTTP/1.1" 403 2564
WARNING 2026-01-19 00:54:09,397 basehttp 8988 7968 "POST /vault/api/visitor-count/ HTTP/1.1" 403 2564
WARNING 2026-01-19 00:56:53,860 basehttp 8988 27388 "POST /vault/api/visitor-count/ HTTP/1.1" 403 2564
WARNING 2026-01-19 00:56:59,214 log 8988 4904 The request's session was deleted before the request completed. The user may have logged out in a concurrent request, for example.: /accounts/login/
Traceback (most recent call last):
  File "D:\Lib\site-packages\django\contrib\sessions\backends\db.py", line 86, in save
    obj.save(
  File "D:\Lib\site-packages\django\db\models\base.py", line 814, in save
    self.save_base(
  File "D:\Lib\site-packages\django\db\models\base.py", line 877, in save_base
    updated = self._save_table(
              ^^^^^^^^^^^^^^^^^
  File "D:\Lib\site-packages\django\db\models\base.py", line 994, in _save_table
    raise DatabaseError("Forced update did not affect any rows.")
django.db.utils.DatabaseError: Forced update did not affect any rows.

During handling of the above exception, another exception occurred:

Traceback (most recent call last):
  File "D:\Lib\site-packages\django\contrib\sessions\middleware.py", line 59, in process_response
    request.session.save()
  File "D:\Lib\site-packages\django\contrib\sessions\backends\db.py", line 95, in save
    raise UpdateError
django.contrib.sessions.backends.base.UpdateError

During handling of the above exception, another exception occurred:

Traceback (most recent call last):
  File "D:\Lib\site-packages\django\core\handlers\exception.py", line 55, in inner
    response = get_response(request)
               ^^^^^^^^^^^^^^^^^^^^^
  File "D:\Lib\site-packages\django\utils\deprecation.py", line 136, in __call__
    response = self.process_response(request, response)
               ^^^^^^^^^^^^^^^^^^^^^^^^^^^^^^^^^^^^^^^^
  File "D:\Lib\site-packages\django\contrib\sessions\middleware.py", line 61, in process_response
    raise SessionInterrupted(
django.contrib.sessions.exceptions.SessionInterrupted: The request's session was deleted before the request completed. The user may have logged out in a concurrent request, for example.
WARNING 2026-01-19 00:56:59,242 basehttp 8988 4904 "POST /accounts/login/ HTTP/1.1" 400 110553
WARNING 2026-01-19 00:57:50,458 basehttp 23416 23728 "POST /vault/api/visitor-count/ HTTP/1.1" 403 2564
WARNING 2026-01-19 00:58:08,319 basehttp 23416 25252 "POST /vault/api/visitor-count/ HTTP/1.1" 403 2564
WARNING 2026-01-19 00:58:21,508 basehttp 23416 27836 "POST /vault/api/visitor-count/ HTTP/1.1" 403 2564
WARNING 2026-01-19 00:58:23,025 log 23416 27836 Not Found: /favicon.ico
WARNING 2026-01-19 00:58:23,029 basehttp 23416 27836 "GET /favicon.ico HTTP/1.1" 404 3019
WARNING 2026-01-19 00:58:23,128 basehttp 23416 25088 "POST /vault/api/visitor-count/ HTTP/1.1" 403 2564
WARNING 2026-01-19 00:58:23,327 log 23416 19216 Not Found: /favicon.ico
WARNING 2026-01-19 00:58:23,359 basehttp 23416 19216 "GET /favicon.ico HTTP/1.1" 404 3019
WARNING 2026-01-19 00:58:29,317 basehttp 23416 19216 "POST /vault/api/visitor-count/ HTTP/1.1" 403 2564
WARNING 2026-01-19 00:58:35,018 basehttp 23416 21012 "POST /vault/api/visitor-count/ HTTP/1.1" 403 2564
WARNING 2026-01-19 00:58:39,175 basehttp 23416 24832 "POST /vault/api/visitor-count/ HTTP/1.1" 403 2564
WARNING 2026-01-19 00:58:43,793 basehttp 23416 28616 "POST /vault/api/visitor-count/ HTTP/1.1" 403 2564
WARNING 2026-01-19 00:59:11,598 basehttp 23416 25828 "POST /vault/api/visitor-count/ HTTP/1.1" 403 2564
WARNING 2026-01-19 00:59:21,989 basehttp 23416 10696 "POST /vault/api/visitor-count/ HTTP/1.1" 403 2564
WARNING 2026-01-19 00:59:24,005 basehttp 23416 10696 "POST /vault/api/visitor-count/ HTTP/1.1" 403 2564
WARNING 2026-01-19 00:59:29,676 basehttp 23416 10696 "POST /vault/api/visitor-count/ HTTP/1.1" 403 2564
WARNING 2026-01-19 00:59:31,130 basehttp 23416 27448 "POST /vault/api/visitor-count/ HTTP/1.1" 403 2564
WARNING 2026-01-19 00:59:32,513 log 23416 27448 Not Found: /favicon.ico
WARNING 2026-01-19 00:59:32,540 basehttp 23416 27448 "GET /favicon.ico HTTP/1.1" 404 3019
WARNING 2026-01-19 01:02:53,952 basehttp 23416 1968 "POST /vault/api/visitor-count/ HTTP/1.1" 403 2564
WARNING 2026-01-19 01:02:56,890 basehttp 23416 1968 "POST /vault/api/visitor-count/ HTTP/1.1" 403 2564
WARNING 2026-01-19 01:03:31,216 basehttp 23416 20572 "POST /vault/api/visitor-count/ HTTP/1.1" 403 2564
WARNING 2026-01-19 01:04:21,928 basehttp 23416 23568 "POST /vault/api/visitor-count/ HTTP/1.1" 403 2564
WARNING 2026-01-19 01:04:26,351 basehttp 23416 23568 "POST /vault/api/visitor-count/ HTTP/1.1" 403 2564
WARNING 2026-01-19 01:04:44,625 basehttp 23416 23568 "POST /vault/api/visitor-count/ HTTP/1.1" 403 2564
WARNING 2026-01-19 01:05:10,145 basehttp 23416 28632 "POST /vault/api/visitor-count/ HTTP/1.1" 403 2564
WARNING 2026-01-19 01:05:17,785 basehttp 23416 28632 "POST /vault/api/visitor-count/ HTTP/1.1" 403 2564
WARNING 2026-01-19 01:05:20,138 basehttp 23416 25716 "POST /vault/api/visitor-count/ HTTP/1.1" 403 2564
WARNING 2026-01-19 01:05:21,119 log 23416 28632 Not Found: /favicon.ico
WARNING 2026-01-19 01:05:21,123 basehttp 23416 28632 "GET /favicon.ico HTTP/1.1" 404 3019
WARNING 2026-01-19 01:05:53,888 basehttp 23416 28632 "POST /vault/api/visitor-count/ HTTP/1.1" 403 2564
WARNING 2026-01-19 01:06:14,238 basehttp 23416 25716 "POST /vault/api/visitor-count/ HTTP/1.1" 403 2564
WARNING 2026-01-19 01:06:48,364 basehttp 23416 23828 "POST /vault/api/visitor-count/ HTTP/1.1" 403 2564
WARNING 2026-01-19 01:06:51,083 basehttp 23416 24684 "POST /vault/api/visitor-count/ HTTP/1.1" 403 2564
WARNING 2026-01-19 01:07:07,678 log 23416 24684 Not Found: /.well-known/appspecific/com.chrome.devtools.json
WARNING 2026-01-19 01:07:07,783 basehttp 23416 24684 "GET /.well-known/appspecific/com.chrome.devtools.json HTTP/1.1" 404 3130
WARNING 2026-01-19 01:07:16,852 basehttp 23416 27744 "POST /vault/api/visitor-count/ HTTP/1.1" 403 2564
WARNING 2026-01-19 01:07:16,925 log 23416 25672 Not Found: /.well-known/appspecific/com.chrome.devtools.json
WARNING 2026-01-19 01:07:16,927 basehttp 23416 25672 "GET /.well-known/appspecific/com.chrome.devtools.json HTTP/1.1" 404 3130
WARNING 2026-01-19 01:07:24,973 basehttp 23416 27820 "POST /vault/api/visitor-count/ HTTP/1.1" 403 2564
WARNING 2026-01-19 01:07:25,054 log 23416 28096 Not Found: /.well-known/appspecific/com.chrome.devtools.json
WARNING 2026-01-19 01:07:25,063 basehttp 23416 28096 "GET /.well-known/appspecific/com.chrome.devtools.json HTTP/1.1" 404 3130
WARNING 2026-01-19 01:07:30,511 basehttp 23416 28096 "POST /vault/api/visitor-count/ HTTP/1.1" 403 2564
WARNING 2026-01-19 01:07:30,610 log 23416 27820 Not Found: /.well-known/appspecific/com.chrome.devtools.json
WARNING 2026-01-19 01:07:30,617 basehttp 23416 27820 "GET /.well-known/appspecific/com.chrome.devtools.json HTTP/1.1" 404 3130
WARNING 2026-01-19 01:07:35,529 basehttp 23416 28096 "POST /vault/api/visitor-count/ HTTP/1.1" 403 2564
WARNING 2026-01-19 01:07:35,605 log 23416 27820 Not Found: /.well-known/appspecific/com.chrome.devtools.json
WARNING 2026-01-19 01:07:35,618 basehttp 23416 27820 "GET /.well-known/appspecific/com.chrome.devtools.json HTTP/1.1" 404 3130
WARNING 2026-01-19 01:07:42,350 basehttp 23416 18668 "POST /vault/api/visitor-count/ HTTP/1.1" 403 2564
WARNING 2026-01-19 01:07:42,453 log 23416 28088 Not Found: /.well-known/appspecific/com.chrome.devtools.json
WARNING 2026-01-19 01:07:42,458 basehttp 23416 28088 "GET /.well-known/appspecific/com.chrome.devtools.json HTTP/1.1" 404 3130
WARNING 2026-01-19 01:08:05,386 basehttp 23416 24560 "POST /vault/api/visitor-count/ HTTP/1.1" 403 2564
WARNING 2026-01-19 01:08:05,479 log 23416 26340 Not Found: /.well-known/appspecific/com.chrome.devtools.json
WARNING 2026-01-19 01:08:05,482 basehttp 23416 26340 "GET /.well-known/appspecific/com.chrome.devtools.json HTTP/1.1" 404 3130
WARNING 2026-01-19 01:08:09,471 basehttp 23416 26340 "POST /vault/api/visitor-count/ HTTP/1.1" 403 2564
WARNING 2026-01-19 01:08:09,553 log 23416 24560 Not Found: /.well-known/appspecific/com.chrome.devtools.json
WARNING 2026-01-19 01:08:09,558 basehttp 23416 24560 "GET /.well-known/appspecific/com.chrome.devtools.json HTTP/1.1" 404 3130
WARNING 2026-01-19 01:08:14,316 basehttp 23416 24600 "POST /vault/api/visitor-count/ HTTP/1.1" 403 2564
WARNING 2026-01-19 01:08:14,373 log 23416 26524 Not Found: /.well-known/appspecific/com.chrome.devtools.json
WARNING 2026-01-19 01:08:14,377 basehttp 23416 26524 "GET /.well-known/appspecific/com.chrome.devtools.json HTTP/1.1" 404 3130
WARNING 2026-01-19 01:08:20,278 basehttp 23416 24600 "POST /vault/api/visitor-count/ HTTP/1.1" 403 2564
WARNING 2026-01-19 01:08:20,370 log 23416 26524 Not Found: /.well-known/appspecific/com.chrome.devtools.json
WARNING 2026-01-19 01:08:20,384 basehttp 23416 26524 "GET /.well-known/appspecific/com.chrome.devtools.json HTTP/1.1" 404 3130
WARNING 2026-01-19 01:08:25,528 basehttp 23416 26268 "POST /vault/api/visitor-count/ HTTP/1.1" 403 2564
WARNING 2026-01-19 01:08:25,727 log 23416 28384 Not Found: /.well-known/appspecific/com.chrome.devtools.json
WARNING 2026-01-19 01:08:25,740 basehttp 23416 28384 "GET /.well-known/appspecific/com.chrome.devtools.json HTTP/1.1" 404 3130
WARNING 2026-01-19 01:24:21,293 log 23416 17000 Not Found: /.well-known/appspecific/com.chrome.devtools.json
WARNING 2026-01-19 01:24:21,353 basehttp 23416 17000 "GET /.well-known/appspecific/com.chrome.devtools.json HTTP/1.1" 404 3130
WARNING 2026-01-19 01:24:21,422 basehttp 23416 1760 "POST /vault/api/visitor-count/ HTTP/1.1" 403 2564
WARNING 2026-01-19 01:26:34,777 log 23416 28108 Not Found: /.well-known/appspecific/com.chrome.devtools.json
WARNING 2026-01-19 01:26:34,800 basehttp 23416 28108 "GET /.well-known/appspecific/com.chrome.devtools.json HTTP/1.1" 404 3130
WARNING 2026-01-19 01:26:46,848 log 23416 28108 Not Found: /.well-known/appspecific/com.chrome.devtools.json
WARNING 2026-01-19 01:26:46,851 basehttp 23416 28108 "GET /.well-known/appspecific/com.chrome.devtools.json HTTP/1.1" 404 3130
WARNING 2026-01-19 01:26:46,920 basehttp 23416 24556 "POST /vault/api/visitor-count/ HTTP/1.1" 403 2564
WARNING 2026-01-19 01:26:55,092 basehttp 23416 28108 "POST /vault/api/visitor-count/ HTTP/1.1" 403 2564
WARNING 2026-01-19 01:26:55,223 log 23416 24556 Not Found: /.well-known/appspecific/com.chrome.devtools.json
WARNING 2026-01-19 01:26:55,230 basehttp 23416 24556 "GET /.well-known/appspecific/com.chrome.devtools.json HTTP/1.1" 404 3130
WARNING 2026-01-19 01:27:10,200 basehttp 23416 28108 "POST /vault/api/visitor-count/ HTTP/1.1" 403 2564
WARNING 2026-01-19 01:27:10,435 log 23416 24556 Not Found: /.well-known/appspecific/com.chrome.devtools.json
WARNING 2026-01-19 01:27:10,454 basehttp 23416 24556 "GET /.well-known/appspecific/com.chrome.devtools.json HTTP/1.1" 404 3130
WARNING 2026-01-19 01:27:28,610 basehttp 23416 28108 "POST /vault/api/visitor-count/ HTTP/1.1" 403 2564
WARNING 2026-01-19 01:27:28,707 log 23416 24556 Not Found: /.well-known/appspecific/com.chrome.devtools.json
WARNING 2026-01-19 01:27:28,731 basehttp 23416 24556 "GET /.well-known/appspecific/com.chrome.devtools.json HTTP/1.1" 404 3130
WARNING 2026-01-19 01:27:36,763 basehttp 23416 14520 "POST /vault/api/visitor-count/ HTTP/1.1" 403 2564
WARNING 2026-01-19 01:27:36,843 log 23416 24556 Not Found: /.well-known/appspecific/com.chrome.devtools.json
WARNING 2026-01-19 01:27:36,852 basehttp 23416 24556 "GET /.well-known/appspecific/com.chrome.devtools.json HTTP/1.1" 404 3130
WARNING 2026-01-19 01:27:46,500 basehttp 23416 14520 "POST /vault/api/visitor-count/ HTTP/1.1" 403 2564
WARNING 2026-01-19 01:27:46,700 log 23416 24556 Not Found: /.well-known/appspecific/com.chrome.devtools.json
WARNING 2026-01-19 01:27:46,723 basehttp 23416 24556 "GET /.well-known/appspecific/com.chrome.devtools.json HTTP/1.1" 404 3130
WARNING 2026-01-19 01:28:18,746 basehttp 23416 14520 "POST /vault/api/visitor-count/ HTTP/1.1" 403 2564
WARNING 2026-01-19 01:28:18,845 log 23416 24556 Not Found: /.well-known/appspecific/com.chrome.devtools.json
WARNING 2026-01-19 01:28:18,849 basehttp 23416 24556 "GET /.well-known/appspecific/com.chrome.devtools.json HTTP/1.1" 404 3130
WARNING 2026-01-19 01:28:24,632 basehttp 23416 14520 "POST /vault/api/visitor-count/ HTTP/1.1" 403 2564
WARNING 2026-01-19 01:28:24,736 log 23416 24556 Not Found: /.well-known/appspecific/com.chrome.devtools.json
WARNING 2026-01-19 01:28:24,742 basehttp 23416 24556 "GET /.well-known/appspecific/com.chrome.devtools.json HTTP/1.1" 404 3130
WARNING 2026-01-19 01:30:24,220 basehttp 23416 22400 "POST /vault/api/visitor-count/ HTTP/1.1" 403 2564
WARNING 2026-01-19 01:31:09,525 basehttp 23416 23992 "POST /vault/api/visitor-count/ HTTP/1.1" 403 2564
WARNING 2026-01-19 01:31:13,257 basehttp 23416 23992 "POST /vault/api/visitor-count/ HTTP/1.1" 403 2564
WARNING 2026-01-19 01:31:14,652 log 23416 23992 Not Found: /favicon.ico
WARNING 2026-01-19 01:31:14,703 basehttp 23416 23992 "GET /favicon.ico HTTP/1.1" 404 3019
WARNING 2026-01-19 01:31:23,631 basehttp 23416 23992 "POST /vault/api/visitor-count/ HTTP/1.1" 403 2564
WARNING 2026-01-19 01:31:24,519 log 23416 23992 Not Found: /favicon.ico
WARNING 2026-01-19 01:31:24,558 basehttp 23416 23992 "GET /favicon.ico HTTP/1.1" 404 3019
WARNING 2026-01-19 01:32:59,089 basehttp 23416 29104 "POST /vault/api/visitor-count/ HTTP/1.1" 403 2564
WARNING 2026-01-19 01:33:08,249 basehttp 23416 29104 "POST /vault/api/visitor-count/ HTTP/1.1" 403 2564
WARNING 2026-01-19 01:33:11,676 basehttp 23416 29120 "POST /vault/api/visitor-count/ HTTP/1.1" 403 2564
WARNING 2026-01-19 01:33:12,999 log 23416 29120 Not Found: /favicon.ico
WARNING 2026-01-19 01:33:13,212 basehttp 23416 29120 "GET /favicon.ico HTTP/1.1" 404 3019
WARNING 2026-01-19 01:33:32,968 basehttp 23416 25716 "POST /vault/api/visitor-count/ HTTP/1.1" 403 2564
WARNING 2026-01-19 01:33:33,546 log 23416 25716 Not Found: /favicon.ico
WARNING 2026-01-19 01:33:33,569 basehttp 23416 25716 "GET /favicon.ico HTTP/1.1" 404 3019
WARNING 2026-01-19 01:33:58,183 basehttp 23416 23860 "POST /vault/api/visitor-count/ HTTP/1.1" 403 2564
WARNING 2026-01-19 01:34:02,163 basehttp 23416 23860 "POST /vault/api/visitor-count/ HTTP/1.1" 403 2564
WARNING 2026-01-19 01:34:04,097 basehttp 23416 23860 "POST /vault/api/visitor-count/ HTTP/1.1" 403 2564
WARNING 2026-01-19 01:34:30,317 log 23416 30452 Not Found: /.well-known/appspecific/com.chrome.devtools.json
WARNING 2026-01-19 01:34:30,330 basehttp 23416 30452 "GET /.well-known/appspecific/com.chrome.devtools.json HTTP/1.1" 404 3130
WARNING 2026-01-19 01:35:19,980 basehttp 23416 27564 "POST /vault/api/visitor-count/ HTTP/1.1" 403 2564
WARNING 2026-01-19 01:35:20,271 log 23416 18916 Not Found: /favicon.ico
WARNING 2026-01-19 01:35:20,410 basehttp 23416 18916 "GET /favicon.ico HTTP/1.1" 404 3019
WARNING 2026-01-19 01:35:23,723 log 23416 18916 Not Found: /.well-known/appspecific/com.chrome.devtools.json
WARNING 2026-01-19 01:35:23,789 basehttp 23416 18916 "GET /.well-known/appspecific/com.chrome.devtools.json HTTP/1.1" 404 3130
WARNING 2026-01-19 01:35:35,945 basehttp 23416 28788 "POST /vault/api/visitor-count/ HTTP/1.1" 403 2564
WARNING 2026-01-19 01:35:36,316 log 23416 27720 Not Found: /.well-known/appspecific/com.chrome.devtools.json
WARNING 2026-01-19 01:35:36,352 basehttp 23416 27720 "GET /.well-known/appspecific/com.chrome.devtools.json HTTP/1.1" 404 3130
WARNING 2026-01-19 01:35:41,937 basehttp 23416 27516 "POST /vault/api/visitor-count/ HTTP/1.1" 403 2564
WARNING 2026-01-19 01:35:42,134 log 23416 29472 Not Found: /.well-known/appspecific/com.chrome.devtools.json
WARNING 2026-01-19 01:35:42,183 basehttp 23416 29472 "GET /.well-known/appspecific/com.chrome.devtools.json HTTP/1.1" 404 3130
WARNING 2026-01-19 01:35:59,438 basehttp 23416 26996 "POST /vault/api/visitor-count/ HTTP/1.1" 403 2564
WARNING 2026-01-19 01:35:59,520 log 23416 28368 Not Found: /.well-known/appspecific/com.chrome.devtools.json
WARNING 2026-01-19 01:35:59,526 basehttp 23416 28368 "GET /.well-known/appspecific/com.chrome.devtools.json HTTP/1.1" 404 3130
WARNING 2026-01-19 01:36:36,627 log 23416 30100 Not Found: /.well-known/appspecific/com.chrome.devtools.json
WARNING 2026-01-19 01:36:36,637 basehttp 23416 30100 "GET /.well-known/appspecific/com.chrome.devtools.json HTTP/1.1" 404 3130
WARNING 2026-01-19 01:36:37,032 basehttp 23416 29640 "POST /vault/api/visitor-count/ HTTP/1.1" 403 2564
WARNING 2026-01-19 01:36:40,493 log 23416 30100 Not Found: /.well-known/appspecific/com.chrome.devtools.json
WARNING 2026-01-19 01:36:40,509 basehttp 23416 30100 "GET /.well-known/appspecific/com.chrome.devtools.json HTTP/1.1" 404 3130
WARNING 2026-01-19 01:36:41,023 basehttp 23416 30100 "POST /vault/api/visitor-count/ HTTP/1.1" 403 2564
WARNING 2026-01-19 01:36:41,524 log 23416 30100 Not Found: /.well-known/appspecific/com.chrome.devtools.json
WARNING 2026-01-19 01:36:41,524 basehttp 23416 30100 "GET /.well-known/appspecific/com.chrome.devtools.json HTTP/1.1" 404 3130
WARNING 2026-01-19 01:36:41,679 log 23416 30100 Not Found: /.well-known/appspecific/com.chrome.devtools.json
WARNING 2026-01-19 01:36:41,683 basehttp 23416 30100 "GET /.well-known/appspecific/com.chrome.devtools.json HTTP/1.1" 404 3130
WARNING 2026-01-19 01:36:41,842 basehttp 23416 30100 "POST /vault/api/visitor-count/ HTTP/1.1" 403 2564
WARNING 2026-01-19 01:36:42,143 log 23416 30100 Not Found: /.well-known/appspecific/com.chrome.devtools.json
WARNING 2026-01-19 01:36:42,149 basehttp 23416 30100 "GET /.well-known/appspecific/com.chrome.devtools.json HTTP/1.1" 404 3130
WARNING 2026-01-19 01:36:42,323 log 23416 30100 Not Found: /.well-known/appspecific/com.chrome.devtools.json
WARNING 2026-01-19 01:36:42,325 basehttp 23416 30100 "GET /.well-known/appspecific/com.chrome.devtools.json HTTP/1.1" 404 3130
WARNING 2026-01-19 01:36:42,361 log 23416 30100 Not Found: /.well-known/appspecific/com.chrome.devtools.json
WARNING 2026-01-19 01:36:42,365 basehttp 23416 30100 "GET /.well-known/appspecific/com.chrome.devtools.json HTTP/1.1" 404 3130
WARNING 2026-01-19 01:36:42,476 basehttp 23416 29640 "POST /vault/api/visitor-count/ HTTP/1.1" 403 2564
WARNING 2026-01-19 01:36:42,574 log 23416 29640 Not Found: /.well-known/appspecific/com.chrome.devtools.json
WARNING 2026-01-19 01:36:42,577 basehttp 23416 29640 "GET /.well-known/appspecific/com.chrome.devtools.json HTTP/1.1" 404 3130
WARNING 2026-01-19 01:36:42,682 log 23416 29640 Not Found: /.well-known/appspecific/com.chrome.devtools.json
WARNING 2026-01-19 01:36:42,685 basehttp 23416 29640 "GET /.well-known/appspecific/com.chrome.devtools.json HTTP/1.1" 404 3130
WARNING 2026-01-19 01:36:42,759 basehttp 23416 29640 "POST /vault/api/visitor-count/ HTTP/1.1" 403 2564
WARNING 2026-01-19 01:36:43,610 log 23416 29640 Not Found: /favicon.ico
WARNING 2026-01-19 01:36:43,687 basehttp 23416 29640 "GET /favicon.ico HTTP/1.1" 404 3019
WARNING 2026-01-19 01:36:52,379 basehttp 23416 29640 "POST /vault/api/visitor-count/ HTTP/1.1" 403 2564
WARNING 2026-01-19 01:36:52,866 log 23416 29640 Not Found: /favicon.ico
WARNING 2026-01-19 01:36:52,867 basehttp 23416 29640 "GET /favicon.ico HTTP/1.1" 404 3019
WARNING 2026-01-19 01:37:07,966 basehttp 23416 29640 "POST /vault/api/visitor-count/ HTTP/1.1" 403 2564
WARNING 2026-01-19 01:37:08,189 log 23416 29640 Not Found: /favicon.ico
WARNING 2026-01-19 01:37:08,196 basehttp 23416 29640 "GET /favicon.ico HTTP/1.1" 404 3019
WARNING 2026-01-19 01:37:39,303 basehttp 23416 29640 "POST /vault/api/visitor-count/ HTTP/1.1" 403 2564
WARNING 2026-01-19 01:37:39,711 log 23416 29640 Not Found: /favicon.ico
WARNING 2026-01-19 01:37:39,713 basehttp 23416 29640 "GET /favicon.ico HTTP/1.1" 404 3019
WARNING 2026-01-19 01:37:40,262 basehttp 23416 29640 "POST /vault/api/visitor-count/ HTTP/1.1" 403 2564
WARNING 2026-01-19 01:37:40,524 basehttp 23416 29640 "POST /vault/api/visitor-count/ HTTP/1.1" 403 2564
WARNING 2026-01-19 01:37:40,940 basehttp 23416 29640 "POST /vault/api/visitor-count/ HTTP/1.1" 403 2564
WARNING 2026-01-19 01:37:41,100 basehttp 23416 30100 "POST /vault/api/visitor-count/ HTTP/1.1" 403 2564
WARNING 2026-01-19 01:37:41,543 basehttp 23416 30100 "POST /vault/api/visitor-count/ HTTP/1.1" 403 2564
WARNING 2026-01-19 01:37:41,770 basehttp 23416 30100 "POST /vault/api/visitor-count/ HTTP/1.1" 403 2564
WARNING 2026-01-19 01:37:42,408 log 23416 30100 Not Found: /favicon.ico
WARNING 2026-01-19 01:37:42,439 basehttp 23416 30100 "GET /favicon.ico HTTP/1.1" 404 3019
ERROR 2026-01-19 01:44:10,787 log 23416 30448 Internal Server Error: /accounts/login/
Traceback (most recent call last):
  File "D:\Lib\site-packages\django\template\base.py", line 505, in parse
    compile_func = self.tags[command]
                   ~~~~~~~~~^^^^^^^^^
KeyError: 'endblock'

During handling of the above exception, another exception occurred:

Traceback (most recent call last):
  File "D:\Lib\site-packages\django\core\handlers\exception.py", line 55, in inner
    response = get_response(request)
               ^^^^^^^^^^^^^^^^^^^^^
  File "D:\Lib\site-packages\django\core\handlers\base.py", line 197, in _get_response
    response = wrapped_callback(request, *callback_args, **callback_kwargs)
               ^^^^^^^^^^^^^^^^^^^^^^^^^^^^^^^^^^^^^^^^^^^^^^^^^^^^^^^^^^^^
  File "D:\Lib\contextlib.py", line 81, in inner
    return func(*args, **kwds)
           ^^^^^^^^^^^^^^^^^^^
  File "D:\Lib\site-packages\django\utils\decorators.py", line 134, in _wrapper_view
    response = view_func(request, *args, **kwargs)
               ^^^^^^^^^^^^^^^^^^^^^^^^^^^^^^^^^^^
  File "D:\Lib\site-packages\django\views\decorators\http.py", line 43, in inner
    return func(request, *args, **kwargs)
           ^^^^^^^^^^^^^^^^^^^^^^^^^^^^^^
  File "E:\Resume_Projects\lifedocs\accounts\views.py", line 397, in login_view
    return render(request, 'accounts/login.html')
           ^^^^^^^^^^^^^^^^^^^^^^^^^^^^^^^^^^^^^^
  File "D:\Lib\site-packages\django\shortcuts.py", line 24, in render
    content = loader.render_to_string(template_name, context, request, using=using)
              ^^^^^^^^^^^^^^^^^^^^^^^^^^^^^^^^^^^^^^^^^^^^^^^^^^^^^^^^^^^^^^^^^^^^^
  File "D:\Lib\site-packages\django\template\loader.py", line 61, in render_to_string
    template = get_template(template_name, using=using)
               ^^^^^^^^^^^^^^^^^^^^^^^^^^^^^^^^^^^^^^^^
  File "D:\Lib\site-packages\django\template\loader.py", line 15, in get_template
    return engine.get_template(template_name)
           ^^^^^^^^^^^^^^^^^^^^^^^^^^^^^^^^^^
  File "D:\Lib\site-packages\django\template\backends\django.py", line 33, in get_template
    return Template(self.engine.get_template(template_name), self)
                    ^^^^^^^^^^^^^^^^^^^^^^^^^^^^^^^^^^^^^^^
  File "D:\Lib\site-packages\django\template\engine.py", line 175, in get_template
    template, origin = self.find_template(template_name)
                       ^^^^^^^^^^^^^^^^^^^^^^^^^^^^^^^^^
  File "D:\Lib\site-packages\django\template\engine.py", line 157, in find_template
    template = loader.get_template(name, skip=skip)
               ^^^^^^^^^^^^^^^^^^^^^^^^^^^^^^^^^^^^
  File "D:\Lib\site-packages\django\template\loaders\cached.py", line 57, in get_template
    template = super().get_template(template_name, skip)
               ^^^^^^^^^^^^^^^^^^^^^^^^^^^^^^^^^^^^^^^^^
  File "D:\Lib\site-packages\django\template\loaders\base.py", line 28, in get_template
    return Template(
           ^^^^^^^^^
  File "D:\Lib\site-packages\django\template\base.py", line 154, in __init__
    self.nodelist = self.compile_nodelist()
                    ^^^^^^^^^^^^^^^^^^^^^^^
  File "D:\Lib\site-packages\django\template\base.py", line 200, in compile_nodelist
    return parser.parse()
           ^^^^^^^^^^^^^^
  File "D:\Lib\site-packages\django\template\base.py", line 513, in parse
    raise self.error(token, e)
  File "D:\Lib\site-packages\django\template\base.py", line 511, in parse
    compiled_result = compile_func(self, token)
                      ^^^^^^^^^^^^^^^^^^^^^^^^^
  File "D:\Lib\site-packages\django\template\loader_tags.py", line 293, in do_extends
    nodelist = parser.parse()
               ^^^^^^^^^^^^^^
  File "D:\Lib\site-packages\django\template\base.py", line 507, in parse
    self.invalid_block_tag(token, command, parse_until)
  File "D:\Lib\site-packages\django\template\base.py", line 568, in invalid_block_tag
    raise self.error(
django.template.exceptions.TemplateSyntaxError: Invalid block tag on line 312: 'endblock'. Did you forget to register or load this tag?
ERROR 2026-01-19 01:44:11,204 basehttp 23416 30448 "GET /accounts/login/ HTTP/1.1" 500 182304
WARNING 2026-01-19 01:44:40,200 basehttp 23416 30308 "POST /vault/api/visitor-count/ HTTP/1.1" 403 2564
WARNING 2026-01-19 01:44:52,633 log 23416 30308 Not Found: /.well-known/appspecific/com.chrome.devtools.json
WARNING 2026-01-19 01:44:52,635 basehttp 23416 30308 "GET /.well-known/appspecific/com.chrome.devtools.json HTTP/1.1" 404 3130
WARNING 2026-01-19 01:46:33,963 basehttp 23416 31492 "POST /vault/api/visitor-count/ HTTP/1.1" 403 2564
WARNING 2026-01-19 01:46:34,539 log 23416 31496 Not Found: /.well-known/appspecific/com.chrome.devtools.json
WARNING 2026-01-19 01:46:34,543 basehttp 23416 31496 "GET /.well-known/appspecific/com.chrome.devtools.json HTTP/1.1" 404 3130
WARNING 2026-01-19 01:46:39,834 basehttp 23416 31496 "POST /vault/api/visitor-count/ HTTP/1.1" 403 2564
WARNING 2026-01-19 01:46:40,322 log 23416 31496 Not Found: /.well-known/appspecific/com.chrome.devtools.json
WARNING 2026-01-19 01:46:40,357 basehttp 23416 31496 "GET /.well-known/appspecific/com.chrome.devtools.json HTTP/1.1" 404 3130
WARNING 2026-01-19 01:46:43,351 basehttp 23416 31492 "POST /vault/api/visitor-count/ HTTP/1.1" 403 2564
WARNING 2026-01-19 01:46:43,432 log 23416 31496 Not Found: /.well-known/appspecific/com.chrome.devtools.json
WARNING 2026-01-19 01:46:43,436 basehttp 23416 31496 "GET /.well-known/appspecific/com.chrome.devtools.json HTTP/1.1" 404 3130
WARNING 2026-01-19 01:46:50,398 basehttp 23416 31492 "POST /vault/api/visitor-count/ HTTP/1.1" 403 2564
WARNING 2026-01-19 01:46:50,489 log 23416 31496 Not Found: /.well-known/appspecific/com.chrome.devtools.json
WARNING 2026-01-19 01:46:50,491 basehttp 23416 31496 "GET /.well-known/appspecific/com.chrome.devtools.json HTTP/1.1" 404 3130
WARNING 2026-01-19 01:47:07,846 basehttp 23416 31148 "POST /vault/api/visitor-count/ HTTP/1.1" 403 2564
WARNING 2026-01-19 01:47:07,923 log 23416 17336 Not Found: /.well-known/appspecific/com.chrome.devtools.json
WARNING 2026-01-19 01:47:07,928 basehttp 23416 17336 "GET /.well-known/appspecific/com.chrome.devtools.json HTTP/1.1" 404 3130
WARNING 2026-01-19 01:47:12,809 basehttp 23416 29712 "POST /vault/api/visitor-count/ HTTP/1.1" 403 2564
WARNING 2026-01-19 01:47:12,911 log 23416 28936 Not Found: /.well-known/appspecific/com.chrome.devtools.json
WARNING 2026-01-19 01:47:12,927 basehttp 23416 28936 "GET /.well-known/appspecific/com.chrome.devtools.json HTTP/1.1" 404 3130
WARNING 2026-01-19 01:49:16,834 basehttp 23416 13800 "POST /vault/api/visitor-count/ HTTP/1.1" 403 2564
WARNING 2026-01-19 01:49:19,123 basehttp 23416 13800 "POST /vault/api/visitor-count/ HTTP/1.1" 403 2564
ERROR 2026-01-19 01:49:23,524 log 23416 13800 Internal Server Error: /accounts/register/
Traceback (most recent call last):
  File "D:\Lib\site-packages\django\core\handlers\exception.py", line 55, in inner
    response = get_response(request)
               ^^^^^^^^^^^^^^^^^^^^^
  File "D:\Lib\site-packages\django\core\handlers\base.py", line 197, in _get_response
    response = wrapped_callback(request, *callback_args, **callback_kwargs)
               ^^^^^^^^^^^^^^^^^^^^^^^^^^^^^^^^^^^^^^^^^^^^^^^^^^^^^^^^^^^^
  File "D:\Lib\contextlib.py", line 81, in inner
    return func(*args, **kwds)
           ^^^^^^^^^^^^^^^^^^^
  File "D:\Lib\site-packages\django\utils\decorators.py", line 134, in _wrapper_view
    response = view_func(request, *args, **kwargs)
               ^^^^^^^^^^^^^^^^^^^^^^^^^^^^^^^^^^^
  File "D:\Lib\site-packages\django\views\decorators\http.py", line 43, in inner
    return func(request, *args, **kwargs)
           ^^^^^^^^^^^^^^^^^^^^^^^^^^^^^^
  File "E:\Resume_Projects\lifedocs\accounts\views.py", line 109, in register_view
    return render(request, 'accounts/register.html')
           ^^^^^^^^^^^^^^^^^^^^^^^^^^^^^^^^^^^^^^^^^
  File "D:\Lib\site-packages\django\shortcuts.py", line 24, in render
    content = loader.render_to_string(template_name, context, request, using=using)
              ^^^^^^^^^^^^^^^^^^^^^^^^^^^^^^^^^^^^^^^^^^^^^^^^^^^^^^^^^^^^^^^^^^^^^
  File "D:\Lib\site-packages\django\template\loader.py", line 61, in render_to_string
    template = get_template(template_name, using=using)
               ^^^^^^^^^^^^^^^^^^^^^^^^^^^^^^^^^^^^^^^^
  File "D:\Lib\site-packages\django\template\loader.py", line 15, in get_template
    return engine.get_template(template_name)
           ^^^^^^^^^^^^^^^^^^^^^^^^^^^^^^^^^^
  File "D:\Lib\site-packages\django\template\backends\django.py", line 33, in get_template
    return Template(self.engine.get_template(template_name), self)
                    ^^^^^^^^^^^^^^^^^^^^^^^^^^^^^^^^^^^^^^^
  File "D:\Lib\site-packages\django\template\engine.py", line 175, in get_template
    template, origin = self.find_template(template_name)
                       ^^^^^^^^^^^^^^^^^^^^^^^^^^^^^^^^^
  File "D:\Lib\site-packages\django\template\engine.py", line 157, in find_template
    template = loader.get_template(name, skip=skip)
               ^^^^^^^^^^^^^^^^^^^^^^^^^^^^^^^^^^^^
  File "D:\Lib\site-packages\django\template\loaders\cached.py", line 57, in get_template
    template = super().get_template(template_name, skip)
               ^^^^^^^^^^^^^^^^^^^^^^^^^^^^^^^^^^^^^^^^^
  File "D:\Lib\site-packages\django\template\loaders\base.py", line 28, in get_template
    return Template(
           ^^^^^^^^^
  File "D:\Lib\site-packages\django\template\base.py", line 154, in __init__
    self.nodelist = self.compile_nodelist()
                    ^^^^^^^^^^^^^^^^^^^^^^^
  File "D:\Lib\site-packages\django\template\base.py", line 200, in compile_nodelist
    return parser.parse()
           ^^^^^^^^^^^^^^
  File "D:\Lib\site-packages\django\template\base.py", line 513, in parse
    raise self.error(token, e)
  File "D:\Lib\site-packages\django\template\base.py", line 511, in parse
    compiled_result = compile_func(self, token)
                      ^^^^^^^^^^^^^^^^^^^^^^^^^
  File "D:\Lib\site-packages\django\template\loader_tags.py", line 293, in do_extends
    nodelist = parser.parse()
               ^^^^^^^^^^^^^^
  File "D:\Lib\site-packages\django\template\base.py", line 513, in parse
    raise self.error(token, e)
  File "D:\Lib\site-packages\django\template\base.py", line 511, in parse
    compiled_result = compile_func(self, token)
                      ^^^^^^^^^^^^^^^^^^^^^^^^^
  File "D:\Lib\site-packages\django\template\loader_tags.py", line 232, in do_block
    nodelist = parser.parse(("endblock",))
               ^^^^^^^^^^^^^^^^^^^^^^^^^^^
  File "D:\Lib\site-packages\django\template\base.py", line 518, in parse
    self.unclosed_block_tag(parse_until)
  File "D:\Lib\site-packages\django\template\base.py", line 581, in unclosed_block_tag
    raise self.error(token, msg)
django.template.exceptions.TemplateSyntaxError: Unclosed tag on line 1: 'block'. Looking for one of: endblock.
ERROR 2026-01-19 01:49:23,547 basehttp 23416 13800 "GET /accounts/register/ HTTP/1.1" 500 190080
WARNING 2026-01-19 01:49:42,387 basehttp 23416 16024 "POST /vault/api/visitor-count/ HTTP/1.1" 403 2564
WARNING 2026-01-19 01:50:00,972 basehttp 23416 28476 "POST /vault/api/visitor-count/ HTTP/1.1" 403 2564
WARNING 2026-01-19 01:53:55,618 basehttp 23416 29148 "POST /vault/api/visitor-count/ HTTP/1.1" 403 2564
WARNING 2026-01-19 01:54:00,878 basehttp 23416 29148 "POST /vault/api/visitor-count/ HTTP/1.1" 403 2564
WARNING 2026-01-19 01:54:05,640 basehttp 23416 29148 "POST /vault/api/visitor-count/ HTTP/1.1" 403 2564
WARNING 2026-01-19 01:54:08,266 basehttp 23416 29148 "POST /vault/api/visitor-count/ HTTP/1.1" 403 2564
WARNING 2026-01-19 01:54:17,899 log 23416 29148 Not Found: /.well-known/appspecific/com.chrome.devtools.json
WARNING 2026-01-19 01:54:17,928 basehttp 23416 29148 "GET /.well-known/appspecific/com.chrome.devtools.json HTTP/1.1" 404 3130
WARNING 2026-01-19 01:54:28,312 log 23416 28760 Not Found: /.well-known/appspecific/com.chrome.devtools.json
WARNING 2026-01-19 01:54:28,312 basehttp 23416 28760 "GET /.well-known/appspecific/com.chrome.devtools.json HTTP/1.1" 404 3130
WARNING 2026-01-19 01:54:28,402 basehttp 23416 30476 "POST /vault/api/visitor-count/ HTTP/1.1" 403 2564
WARNING 2026-01-19 01:54:49,349 basehttp 23416 24368 "POST /vault/api/visitor-count/ HTTP/1.1" 403 2564
WARNING 2026-01-19 01:54:49,458 log 23416 30416 Not Found: /.well-known/appspecific/com.chrome.devtools.json
WARNING 2026-01-19 01:54:49,460 basehttp 23416 30416 "GET /.well-known/appspecific/com.chrome.devtools.json HTTP/1.1" 404 3130
WARNING 2026-01-19 01:54:54,109 basehttp 23416 12336 "POST /vault/api/visitor-count/ HTTP/1.1" 403 2564
WARNING 2026-01-19 01:54:54,159 log 23416 28208 Not Found: /.well-known/appspecific/com.chrome.devtools.json
WARNING 2026-01-19 01:54:54,160 basehttp 23416 28208 "GET /.well-known/appspecific/com.chrome.devtools.json HTTP/1.1" 404 3130
WARNING 2026-01-19 01:54:59,269 basehttp 23416 28340 "POST /vault/api/visitor-count/ HTTP/1.1" 403 2564
WARNING 2026-01-19 01:54:59,335 log 23416 28208 Not Found: /.well-known/appspecific/com.chrome.devtools.json
WARNING 2026-01-19 01:54:59,349 basehttp 23416 28208 "GET /.well-known/appspecific/com.chrome.devtools.json HTTP/1.1" 404 3130
WARNING 2026-01-19 01:55:07,351 basehttp 23416 25004 "POST /vault/api/visitor-count/ HTTP/1.1" 403 2564
WARNING 2026-01-19 01:55:07,443 log 23416 30084 Not Found: /.well-known/appspecific/com.chrome.devtools.json
WARNING 2026-01-19 01:55:07,445 basehttp 23416 30084 "GET /.well-known/appspecific/com.chrome.devtools.json HTTP/1.1" 404 3130
WARNING 2026-01-19 01:57:56,513 basehttp 23416 21904 "POST /vault/api/visitor-count/ HTTP/1.1" 403 2564
WARNING 2026-01-19 01:57:56,707 log 23416 23012 Not Found: /.well-known/appspecific/com.chrome.devtools.json
WARNING 2026-01-19 01:57:56,718 basehttp 23416 23012 "GET /.well-known/appspecific/com.chrome.devtools.json HTTP/1.1" 404 3130
WARNING 2026-01-19 01:57:59,988 basehttp 23416 21904 "POST /vault/api/visitor-count/ HTTP/1.1" 403 2564
WARNING 2026-01-19 01:58:00,067 log 23416 23012 Not Found: /.well-known/appspecific/com.chrome.devtools.json
WARNING 2026-01-19 01:58:00,069 basehttp 23416 23012 "GET /.well-known/appspecific/com.chrome.devtools.json HTTP/1.1" 404 3130
WARNING 2026-01-19 01:58:14,636 basehttp 23416 21904 "POST /vault/api/visitor-count/ HTTP/1.1" 403 2564
WARNING 2026-01-19 01:58:14,776 log 23416 23012 Not Found: /.well-known/appspecific/com.chrome.devtools.json
WARNING 2026-01-19 01:58:14,786 basehttp 23416 23012 "GET /.well-known/appspecific/com.chrome.devtools.json HTTP/1.1" 404 3130
WARNING 2026-01-19 01:58:21,332 basehttp 23416 21904 "POST /vault/api/visitor-count/ HTTP/1.1" 403 2564
WARNING 2026-01-19 01:58:21,418 log 23416 23012 Not Found: /.well-known/appspecific/com.chrome.devtools.json
WARNING 2026-01-19 01:58:21,420 basehttp 23416 23012 "GET /.well-known/appspecific/com.chrome.devtools.json HTTP/1.1" 404 3130
WARNING 2026-01-19 01:58:26,350 basehttp 23416 21904 "POST /vault/api/visitor-count/ HTTP/1.1" 403 2564
WARNING 2026-01-19 01:58:26,565 log 23416 23012 Not Found: /.well-known/appspecific/com.chrome.devtools.json
WARNING 2026-01-19 01:58:26,628 basehttp 23416 23012 "GET /.well-known/appspecific/com.chrome.devtools.json HTTP/1.1" 404 3130
WARNING 2026-01-19 01:58:41,545 basehttp 23416 21904 "POST /vault/api/visitor-count/ HTTP/1.1" 403 2564
WARNING 2026-01-19 01:58:41,662 log 23416 23012 Not Found: /.well-known/appspecific/com.chrome.devtools.json
WARNING 2026-01-19 01:58:41,684 basehttp 23416 23012 "GET /.well-known/appspecific/com.chrome.devtools.json HTTP/1.1" 404 3130
WARNING 2026-01-19 01:58:45,107 basehttp 23416 21904 "POST /vault/api/visitor-count/ HTTP/1.1" 403 2564
WARNING 2026-01-19 01:58:45,295 log 23416 23012 Not Found: /.well-known/appspecific/com.chrome.devtools.json
WARNING 2026-01-19 01:58:45,308 basehttp 23416 23012 "GET /.well-known/appspecific/com.chrome.devtools.json HTTP/1.1" 404 3130
WARNING 2026-01-19 01:58:51,008 basehttp 23416 21904 "POST /vault/api/visitor-count/ HTTP/1.1" 403 2564
WARNING 2026-01-19 01:58:51,474 log 23416 23012 Not Found: /.well-known/appspecific/com.chrome.devtools.json
WARNING 2026-01-19 01:58:51,507 basehttp 23416 23012 "GET /.well-known/appspecific/com.chrome.devtools.json HTTP/1.1" 404 3130
WARNING 2026-01-19 01:58:56,136 basehttp 23416 21904 "POST /vault/api/visitor-count/ HTTP/1.1" 403 2564
WARNING 2026-01-19 01:58:56,319 log 23416 23012 Not Found: /.well-known/appspecific/com.chrome.devtools.json
WARNING 2026-01-19 01:58:56,333 basehttp 23416 23012 "GET /.well-known/appspecific/com.chrome.devtools.json HTTP/1.1" 404 3130
WARNING 2026-01-19 01:59:01,732 basehttp 23416 30844 "POST /vault/api/visitor-count/ HTTP/1.1" 403 2564
WARNING 2026-01-19 01:59:02,026 log 23416 29392 Not Found: /.well-known/appspecific/com.chrome.devtools.json
WARNING 2026-01-19 01:59:02,043 basehttp 23416 29392 "GET /.well-known/appspecific/com.chrome.devtools.json HTTP/1.1" 404 3130
WARNING 2026-01-19 01:59:05,444 basehttp 23416 30844 "POST /vault/api/visitor-count/ HTTP/1.1" 403 2564
WARNING 2026-01-19 01:59:05,529 log 23416 29392 Not Found: /.well-known/appspecific/com.chrome.devtools.json
WARNING 2026-01-19 01:59:05,539 basehttp 23416 29392 "GET /.well-known/appspecific/com.chrome.devtools.json HTTP/1.1" 404 3130
WARNING 2026-01-19 01:59:26,638 basehttp 23416 29956 "POST /vault/api/visitor-count/ HTTP/1.1" 403 2564
WARNING 2026-01-19 01:59:26,703 log 23416 29144 Not Found: /.well-known/appspecific/com.chrome.devtools.json
WARNING 2026-01-19 01:59:26,707 basehttp 23416 29144 "GET /.well-known/appspecific/com.chrome.devtools.json HTTP/1.1" 404 3130
WARNING 2026-01-19 01:59:30,589 basehttp 23416 29144 "POST /vault/api/visitor-count/ HTTP/1.1" 403 2564
WARNING 2026-01-19 01:59:30,703 log 23416 29956 Not Found: /.well-known/appspecific/com.chrome.devtools.json
WARNING 2026-01-19 01:59:30,728 basehttp 23416 29956 "GET /.well-known/appspecific/com.chrome.devtools.json HTTP/1.1" 404 3130
WARNING 2026-01-19 01:59:44,343 basehttp 23416 29732 "POST /vault/api/visitor-count/ HTTP/1.1" 403 2564
WARNING 2026-01-19 01:59:44,451 log 23416 26340 Not Found: /.well-known/appspecific/com.chrome.devtools.json
WARNING 2026-01-19 01:59:44,459 basehttp 23416 26340 "GET /.well-known/appspecific/com.chrome.devtools.json HTTP/1.1" 404 3130
WARNING 2026-01-19 01:59:48,039 basehttp 23416 21904 "POST /vault/api/visitor-count/ HTTP/1.1" 403 2564
WARNING 2026-01-19 01:59:48,133 log 23416 30856 Not Found: /.well-known/appspecific/com.chrome.devtools.json
WARNING 2026-01-19 01:59:48,169 basehttp 23416 30856 "GET /.well-known/appspecific/com.chrome.devtools.json HTTP/1.1" 404 3130
WARNING 2026-01-19 01:59:53,011 basehttp 23416 21904 "POST /vault/api/visitor-count/ HTTP/1.1" 403 2564
WARNING 2026-01-19 01:59:53,127 log 23416 30856 Not Found: /.well-known/appspecific/com.chrome.devtools.json
WARNING 2026-01-19 01:59:53,132 basehttp 23416 30856 "GET /.well-known/appspecific/com.chrome.devtools.json HTTP/1.1" 404 3130
WARNING 2026-01-19 02:00:04,303 basehttp 23416 20780 "POST /vault/api/visitor-count/ HTTP/1.1" 403 2564
WARNING 2026-01-19 02:00:04,418 log 23416 27400 Not Found: /.well-known/appspecific/com.chrome.devtools.json
WARNING 2026-01-19 02:00:04,451 basehttp 23416 27400 "GET /.well-known/appspecific/com.chrome.devtools.json HTTP/1.1" 404 3130
WARNING 2026-01-19 02:01:08,687 basehttp 23416 28936 "POST /vault/api/visitor-count/ HTTP/1.1" 403 2564
WARNING 2026-01-19 02:01:08,932 log 23416 29712 Not Found: /.well-known/appspecific/com.chrome.devtools.json
WARNING 2026-01-19 02:01:08,954 basehttp 23416 29712 "GET /.well-known/appspecific/com.chrome.devtools.json HTTP/1.1" 404 3130
WARNING 2026-01-19 02:01:16,238 basehttp 23416 29704 "POST /vault/api/visitor-count/ HTTP/1.1" 403 2564
WARNING 2026-01-19 02:01:16,390 log 23416 28936 Not Found: /.well-known/appspecific/com.chrome.devtools.json
WARNING 2026-01-19 02:01:16,415 basehttp 23416 28936 "GET /.well-known/appspecific/com.chrome.devtools.json HTTP/1.1" 404 3130
WARNING 2026-01-19 02:01:20,871 log 23416 28936 Not Found: /.well-known/appspecific/com.chrome.devtools.json
WARNING 2026-01-19 02:01:20,895 basehttp 23416 28936 "GET /.well-known/appspecific/com.chrome.devtools.json HTTP/1.1" 404 3130
WARNING 2026-01-19 02:01:21,075 basehttp 23416 29704 "POST /vault/api/visitor-count/ HTTP/1.1" 403 2564
WARNING 2026-01-19 02:01:22,467 log 23416 29704 Not Found: /favicon.ico
WARNING 2026-01-19 02:01:22,631 basehttp 23416 29704 "GET /favicon.ico HTTP/1.1" 404 3019
WARNING 2026-01-19 02:01:32,280 basehttp 23416 31580 "POST /vault/api/visitor-count/ HTTP/1.1" 403 2564
WARNING 2026-01-19 02:01:32,849 log 23416 31580 Not Found: /favicon.ico
WARNING 2026-01-19 02:01:32,874 basehttp 23416 31580 "GET /favicon.ico HTTP/1.1" 404 3019
WARNING 2026-01-19 02:01:58,130 basehttp 23416 30620 "POST /vault/api/visitor-count/ HTTP/1.1" 403 2564
WARNING 2026-01-19 02:07:26,690 basehttp 23416 30800 "POST /vault/api/visitor-count/ HTTP/1.1" 403 2564
WARNING 2026-01-19 02:07:29,832 basehttp 23416 30800 "POST /vault/api/visitor-count/ HTTP/1.1" 403 2564
WARNING 2026-01-19 02:07:40,176 basehttp 23416 31648 "POST /vault/api/visitor-count/ HTTP/1.1" 403 2564
WARNING 2026-01-19 02:07:51,471 basehttp 23416 30452 "POST /vault/api/visitor-count/ HTTP/1.1" 403 2564
WARNING 2026-01-19 02:08:28,950 basehttp 23416 30116 "POST /vault/api/visitor-count/ HTTP/1.1" 403 2564
WARNING 2026-01-19 02:09:55,539 basehttp 23416 31420 "POST /vault/api/visitor-count/ HTTP/1.1" 403 2564
WARNING 2026-01-19 02:09:56,666 basehttp 23416 31704 "POST /vault/api/visitor-count/ HTTP/1.1" 403 2564
WARNING 2026-01-19 02:10:00,633 basehttp 23416 31704 "POST /vault/api/visitor-count/ HTTP/1.1" 403 2564
WARNING 2026-01-19 02:10:01,877 log 23416 31704 Not Found: /favicon.ico
WARNING 2026-01-19 02:10:01,882 basehttp 23416 31704 "GET /favicon.ico HTTP/1.1" 404 3019
WARNING 2026-01-19 02:10:13,239 basehttp 23416 30788 "POST /vault/api/visitor-count/ HTTP/1.1" 403 2564
WARNING 2026-01-19 02:10:16,519 basehttp 23416 29392 "POST /vault/api/visitor-count/ HTTP/1.1" 403 2564
WARNING 2026-01-19 02:10:17,367 log 23416 29392 Not Found: /favicon.ico
WARNING 2026-01-19 02:10:17,766 basehttp 23416 29392 "GET /favicon.ico HTTP/1.1" 404 3019
WARNING 2026-01-19 02:10:39,124 log 23416 30532 Not Found: /.well-known/appspecific/com.chrome.devtools.json
WARNING 2026-01-19 02:10:39,374 basehttp 23416 30532 "GET /.well-known/appspecific/com.chrome.devtools.json HTTP/1.1" 404 3130
WARNING 2026-01-19 02:11:44,616 basehttp 23416 29820 "POST /vault/api/visitor-count/ HTTP/1.1" 403 2564
WARNING 2026-01-19 02:11:47,114 basehttp 23416 29820 "POST /vault/api/visitor-count/ HTTP/1.1" 403 2564
WARNING 2026-01-19 02:11:48,815 log 23416 29820 Not Found: /favicon.ico
WARNING 2026-01-19 02:11:48,817 basehttp 23416 29820 "GET /favicon.ico HTTP/1.1" 404 3019
WARNING 2026-01-19 02:12:37,686 basehttp 23416 29820 "POST /vault/api/visitor-count/ HTTP/1.1" 403 2564
WARNING 2026-01-19 02:12:43,728 basehttp 23416 31448 "POST /vault/api/visitor-count/ HTTP/1.1" 403 2564
WARNING 2026-01-19 02:12:44,274 log 23416 31448 Not Found: /favicon.ico
WARNING 2026-01-19 02:12:44,278 basehttp 23416 31448 "GET /favicon.ico HTTP/1.1" 404 3019
WARNING 2026-01-19 02:12:51,906 basehttp 23416 31448 "POST /vault/api/visitor-count/ HTTP/1.1" 403 2564
WARNING 2026-01-19 02:12:52,154 log 23416 31448 Not Found: /favicon.ico
WARNING 2026-01-19 02:12:52,161 basehttp 23416 31448 "GET /favicon.ico HTTP/1.1" 404 3019
WARNING 2026-01-19 02:13:12,931 basehttp 23416 31448 "POST /vault/api/visitor-count/ HTTP/1.1" 403 2564
WARNING 2026-01-19 02:13:15,447 basehttp 23416 31448 "POST /vault/api/visitor-count/ HTTP/1.1" 403 2564
WARNING 2026-01-19 02:13:15,897 log 23416 31448 Not Found: /favicon.ico
WARNING 2026-01-19 02:13:15,901 basehttp 23416 31448 "GET /favicon.ico HTTP/1.1" 404 3019
WARNING 2026-01-19 02:16:42,044 basehttp 23416 25128 "POST /vault/api/visitor-count/ HTTP/1.1" 403 2564
WARNING 2026-01-19 02:16:45,166 basehttp 23416 25128 "POST /vault/api/visitor-count/ HTTP/1.1" 403 2564
WARNING 2026-01-19 02:17:29,411 basehttp 23416 25128 "POST /vault/api/visitor-count/ HTTP/1.1" 403 2564
WARNING 2026-01-19 02:17:30,828 log 23416 24636 Not Found: /favicon.ico
WARNING 2026-01-19 02:17:30,831 basehttp 23416 24636 "GET /favicon.ico HTTP/1.1" 404 3019
WARNING 2026-01-19 02:17:31,772 basehttp 23416 27660 "POST /vault/api/visitor-count/ HTTP/1.1" 403 2564
WARNING 2026-01-19 02:17:32,389 basehttp 23416 27660 "POST /vault/api/visitor-count/ HTTP/1.1" 403 2564
WARNING 2026-01-19 02:17:36,754 basehttp 23416 27660 "POST /vault/api/visitor-count/ HTTP/1.1" 403 2564
WARNING 2026-01-19 02:18:18,952 basehttp 23416 31764 "POST /vault/api/visitor-count/ HTTP/1.1" 403 2564
WARNING 2026-01-19 02:19:04,624 basehttp 23416 31764 "POST /vault/api/visitor-count/ HTTP/1.1" 403 2564
WARNING 2026-01-19 02:19:10,301 basehttp 23416 31764 "POST /vault/api/visitor-count/ HTTP/1.1" 403 2564
WARNING 2026-01-19 02:19:11,910 basehttp 23416 31764 "POST /vault/api/visitor-count/ HTTP/1.1" 403 2564
WARNING 2026-01-19 02:19:17,472 basehttp 23416 31764 "POST /vault/api/visitor-count/ HTTP/1.1" 403 2564
WARNING 2026-01-19 02:19:26,948 basehttp 23416 31764 "POST /vault/api/visitor-count/ HTTP/1.1" 403 2564
WARNING 2026-01-19 02:19:50,567 basehttp 23416 30996 "POST /vault/api/visitor-count/ HTTP/1.1" 403 2564
WARNING 2026-01-19 02:20:02,582 log 23416 31760 Not Found: /.well-known/appspecific/com.chrome.devtools.json
WARNING 2026-01-19 02:20:02,599 basehttp 23416 31760 "GET /.well-known/appspecific/com.chrome.devtools.json HTTP/1.1" 404 3130
WARNING 2026-01-19 02:20:02,747 basehttp 23416 31760 "POST /vault/api/visitor-count/ HTTP/1.1" 403 2564
WARNING 2026-01-19 02:20:04,163 log 23416 31760 Not Found: /favicon.ico
WARNING 2026-01-19 02:20:04,187 basehttp 23416 31760 "GET /favicon.ico HTTP/1.1" 404 3019
WARNING 2026-01-19 02:24:41,272 log 30672 30476 Not Found: /favicon.ico
WARNING 2026-01-19 02:24:41,286 basehttp 30672 30476 "GET /favicon.ico HTTP/1.1" 404 3019
WARNING 2026-01-19 02:26:10,766 log 30672 31608 Not Found: /favicon.ico
WARNING 2026-01-19 02:26:10,772 basehttp 30672 31608 "GET /favicon.ico HTTP/1.1" 404 3019
WARNING 2026-01-19 02:26:45,007 log 30672 18664 Not Found: /favicon.ico
WARNING 2026-01-19 02:26:45,022 basehttp 30672 18664 "GET /favicon.ico HTTP/1.1" 404 3019
WARNING 2026-01-19 02:26:45,862 log 30672 18664 Not Found: /favicon.ico
WARNING 2026-01-19 02:26:45,866 basehttp 30672 18664 "GET /favicon.ico HTTP/1.1" 404 3019
WARNING 2026-01-19 02:26:47,419 log 30672 18664 Not Found: /favicon.ico
WARNING 2026-01-19 02:26:47,423 basehttp 30672 18664 "GET /favicon.ico HTTP/1.1" 404 3019
WARNING 2026-01-19 02:26:48,028 log 30672 18664 Not Found: /favicon.ico
WARNING 2026-01-19 02:26:48,028 basehttp 30672 18664 "GET /favicon.ico HTTP/1.1" 404 3019
WARNING 2026-01-19 02:26:49,086 log 30672 18664 Not Found: /favicon.ico
WARNING 2026-01-19 02:26:49,091 basehttp 30672 18664 "GET /favicon.ico HTTP/1.1" 404 3019
WARNING 2026-01-19 02:30:52,564 log 30672 25380 Not Found: /favicon.ico
WARNING 2026-01-19 02:30:52,569 basehttp 30672 25380 "GET /favicon.ico HTTP/1.1" 404 3019
WARNING 2026-01-19 02:31:05,462 log 30672 25380 Not Found: /.well-known/appspecific/com.chrome.devtools.json
WARNING 2026-01-19 02:31:05,477 basehttp 30672 25380 "GET /.well-known/appspecific/com.chrome.devtools.json HTTP/1.1" 404 3130
WARNING 2026-01-19 21:59:12,409 log 21680 16088 Not Found: /favicon.ico
WARNING 2026-01-19 21:59:12,448 basehttp 21680 16088 "GET /favicon.ico HTTP/1.1" 404 3019
WARNING 2026-01-19 23:12:59,950 log 18520 23176 Not Found: /favicon.ico
WARNING 2026-01-19 23:13:00,022 basehttp 18520 23176 "GET /favicon.ico HTTP/1.1" 404 3019
ERROR 2026-01-19 23:40:42,691 log 18520 17940 Internal Server Error: /
Traceback (most recent call last):
  File "D:\Lib\site-packages\django\core\handlers\exception.py", line 55, in inner
    response = get_response(request)
               ^^^^^^^^^^^^^^^^^^^^^
  File "D:\Lib\site-packages\django\core\handlers\base.py", line 197, in _get_response
    response = wrapped_callback(request, *callback_args, **callback_kwargs)
               ^^^^^^^^^^^^^^^^^^^^^^^^^^^^^^^^^^^^^^^^^^^^^^^^^^^^^^^^^^^^
  File "D:\Lib\contextlib.py", line 81, in inner
    return func(*args, **kwds)
           ^^^^^^^^^^^^^^^^^^^
  File "D:\Lib\site-packages\django\views\decorators\http.py", line 43, in inner
    return func(request, *args, **kwargs)
           ^^^^^^^^^^^^^^^^^^^^^^^^^^^^^^
  File "E:\Resume_Projects\lifedocs\core\home_views.py", line 43, in home_view
    return render(request, 'home.html', context)
           ^^^^^^^^^^^^^^^^^^^^^^^^^^^^^^^^^^^^^
  File "D:\Lib\site-packages\django\shortcuts.py", line 24, in render
    content = loader.render_to_string(template_name, context, request, using=using)
              ^^^^^^^^^^^^^^^^^^^^^^^^^^^^^^^^^^^^^^^^^^^^^^^^^^^^^^^^^^^^^^^^^^^^^
  File "D:\Lib\site-packages\django\template\loader.py", line 61, in render_to_string
    template = get_template(template_name, using=using)
               ^^^^^^^^^^^^^^^^^^^^^^^^^^^^^^^^^^^^^^^^
  File "D:\Lib\site-packages\django\template\loader.py", line 15, in get_template
    return engine.get_template(template_name)
           ^^^^^^^^^^^^^^^^^^^^^^^^^^^^^^^^^^
  File "D:\Lib\site-packages\django\template\backends\django.py", line 33, in get_template
    return Template(self.engine.get_template(template_name), self)
                    ^^^^^^^^^^^^^^^^^^^^^^^^^^^^^^^^^^^^^^^
  File "D:\Lib\site-packages\django\template\engine.py", line 175, in get_template
    template, origin = self.find_template(template_name)
                       ^^^^^^^^^^^^^^^^^^^^^^^^^^^^^^^^^
  File "D:\Lib\site-packages\django\template\engine.py", line 157, in find_template
    template = loader.get_template(name, skip=skip)
               ^^^^^^^^^^^^^^^^^^^^^^^^^^^^^^^^^^^^
  File "D:\Lib\site-packages\django\template\loaders\cached.py", line 57, in get_template
    template = super().get_template(template_name, skip)
               ^^^^^^^^^^^^^^^^^^^^^^^^^^^^^^^^^^^^^^^^^
  File "D:\Lib\site-packages\django\template\loaders\base.py", line 28, in get_template
    return Template(
           ^^^^^^^^^
  File "D:\Lib\site-packages\django\template\base.py", line 154, in __init__
    self.nodelist = self.compile_nodelist()
                    ^^^^^^^^^^^^^^^^^^^^^^^
  File "D:\Lib\site-packages\django\template\base.py", line 200, in compile_nodelist
    return parser.parse()
           ^^^^^^^^^^^^^^
  File "D:\Lib\site-packages\django\template\base.py", line 513, in parse
    raise self.error(token, e)
  File "D:\Lib\site-packages\django\template\base.py", line 511, in parse
    compiled_result = compile_func(self, token)
                      ^^^^^^^^^^^^^^^^^^^^^^^^^
  File "D:\Lib\site-packages\django\template\loader_tags.py", line 293, in do_extends
    nodelist = parser.parse()
               ^^^^^^^^^^^^^^
  File "D:\Lib\site-packages\django\template\base.py", line 513, in parse
    raise self.error(token, e)
  File "D:\Lib\site-packages\django\template\base.py", line 511, in parse
    compiled_result = compile_func(self, token)
                      ^^^^^^^^^^^^^^^^^^^^^^^^^
  File "D:\Lib\site-packages\django\template\loader_tags.py", line 232, in do_block
    nodelist = parser.parse(("endblock",))
               ^^^^^^^^^^^^^^^^^^^^^^^^^^^
  File "D:\Lib\site-packages\django\template\base.py", line 518, in parse
    self.unclosed_block_tag(parse_until)
  File "D:\Lib\site-packages\django\template\base.py", line 581, in unclosed_block_tag
    raise self.error(token, msg)
django.template.exceptions.TemplateSyntaxError: Unclosed tag on line 5: 'block'. Looking for one of: endblock.
ERROR 2026-01-19 23:40:42,791 basehttp 18520 17940 "GET / HTTP/1.1" 500 189441
WARNING 2026-01-19 23:47:19,400 log 18520 18580 Not Found: /favicon.ico
WARNING 2026-01-19 23:47:19,402 basehttp 18520 18580 "GET /favicon.ico HTTP/1.1" 404 3019
WARNING 2026-01-20 00:14:18,552 log 18520 5812 Not Found: /favicon.ico
WARNING 2026-01-20 00:14:18,665 log 18520 22940 Not Found: /favicon.ico
WARNING 2026-01-20 00:14:18,747 basehttp 18520 22940 "GET /favicon.ico HTTP/1.1" 404 3019
WARNING 2026-01-20 00:18:48,501 log 18520 3196 Not Found: /.well-known/appspecific/com.chrome.devtools.json
WARNING 2026-01-20 00:18:48,504 basehttp 18520 3196 "GET /.well-known/appspecific/com.chrome.devtools.json HTTP/1.1" 404 3130
WARNING 2026-01-20 00:25:44,193 log 18520 7360 Not Found: /favicon.ico
WARNING 2026-01-20 00:25:44,195 basehttp 18520 7360 "GET /favicon.ico HTTP/1.1" 404 3019
WARNING 2026-01-20 00:26:05,806 log 18520 27588 Not Found: /favicon.ico
WARNING 2026-01-20 00:26:05,866 basehttp 18520 27588 "GET /favicon.ico HTTP/1.1" 404 3019
WARNING 2026-01-20 00:26:12,731 log 18520 9864 Not Found: /favicon.ico
WARNING 2026-01-20 00:26:12,747 basehttp 18520 9864 "GET /favicon.ico HTTP/1.1" 404 3019
WARNING 2026-01-20 00:26:26,983 log 18520 19128 Not Found: /favicon.ico
WARNING 2026-01-20 00:26:26,990 basehttp 18520 19128 "GET /favicon.ico HTTP/1.1" 404 3019
WARNING 2026-01-20 00:26:33,434 log 18520 8396 Not Found: /favicon.ico
WARNING 2026-01-20 00:26:33,436 basehttp 18520 8396 "GET /favicon.ico HTTP/1.1" 404 3019
WARNING 2026-01-20 00:27:18,820 log 18520 27912 Not Found: /favicon.ico
WARNING 2026-01-20 00:27:18,822 basehttp 18520 27912 "GET /favicon.ico HTTP/1.1" 404 3019
WARNING 2026-01-20 00:27:41,022 log 18520 27912 Not Found: /favicon.ico
WARNING 2026-01-20 00:27:41,061 basehttp 18520 27912 "GET /favicon.ico HTTP/1.1" 404 3019
WARNING 2026-01-20 09:05:04,118 log 4604 4876 Not Found: /favicon.ico
WARNING 2026-01-20 09:05:04,159 basehttp 4604 4876 "GET /favicon.ico HTTP/1.1" 404 3019
WARNING 2026-01-20 09:06:57,512 basehttp 4604 21340 "POST /accounts/login/ HTTP/1.1" 403 2518
WARNING 2026-01-20 09:07:06,699 basehttp 4604 21340 "POST /accounts/login/ HTTP/1.1" 403 2518
WARNING 2026-01-20 09:28:03,775 log 8088 23716 Not Found: /admin/blogs/
WARNING 2026-01-20 09:28:03,785 basehttp 8088 23716 "GET /admin/blogs/ HTTP/1.1" 404 6449
WARNING 2026-01-20 09:28:14,043 log 8088 25232 Not Found: /admin/blogs/
WARNING 2026-01-20 09:28:14,046 basehttp 8088 25232 "GET /admin/blogs/ HTTP/1.1" 404 6449
ERROR 2026-01-20 09:28:20,327 log 8088 25312 Internal Server Error: /admin/
Traceback (most recent call last):
  File "D:\Lib\site-packages\django\db\backends\utils.py", line 89, in _execute
    return self.cursor.execute(sql, params)
           ^^^^^^^^^^^^^^^^^^^^^^^^^^^^^^^^
  File "D:\Lib\site-packages\django\db\backends\sqlite3\base.py", line 328, in execute
    return super().execute(query, params)
           ^^^^^^^^^^^^^^^^^^^^^^^^^^^^^^
sqlite3.OperationalError: no such table: vault_sitestatistics

The above exception was the direct cause of the following exception:

Traceback (most recent call last):
  File "D:\Lib\site-packages\django\core\handlers\exception.py", line 55, in inner
    response = get_response(request)
               ^^^^^^^^^^^^^^^^^^^^^
  File "D:\Lib\site-packages\django\core\handlers\base.py", line 197, in _get_response
    response = wrapped_callback(request, *callback_args, **callback_kwargs)
               ^^^^^^^^^^^^^^^^^^^^^^^^^^^^^^^^^^^^^^^^^^^^^^^^^^^^^^^^^^^^
  File "D:\Lib\contextlib.py", line 81, in inner
    return func(*args, **kwds)
           ^^^^^^^^^^^^^^^^^^^
  File "D:\Lib\site-packages\django\contrib\admin\sites.py", line 261, in wrapper
    return self.admin_view(view, cacheable)(*args, **kwargs)
           ^^^^^^^^^^^^^^^^^^^^^^^^^^^^^^^^^^^^^^^^^^^^^^^^^
  File "D:\Lib\site-packages\django\utils\decorators.py", line 134, in _wrapper_view
    response = view_func(request, *args, **kwargs)
               ^^^^^^^^^^^^^^^^^^^^^^^^^^^^^^^^^^^
  File "D:\Lib\site-packages\django\views\decorators\cache.py", line 62, in _wrapper_view_func
    response = view_func(request, *args, **kwargs)
               ^^^^^^^^^^^^^^^^^^^^^^^^^^^^^^^^^^^
  File "D:\Lib\site-packages\django\contrib\admin\sites.py", line 242, in inner
    return view(request, *args, **kwargs)
           ^^^^^^^^^^^^^^^^^^^^^^^^^^^^^^
  File "D:\Lib\site-packages\django\contrib\admin\sites.py", line 552, in index
    app_list = self.get_app_list(request)
               ^^^^^^^^^^^^^^^^^^^^^^^^^^
  File "D:\Lib\site-packages\django\contrib\admin\sites.py", line 536, in get_app_list
    app_dict = self._build_app_dict(request, app_label)
               ^^^^^^^^^^^^^^^^^^^^^^^^^^^^^^^^^^^^^^^^
  File "D:\Lib\site-packages\django\contrib\admin\sites.py", line 482, in _build_app_dict
    perms = model_admin.get_model_perms(request)
            ^^^^^^^^^^^^^^^^^^^^^^^^^^^^^^^^^^^^
  File "D:\Lib\site-packages\django\contrib\admin\options.py", line 751, in get_model_perms
    "add": self.has_add_permission(request),
           ^^^^^^^^^^^^^^^^^^^^^^^^^^^^^^^^
  File "E:\Resume_Projects\lifedocs\vault\admin.py", line 38, in has_add_permission
    return not SiteStatistics.objects.exists()
               ^^^^^^^^^^^^^^^^^^^^^^^^^^^^^^^
  File "D:\Lib\site-packages\django\db\models\manager.py", line 87, in manager_method
    return getattr(self.get_queryset(), name)(*args, **kwargs)
           ^^^^^^^^^^^^^^^^^^^^^^^^^^^^^^^^^^^^^^^^^^^^^^^^^^^
  File "D:\Lib\site-packages\django\db\models\query.py", line 1241, in exists
    return self.query.has_results(using=self.db)
           ^^^^^^^^^^^^^^^^^^^^^^^^^^^^^^^^^^^^^
  File "D:\Lib\site-packages\django\db\models\sql\query.py", line 598, in has_results
    return compiler.has_results()
           ^^^^^^^^^^^^^^^^^^^^^^
  File "D:\Lib\site-packages\django\db\models\sql\compiler.py", line 1530, in has_results
    return bool(self.execute_sql(SINGLE))
                ^^^^^^^^^^^^^^^^^^^^^^^^
  File "D:\Lib\site-packages\django\db\models\sql\compiler.py", line 1562, in execute_sql
    cursor.execute(sql, params)
  File "D:\Lib\site-packages\django\db\backends\utils.py", line 102, in execute
    return super().execute(sql, params)
           ^^^^^^^^^^^^^^^^^^^^^^^^^^^^
  File "D:\Lib\site-packages\django\db\backends\utils.py", line 67, in execute
    return self._execute_with_wrappers(
           ^^^^^^^^^^^^^^^^^^^^^^^^^^^^
  File "D:\Lib\site-packages\django\db\backends\utils.py", line 80, in _execute_with_wrappers
    return executor(sql, params, many, context)
           ^^^^^^^^^^^^^^^^^^^^^^^^^^^^^^^^^^^^
  File "D:\Lib\site-packages\django\db\backends\utils.py", line 84, in _execute
    with self.db.wrap_database_errors:
  File "D:\Lib\site-packages\django\db\utils.py", line 91, in __exit__
    raise dj_exc_value.with_traceback(traceback) from exc_value
  File "D:\Lib\site-packages\django\db\backends\utils.py", line 89, in _execute
    return self.cursor.execute(sql, params)
           ^^^^^^^^^^^^^^^^^^^^^^^^^^^^^^^^
  File "D:\Lib\site-packages\django\db\backends\sqlite3\base.py", line 328, in execute
    return super().execute(query, params)
           ^^^^^^^^^^^^^^^^^^^^^^^^^^^^^^
django.db.utils.OperationalError: no such table: vault_sitestatistics
ERROR 2026-01-20 09:28:20,339 basehttp 8088 25312 "GET /admin/ HTTP/1.1" 500 184804
WARNING 2026-01-20 09:28:29,153 log 8088 23672 Not Found: /admin/blogs/
WARNING 2026-01-20 09:28:29,154 basehttp 8088 23672 "GET /admin/blogs/ HTTP/1.1" 404 6449
ERROR 2026-01-20 09:28:33,534 log 8088 24560 Internal Server Error: /admin/
Traceback (most recent call last):
  File "D:\Lib\site-packages\django\db\backends\utils.py", line 89, in _execute
    return self.cursor.execute(sql, params)
           ^^^^^^^^^^^^^^^^^^^^^^^^^^^^^^^^
  File "D:\Lib\site-packages\django\db\backends\sqlite3\base.py", line 328, in execute
    return super().execute(query, params)
           ^^^^^^^^^^^^^^^^^^^^^^^^^^^^^^
sqlite3.OperationalError: no such table: vault_sitestatistics

The above exception was the direct cause of the following exception:

Traceback (most recent call last):
  File "D:\Lib\site-packages\django\core\handlers\exception.py", line 55, in inner
    response = get_response(request)
               ^^^^^^^^^^^^^^^^^^^^^
  File "D:\Lib\site-packages\django\core\handlers\base.py", line 197, in _get_response
    response = wrapped_callback(request, *callback_args, **callback_kwargs)
               ^^^^^^^^^^^^^^^^^^^^^^^^^^^^^^^^^^^^^^^^^^^^^^^^^^^^^^^^^^^^
  File "D:\Lib\contextlib.py", line 81, in inner
    return func(*args, **kwds)
           ^^^^^^^^^^^^^^^^^^^
  File "D:\Lib\site-packages\django\contrib\admin\sites.py", line 261, in wrapper
    return self.admin_view(view, cacheable)(*args, **kwargs)
           ^^^^^^^^^^^^^^^^^^^^^^^^^^^^^^^^^^^^^^^^^^^^^^^^^
  File "D:\Lib\site-packages\django\utils\decorators.py", line 134, in _wrapper_view
    response = view_func(request, *args, **kwargs)
               ^^^^^^^^^^^^^^^^^^^^^^^^^^^^^^^^^^^
  File "D:\Lib\site-packages\django\views\decorators\cache.py", line 62, in _wrapper_view_func
    response = view_func(request, *args, **kwargs)
               ^^^^^^^^^^^^^^^^^^^^^^^^^^^^^^^^^^^
  File "D:\Lib\site-packages\django\contrib\admin\sites.py", line 242, in inner
    return view(request, *args, **kwargs)
           ^^^^^^^^^^^^^^^^^^^^^^^^^^^^^^
  File "D:\Lib\site-packages\django\contrib\admin\sites.py", line 552, in index
    app_list = self.get_app_list(request)
               ^^^^^^^^^^^^^^^^^^^^^^^^^^
  File "D:\Lib\site-packages\django\contrib\admin\sites.py", line 536, in get_app_list
    app_dict = self._build_app_dict(request, app_label)
               ^^^^^^^^^^^^^^^^^^^^^^^^^^^^^^^^^^^^^^^^
  File "D:\Lib\site-packages\django\contrib\admin\sites.py", line 482, in _build_app_dict
    perms = model_admin.get_model_perms(request)
            ^^^^^^^^^^^^^^^^^^^^^^^^^^^^^^^^^^^^
  File "D:\Lib\site-packages\django\contrib\admin\options.py", line 751, in get_model_perms
    "add": self.has_add_permission(request),
           ^^^^^^^^^^^^^^^^^^^^^^^^^^^^^^^^
  File "E:\Resume_Projects\lifedocs\vault\admin.py", line 38, in has_add_permission
    return not SiteStatistics.objects.exists()
               ^^^^^^^^^^^^^^^^^^^^^^^^^^^^^^^
  File "D:\Lib\site-packages\django\db\models\manager.py", line 87, in manager_method
    return getattr(self.get_queryset(), name)(*args, **kwargs)
           ^^^^^^^^^^^^^^^^^^^^^^^^^^^^^^^^^^^^^^^^^^^^^^^^^^^
  File "D:\Lib\site-packages\django\db\models\query.py", line 1241, in exists
    return self.query.has_results(using=self.db)
           ^^^^^^^^^^^^^^^^^^^^^^^^^^^^^^^^^^^^^
  File "D:\Lib\site-packages\django\db\models\sql\query.py", line 598, in has_results
    return compiler.has_results()
           ^^^^^^^^^^^^^^^^^^^^^^
  File "D:\Lib\site-packages\django\db\models\sql\compiler.py", line 1530, in has_results
    return bool(self.execute_sql(SINGLE))
                ^^^^^^^^^^^^^^^^^^^^^^^^
  File "D:\Lib\site-packages\django\db\models\sql\compiler.py", line 1562, in execute_sql
    cursor.execute(sql, params)
  File "D:\Lib\site-packages\django\db\backends\utils.py", line 102, in execute
    return super().execute(sql, params)
           ^^^^^^^^^^^^^^^^^^^^^^^^^^^^
  File "D:\Lib\site-packages\django\db\backends\utils.py", line 67, in execute
    return self._execute_with_wrappers(
           ^^^^^^^^^^^^^^^^^^^^^^^^^^^^
  File "D:\Lib\site-packages\django\db\backends\utils.py", line 80, in _execute_with_wrappers
    return executor(sql, params, many, context)
           ^^^^^^^^^^^^^^^^^^^^^^^^^^^^^^^^^^^^
  File "D:\Lib\site-packages\django\db\backends\utils.py", line 84, in _execute
    with self.db.wrap_database_errors:
  File "D:\Lib\site-packages\django\db\utils.py", line 91, in __exit__
    raise dj_exc_value.with_traceback(traceback) from exc_value
  File "D:\Lib\site-packages\django\db\backends\utils.py", line 89, in _execute
    return self.cursor.execute(sql, params)
           ^^^^^^^^^^^^^^^^^^^^^^^^^^^^^^^^
  File "D:\Lib\site-packages\django\db\backends\sqlite3\base.py", line 328, in execute
    return super().execute(query, params)
           ^^^^^^^^^^^^^^^^^^^^^^^^^^^^^^
django.db.utils.OperationalError: no such table: vault_sitestatistics
ERROR 2026-01-20 09:28:33,539 basehttp 8088 24560 "GET /admin/ HTTP/1.1" 500 184804
WARNING 2026-01-20 09:28:42,035 basehttp 8088 5932 "POST /admin/login/?next=/admin/ HTTP/1.1" 403 2518
ERROR 2026-01-20 09:29:32,043 log 8088 9476 Internal Server Error: /admin/
Traceback (most recent call last):
  File "D:\Lib\site-packages\django\db\backends\utils.py", line 89, in _execute
    return self.cursor.execute(sql, params)
           ^^^^^^^^^^^^^^^^^^^^^^^^^^^^^^^^
  File "D:\Lib\site-packages\django\db\backends\sqlite3\base.py", line 328, in execute
    return super().execute(query, params)
           ^^^^^^^^^^^^^^^^^^^^^^^^^^^^^^
sqlite3.OperationalError: no such table: vault_sitestatistics

The above exception was the direct cause of the following exception:

Traceback (most recent call last):
  File "D:\Lib\site-packages\django\core\handlers\exception.py", line 55, in inner
    response = get_response(request)
               ^^^^^^^^^^^^^^^^^^^^^
  File "D:\Lib\site-packages\django\core\handlers\base.py", line 197, in _get_response
    response = wrapped_callback(request, *callback_args, **callback_kwargs)
               ^^^^^^^^^^^^^^^^^^^^^^^^^^^^^^^^^^^^^^^^^^^^^^^^^^^^^^^^^^^^
  File "D:\Lib\contextlib.py", line 81, in inner
    return func(*args, **kwds)
           ^^^^^^^^^^^^^^^^^^^
  File "D:\Lib\site-packages\django\contrib\admin\sites.py", line 261, in wrapper
    return self.admin_view(view, cacheable)(*args, **kwargs)
           ^^^^^^^^^^^^^^^^^^^^^^^^^^^^^^^^^^^^^^^^^^^^^^^^^
  File "D:\Lib\site-packages\django\utils\decorators.py", line 134, in _wrapper_view
    response = view_func(request, *args, **kwargs)
               ^^^^^^^^^^^^^^^^^^^^^^^^^^^^^^^^^^^
  File "D:\Lib\site-packages\django\views\decorators\cache.py", line 62, in _wrapper_view_func
    response = view_func(request, *args, **kwargs)
               ^^^^^^^^^^^^^^^^^^^^^^^^^^^^^^^^^^^
  File "D:\Lib\site-packages\django\contrib\admin\sites.py", line 242, in inner
    return view(request, *args, **kwargs)
           ^^^^^^^^^^^^^^^^^^^^^^^^^^^^^^
  File "D:\Lib\site-packages\django\contrib\admin\sites.py", line 552, in index
    app_list = self.get_app_list(request)
               ^^^^^^^^^^^^^^^^^^^^^^^^^^
  File "D:\Lib\site-packages\django\contrib\admin\sites.py", line 536, in get_app_list
    app_dict = self._build_app_dict(request, app_label)
               ^^^^^^^^^^^^^^^^^^^^^^^^^^^^^^^^^^^^^^^^
  File "D:\Lib\site-packages\django\contrib\admin\sites.py", line 482, in _build_app_dict
    perms = model_admin.get_model_perms(request)
            ^^^^^^^^^^^^^^^^^^^^^^^^^^^^^^^^^^^^
  File "D:\Lib\site-packages\django\contrib\admin\options.py", line 751, in get_model_perms
    "add": self.has_add_permission(request),
           ^^^^^^^^^^^^^^^^^^^^^^^^^^^^^^^^
  File "E:\Resume_Projects\lifedocs\vault\admin.py", line 38, in has_add_permission
    return not SiteStatistics.objects.exists()
               ^^^^^^^^^^^^^^^^^^^^^^^^^^^^^^^
  File "D:\Lib\site-packages\django\db\models\manager.py", line 87, in manager_method
    return getattr(self.get_queryset(), name)(*args, **kwargs)
           ^^^^^^^^^^^^^^^^^^^^^^^^^^^^^^^^^^^^^^^^^^^^^^^^^^^
  File "D:\Lib\site-packages\django\db\models\query.py", line 1241, in exists
    return self.query.has_results(using=self.db)
           ^^^^^^^^^^^^^^^^^^^^^^^^^^^^^^^^^^^^^
  File "D:\Lib\site-packages\django\db\models\sql\query.py", line 598, in has_results
    return compiler.has_results()
           ^^^^^^^^^^^^^^^^^^^^^^
  File "D:\Lib\site-packages\django\db\models\sql\compiler.py", line 1530, in has_results
    return bool(self.execute_sql(SINGLE))
                ^^^^^^^^^^^^^^^^^^^^^^^^
  File "D:\Lib\site-packages\django\db\models\sql\compiler.py", line 1562, in execute_sql
    cursor.execute(sql, params)
  File "D:\Lib\site-packages\django\db\backends\utils.py", line 102, in execute
    return super().execute(sql, params)
           ^^^^^^^^^^^^^^^^^^^^^^^^^^^^
  File "D:\Lib\site-packages\django\db\backends\utils.py", line 67, in execute
    return self._execute_with_wrappers(
           ^^^^^^^^^^^^^^^^^^^^^^^^^^^^
  File "D:\Lib\site-packages\django\db\backends\utils.py", line 80, in _execute_with_wrappers
    return executor(sql, params, many, context)
           ^^^^^^^^^^^^^^^^^^^^^^^^^^^^^^^^^^^^
  File "D:\Lib\site-packages\django\db\backends\utils.py", line 84, in _execute
    with self.db.wrap_database_errors:
  File "D:\Lib\site-packages\django\db\utils.py", line 91, in __exit__
    raise dj_exc_value.with_traceback(traceback) from exc_value
  File "D:\Lib\site-packages\django\db\backends\utils.py", line 89, in _execute
    return self.cursor.execute(sql, params)
           ^^^^^^^^^^^^^^^^^^^^^^^^^^^^^^^^
  File "D:\Lib\site-packages\django\db\backends\sqlite3\base.py", line 328, in execute
    return super().execute(query, params)
           ^^^^^^^^^^^^^^^^^^^^^^^^^^^^^^
django.db.utils.OperationalError: no such table: vault_sitestatistics
ERROR 2026-01-20 09:29:32,056 basehttp 8088 9476 "GET /admin/ HTTP/1.1" 500 184804
ERROR 2026-01-20 09:29:36,973 log 8088 13800 Internal Server Error: /admin/
Traceback (most recent call last):
  File "D:\Lib\site-packages\django\db\backends\utils.py", line 89, in _execute
    return self.cursor.execute(sql, params)
           ^^^^^^^^^^^^^^^^^^^^^^^^^^^^^^^^
  File "D:\Lib\site-packages\django\db\backends\sqlite3\base.py", line 328, in execute
    return super().execute(query, params)
           ^^^^^^^^^^^^^^^^^^^^^^^^^^^^^^
sqlite3.OperationalError: no such table: vault_sitestatistics

The above exception was the direct cause of the following exception:

Traceback (most recent call last):
  File "D:\Lib\site-packages\django\core\handlers\exception.py", line 55, in inner
    response = get_response(request)
               ^^^^^^^^^^^^^^^^^^^^^
  File "D:\Lib\site-packages\django\core\handlers\base.py", line 197, in _get_response
    response = wrapped_callback(request, *callback_args, **callback_kwargs)
               ^^^^^^^^^^^^^^^^^^^^^^^^^^^^^^^^^^^^^^^^^^^^^^^^^^^^^^^^^^^^
  File "D:\Lib\contextlib.py", line 81, in inner
    return func(*args, **kwds)
           ^^^^^^^^^^^^^^^^^^^
  File "D:\Lib\site-packages\django\contrib\admin\sites.py", line 261, in wrapper
    return self.admin_view(view, cacheable)(*args, **kwargs)
           ^^^^^^^^^^^^^^^^^^^^^^^^^^^^^^^^^^^^^^^^^^^^^^^^^
  File "D:\Lib\site-packages\django\utils\decorators.py", line 134, in _wrapper_view
    response = view_func(request, *args, **kwargs)
               ^^^^^^^^^^^^^^^^^^^^^^^^^^^^^^^^^^^
  File "D:\Lib\site-packages\django\views\decorators\cache.py", line 62, in _wrapper_view_func
    response = view_func(request, *args, **kwargs)
               ^^^^^^^^^^^^^^^^^^^^^^^^^^^^^^^^^^^
  File "D:\Lib\site-packages\django\contrib\admin\sites.py", line 242, in inner
    return view(request, *args, **kwargs)
           ^^^^^^^^^^^^^^^^^^^^^^^^^^^^^^
  File "D:\Lib\site-packages\django\contrib\admin\sites.py", line 552, in index
    app_list = self.get_app_list(request)
               ^^^^^^^^^^^^^^^^^^^^^^^^^^
  File "D:\Lib\site-packages\django\contrib\admin\sites.py", line 536, in get_app_list
    app_dict = self._build_app_dict(request, app_label)
               ^^^^^^^^^^^^^^^^^^^^^^^^^^^^^^^^^^^^^^^^
  File "D:\Lib\site-packages\django\contrib\admin\sites.py", line 482, in _build_app_dict
    perms = model_admin.get_model_perms(request)
            ^^^^^^^^^^^^^^^^^^^^^^^^^^^^^^^^^^^^
  File "D:\Lib\site-packages\django\contrib\admin\options.py", line 751, in get_model_perms
    "add": self.has_add_permission(request),
           ^^^^^^^^^^^^^^^^^^^^^^^^^^^^^^^^
  File "E:\Resume_Projects\lifedocs\vault\admin.py", line 38, in has_add_permission
    return not SiteStatistics.objects.exists()
               ^^^^^^^^^^^^^^^^^^^^^^^^^^^^^^^
  File "D:\Lib\site-packages\django\db\models\manager.py", line 87, in manager_method
    return getattr(self.get_queryset(), name)(*args, **kwargs)
           ^^^^^^^^^^^^^^^^^^^^^^^^^^^^^^^^^^^^^^^^^^^^^^^^^^^
  File "D:\Lib\site-packages\django\db\models\query.py", line 1241, in exists
    return self.query.has_results(using=self.db)
           ^^^^^^^^^^^^^^^^^^^^^^^^^^^^^^^^^^^^^
  File "D:\Lib\site-packages\django\db\models\sql\query.py", line 598, in has_results
    return compiler.has_results()
           ^^^^^^^^^^^^^^^^^^^^^^
  File "D:\Lib\site-packages\django\db\models\sql\compiler.py", line 1530, in has_results
    return bool(self.execute_sql(SINGLE))
                ^^^^^^^^^^^^^^^^^^^^^^^^
  File "D:\Lib\site-packages\django\db\models\sql\compiler.py", line 1562, in execute_sql
    cursor.execute(sql, params)
  File "D:\Lib\site-packages\django\db\backends\utils.py", line 102, in execute
    return super().execute(sql, params)
           ^^^^^^^^^^^^^^^^^^^^^^^^^^^^
  File "D:\Lib\site-packages\django\db\backends\utils.py", line 67, in execute
    return self._execute_with_wrappers(
           ^^^^^^^^^^^^^^^^^^^^^^^^^^^^
  File "D:\Lib\site-packages\django\db\backends\utils.py", line 80, in _execute_with_wrappers
    return executor(sql, params, many, context)
           ^^^^^^^^^^^^^^^^^^^^^^^^^^^^^^^^^^^^
  File "D:\Lib\site-packages\django\db\backends\utils.py", line 84, in _execute
    with self.db.wrap_database_errors:
  File "D:\Lib\site-packages\django\db\utils.py", line 91, in __exit__
    raise dj_exc_value.with_traceback(traceback) from exc_value
  File "D:\Lib\site-packages\django\db\backends\utils.py", line 89, in _execute
    return self.cursor.execute(sql, params)
           ^^^^^^^^^^^^^^^^^^^^^^^^^^^^^^^^
  File "D:\Lib\site-packages\django\db\backends\sqlite3\base.py", line 328, in execute
    return super().execute(query, params)
           ^^^^^^^^^^^^^^^^^^^^^^^^^^^^^^
django.db.utils.OperationalError: no such table: vault_sitestatistics
ERROR 2026-01-20 09:29:36,978 basehttp 8088 13800 "GET /admin/ HTTP/1.1" 500 184941
ERROR 2026-01-20 09:30:54,394 log 12764 25056 Internal Server Error: /accounts/profile/
Traceback (most recent call last):
  File "D:\Lib\site-packages\django\db\backends\utils.py", line 89, in _execute
    return self.cursor.execute(sql, params)
           ^^^^^^^^^^^^^^^^^^^^^^^^^^^^^^^^
  File "D:\Lib\site-packages\django\db\backends\sqlite3\base.py", line 328, in execute
    return super().execute(query, params)
           ^^^^^^^^^^^^^^^^^^^^^^^^^^^^^^
sqlite3.IntegrityError: UNIQUE constraint failed: users.phone

The above exception was the direct cause of the following exception:

Traceback (most recent call last):
  File "E:\Resume_Projects\lifedocs\accounts\views.py", line 502, in profile_view
    user.save()
  File "D:\Lib\site-packages\django\contrib\auth\base_user.py", line 76, in save
    super().save(*args, **kwargs)
  File "D:\Lib\site-packages\django\db\models\base.py", line 814, in save
    self.save_base(
  File "D:\Lib\site-packages\django\db\models\base.py", line 877, in save_base
    updated = self._save_table(
              ^^^^^^^^^^^^^^^^^
  File "D:\Lib\site-packages\django\db\models\base.py", line 990, in _save_table
    updated = self._do_update(
              ^^^^^^^^^^^^^^^^
  File "D:\Lib\site-packages\django\db\models\base.py", line 1054, in _do_update
    return filtered._update(values) > 0
           ^^^^^^^^^^^^^^^^^^^^^^^^
  File "D:\Lib\site-packages\django\db\models\query.py", line 1231, in _update
    return query.get_compiler(self.db).execute_sql(CURSOR)
           ^^^^^^^^^^^^^^^^^^^^^^^^^^^^^^^^^^^^^^^^^^^^^^^
  File "D:\Lib\site-packages\django\db\models\sql\compiler.py", line 1984, in execute_sql
    cursor = super().execute_sql(result_type)
             ^^^^^^^^^^^^^^^^^^^^^^^^^^^^^^^^
  File "D:\Lib\site-packages\django\db\models\sql\compiler.py", line 1562, in execute_sql
    cursor.execute(sql, params)
  File "D:\Lib\site-packages\django\db\backends\utils.py", line 102, in execute
    return super().execute(sql, params)
           ^^^^^^^^^^^^^^^^^^^^^^^^^^^^
  File "D:\Lib\site-packages\django\db\backends\utils.py", line 67, in execute
    return self._execute_with_wrappers(
           ^^^^^^^^^^^^^^^^^^^^^^^^^^^^
  File "D:\Lib\site-packages\django\db\backends\utils.py", line 80, in _execute_with_wrappers
    return executor(sql, params, many, context)
           ^^^^^^^^^^^^^^^^^^^^^^^^^^^^^^^^^^^^
  File "D:\Lib\site-packages\django\db\backends\utils.py", line 84, in _execute
    with self.db.wrap_database_errors:
  File "D:\Lib\site-packages\django\db\utils.py", line 91, in __exit__
    raise dj_exc_value.with_traceback(traceback) from exc_value
  File "D:\Lib\site-packages\django\db\backends\utils.py", line 89, in _execute
    return self.cursor.execute(sql, params)
           ^^^^^^^^^^^^^^^^^^^^^^^^^^^^^^^^
  File "D:\Lib\site-packages\django\db\backends\sqlite3\base.py", line 328, in execute
    return super().execute(query, params)
           ^^^^^^^^^^^^^^^^^^^^^^^^^^^^^^
django.db.utils.IntegrityError: UNIQUE constraint failed: users.phone

The above exception was the direct cause of the following exception:

Traceback (most recent call last):
  File "D:\Lib\site-packages\django\core\handlers\exception.py", line 55, in inner
    response = get_response(request)
               ^^^^^^^^^^^^^^^^^^^^^
  File "D:\Lib\site-packages\django\core\handlers\base.py", line 197, in _get_response
    response = wrapped_callback(request, *callback_args, **callback_kwargs)
               ^^^^^^^^^^^^^^^^^^^^^^^^^^^^^^^^^^^^^^^^^^^^^^^^^^^^^^^^^^^^
  File "D:\Lib\contextlib.py", line 81, in inner
    return func(*args, **kwds)
           ^^^^^^^^^^^^^^^^^^^
  File "D:\Lib\site-packages\django\contrib\auth\decorators.py", line 23, in _wrapper_view
    return view_func(request, *args, **kwargs)
           ^^^^^^^^^^^^^^^^^^^^^^^^^^^^^^^^^^^
  File "D:\Lib\site-packages\django\views\decorators\http.py", line 43, in inner
    return func(request, *args, **kwargs)
           ^^^^^^^^^^^^^^^^^^^^^^^^^^^^^^
  File "E:\Resume_Projects\lifedocs\accounts\views.py", line 527, in profile_view
    return render(request, 'accounts/profile.html', context)
           ^^^^^^^^^^^^^^^^^^^^^^^^^^^^^^^^^^^^^^^^^^^^^^^^^
  File "D:\Lib\site-packages\django\shortcuts.py", line 24, in render
    content = loader.render_to_string(template_name, context, request, using=using)
              ^^^^^^^^^^^^^^^^^^^^^^^^^^^^^^^^^^^^^^^^^^^^^^^^^^^^^^^^^^^^^^^^^^^^^
  File "D:\Lib\site-packages\django\template\loader.py", line 62, in render_to_string
    return template.render(context, request)
           ^^^^^^^^^^^^^^^^^^^^^^^^^^^^^^^^^
  File "D:\Lib\site-packages\django\template\backends\django.py", line 61, in render
    return self.template.render(context)
           ^^^^^^^^^^^^^^^^^^^^^^^^^^^^^
  File "D:\Lib\site-packages\django\template\base.py", line 175, in render
    return self._render(context)
           ^^^^^^^^^^^^^^^^^^^^^
  File "D:\Lib\site-packages\django\template\base.py", line 167, in _render
    return self.nodelist.render(context)
           ^^^^^^^^^^^^^^^^^^^^^^^^^^^^^
  File "D:\Lib\site-packages\django\template\base.py", line 1005, in render
    return SafeString("".join([node.render_annotated(context) for node in self]))
                              ^^^^^^^^^^^^^^^^^^^^^^^^^^^^^^^^^^^^^^^^^^^^^^^^^
  File "D:\Lib\site-packages\django\template\base.py", line 1005, in <listcomp>
    return SafeString("".join([node.render_annotated(context) for node in self]))
                               ^^^^^^^^^^^^^^^^^^^^^^^^^^^^^^
  File "D:\Lib\site-packages\django\template\base.py", line 966, in render_annotated
    return self.render(context)
           ^^^^^^^^^^^^^^^^^^^^
  File "D:\Lib\site-packages\django\template\loader_tags.py", line 157, in render
    return compiled_parent._render(context)
           ^^^^^^^^^^^^^^^^^^^^^^^^^^^^^^^^
  File "D:\Lib\site-packages\django\template\base.py", line 167, in _render
    return self.nodelist.render(context)
           ^^^^^^^^^^^^^^^^^^^^^^^^^^^^^
  File "D:\Lib\site-packages\django\template\base.py", line 1005, in render
    return SafeString("".join([node.render_annotated(context) for node in self]))
                              ^^^^^^^^^^^^^^^^^^^^^^^^^^^^^^^^^^^^^^^^^^^^^^^^^
  File "D:\Lib\site-packages\django\template\base.py", line 1005, in <listcomp>
    return SafeString("".join([node.render_annotated(context) for node in self]))
                               ^^^^^^^^^^^^^^^^^^^^^^^^^^^^^^
  File "D:\Lib\site-packages\django\template\base.py", line 966, in render_annotated
    return self.render(context)
           ^^^^^^^^^^^^^^^^^^^^
  File "D:\Lib\site-packages\django\template\loader_tags.py", line 63, in render
    result = block.nodelist.render(context)
             ^^^^^^^^^^^^^^^^^^^^^^^^^^^^^^
  File "D:\Lib\site-packages\django\template\base.py", line 1005, in render
    return SafeString("".join([node.render_annotated(context) for node in self]))
                              ^^^^^^^^^^^^^^^^^^^^^^^^^^^^^^^^^^^^^^^^^^^^^^^^^
  File "D:\Lib\site-packages\django\template\base.py", line 1005, in <listcomp>
    return SafeString("".join([node.render_annotated(context) for node in self]))
                               ^^^^^^^^^^^^^^^^^^^^^^^^^^^^^^
  File "D:\Lib\site-packages\django\template\base.py", line 966, in render_annotated
    return self.render(context)
           ^^^^^^^^^^^^^^^^^^^^
  File "D:\Lib\site-packages\django\template\base.py", line 1064, in render
    output = self.filter_expression.resolve(context)
             ^^^^^^^^^^^^^^^^^^^^^^^^^^^^^^^^^^^^^^^
  File "D:\Lib\site-packages\django\template\base.py", line 715, in resolve
    obj = self.var.resolve(context)
          ^^^^^^^^^^^^^^^^^^^^^^^^^
  File "D:\Lib\site-packages\django\template\base.py", line 847, in resolve
    value = self._resolve_lookup(context)
            ^^^^^^^^^^^^^^^^^^^^^^^^^^^^^
  File "D:\Lib\site-packages\django\template\base.py", line 914, in _resolve_lookup
    current = current()
              ^^^^^^^^^
  File "D:\Lib\site-packages\django\db\models\query.py", line 608, in count
    return self.query.get_count(using=self.db)
           ^^^^^^^^^^^^^^^^^^^^^^^^^^^^^^^^^^^
  File "D:\Lib\site-packages\django\db\models\sql\query.py", line 568, in get_count
    return obj.get_aggregation(using, {"__count": Count("*")})["__count"]
           ^^^^^^^^^^^^^^^^^^^^^^^^^^^^^^^^^^^^^^^^^^^^^^^^^^^
  File "D:\Lib\site-packages\django\db\models\sql\query.py", line 554, in get_aggregation
    result = compiler.execute_sql(SINGLE)
             ^^^^^^^^^^^^^^^^^^^^^^^^^^^^
  File "D:\Lib\site-packages\django\db\models\sql\compiler.py", line 1562, in execute_sql
    cursor.execute(sql, params)
  File "D:\Lib\site-packages\django\db\backends\utils.py", line 102, in execute
    return super().execute(sql, params)
           ^^^^^^^^^^^^^^^^^^^^^^^^^^^^
  File "D:\Lib\site-packages\django\db\backends\utils.py", line 67, in execute
    return self._execute_with_wrappers(
           ^^^^^^^^^^^^^^^^^^^^^^^^^^^^
  File "D:\Lib\site-packages\django\db\backends\utils.py", line 80, in _execute_with_wrappers
    return executor(sql, params, many, context)
           ^^^^^^^^^^^^^^^^^^^^^^^^^^^^^^^^^^^^
  File "D:\Lib\site-packages\django\db\backends\utils.py", line 83, in _execute
    self.db.validate_no_broken_transaction()
  File "D:\Lib\site-packages\django\db\backends\base\base.py", line 531, in validate_no_broken_transaction
    raise TransactionManagementError(
django.db.transaction.TransactionManagementError: An error occurred in the current transaction. You can't execute queries until the end of the 'atomic' block.
ERROR 2026-01-20 09:30:54,415 basehttp 12764 25056 "POST /accounts/profile/ HTTP/1.1" 500 341438
WARNING 2026-01-20 09:32:48,242 log 12764 19404 Not Found: /admin/blogs/
WARNING 2026-01-20 09:32:48,242 basehttp 12764 19404 "GET /admin/blogs/ HTTP/1.1" 404 6449
ERROR 2026-01-20 09:32:51,839 log 12764 19404 Internal Server Error: /admin/
Traceback (most recent call last):
  File "D:\Lib\site-packages\django\db\backends\utils.py", line 89, in _execute
    return self.cursor.execute(sql, params)
           ^^^^^^^^^^^^^^^^^^^^^^^^^^^^^^^^
  File "D:\Lib\site-packages\django\db\backends\sqlite3\base.py", line 328, in execute
    return super().execute(query, params)
           ^^^^^^^^^^^^^^^^^^^^^^^^^^^^^^
sqlite3.OperationalError: no such table: vault_sitestatistics

The above exception was the direct cause of the following exception:

Traceback (most recent call last):
  File "D:\Lib\site-packages\django\core\handlers\exception.py", line 55, in inner
    response = get_response(request)
               ^^^^^^^^^^^^^^^^^^^^^
  File "D:\Lib\site-packages\django\core\handlers\base.py", line 197, in _get_response
    response = wrapped_callback(request, *callback_args, **callback_kwargs)
               ^^^^^^^^^^^^^^^^^^^^^^^^^^^^^^^^^^^^^^^^^^^^^^^^^^^^^^^^^^^^
  File "D:\Lib\contextlib.py", line 81, in inner
    return func(*args, **kwds)
           ^^^^^^^^^^^^^^^^^^^
  File "D:\Lib\site-packages\django\contrib\admin\sites.py", line 261, in wrapper
    return self.admin_view(view, cacheable)(*args, **kwargs)
           ^^^^^^^^^^^^^^^^^^^^^^^^^^^^^^^^^^^^^^^^^^^^^^^^^
  File "D:\Lib\site-packages\django\utils\decorators.py", line 134, in _wrapper_view
    response = view_func(request, *args, **kwargs)
               ^^^^^^^^^^^^^^^^^^^^^^^^^^^^^^^^^^^
  File "D:\Lib\site-packages\django\views\decorators\cache.py", line 62, in _wrapper_view_func
    response = view_func(request, *args, **kwargs)
               ^^^^^^^^^^^^^^^^^^^^^^^^^^^^^^^^^^^
  File "D:\Lib\site-packages\django\contrib\admin\sites.py", line 242, in inner
    return view(request, *args, **kwargs)
           ^^^^^^^^^^^^^^^^^^^^^^^^^^^^^^
  File "D:\Lib\site-packages\django\contrib\admin\sites.py", line 552, in index
    app_list = self.get_app_list(request)
               ^^^^^^^^^^^^^^^^^^^^^^^^^^
  File "D:\Lib\site-packages\django\contrib\admin\sites.py", line 536, in get_app_list
    app_dict = self._build_app_dict(request, app_label)
               ^^^^^^^^^^^^^^^^^^^^^^^^^^^^^^^^^^^^^^^^
  File "D:\Lib\site-packages\django\contrib\admin\sites.py", line 482, in _build_app_dict
    perms = model_admin.get_model_perms(request)
            ^^^^^^^^^^^^^^^^^^^^^^^^^^^^^^^^^^^^
  File "D:\Lib\site-packages\django\contrib\admin\options.py", line 751, in get_model_perms
    "add": self.has_add_permission(request),
           ^^^^^^^^^^^^^^^^^^^^^^^^^^^^^^^^
  File "E:\Resume_Projects\lifedocs\vault\admin.py", line 38, in has_add_permission
    return not SiteStatistics.objects.exists()
               ^^^^^^^^^^^^^^^^^^^^^^^^^^^^^^^
  File "D:\Lib\site-packages\django\db\models\manager.py", line 87, in manager_method
    return getattr(self.get_queryset(), name)(*args, **kwargs)
           ^^^^^^^^^^^^^^^^^^^^^^^^^^^^^^^^^^^^^^^^^^^^^^^^^^^
  File "D:\Lib\site-packages\django\db\models\query.py", line 1241, in exists
    return self.query.has_results(using=self.db)
           ^^^^^^^^^^^^^^^^^^^^^^^^^^^^^^^^^^^^^
  File "D:\Lib\site-packages\django\db\models\sql\query.py", line 598, in has_results
    return compiler.has_results()
           ^^^^^^^^^^^^^^^^^^^^^^
  File "D:\Lib\site-packages\django\db\models\sql\compiler.py", line 1530, in has_results
    return bool(self.execute_sql(SINGLE))
                ^^^^^^^^^^^^^^^^^^^^^^^^
  File "D:\Lib\site-packages\django\db\models\sql\compiler.py", line 1562, in execute_sql
    cursor.execute(sql, params)
  File "D:\Lib\site-packages\django\db\backends\utils.py", line 102, in execute
    return super().execute(sql, params)
           ^^^^^^^^^^^^^^^^^^^^^^^^^^^^
  File "D:\Lib\site-packages\django\db\backends\utils.py", line 67, in execute
    return self._execute_with_wrappers(
           ^^^^^^^^^^^^^^^^^^^^^^^^^^^^
  File "D:\Lib\site-packages\django\db\backends\utils.py", line 80, in _execute_with_wrappers
    return executor(sql, params, many, context)
           ^^^^^^^^^^^^^^^^^^^^^^^^^^^^^^^^^^^^
  File "D:\Lib\site-packages\django\db\backends\utils.py", line 84, in _execute
    with self.db.wrap_database_errors:
  File "D:\Lib\site-packages\django\db\utils.py", line 91, in __exit__
    raise dj_exc_value.with_traceback(traceback) from exc_value
  File "D:\Lib\site-packages\django\db\backends\utils.py", line 89, in _execute
    return self.cursor.execute(sql, params)
           ^^^^^^^^^^^^^^^^^^^^^^^^^^^^^^^^
  File "D:\Lib\site-packages\django\db\backends\sqlite3\base.py", line 328, in execute
    return super().execute(query, params)
           ^^^^^^^^^^^^^^^^^^^^^^^^^^^^^^
django.db.utils.OperationalError: no such table: vault_sitestatistics
ERROR 2026-01-20 09:32:51,841 basehttp 12764 19404 "GET /admin/ HTTP/1.1" 500 184804
ERROR 2026-01-20 09:33:53,616 log 12764 476 Internal Server Error: /accounts/profile/
Traceback (most recent call last):
  File "D:\Lib\site-packages\django\db\backends\utils.py", line 89, in _execute
    return self.cursor.execute(sql, params)
           ^^^^^^^^^^^^^^^^^^^^^^^^^^^^^^^^
  File "D:\Lib\site-packages\django\db\backends\sqlite3\base.py", line 328, in execute
    return super().execute(query, params)
           ^^^^^^^^^^^^^^^^^^^^^^^^^^^^^^
sqlite3.IntegrityError: UNIQUE constraint failed: users.phone

The above exception was the direct cause of the following exception:

Traceback (most recent call last):
  File "E:\Resume_Projects\lifedocs\accounts\views.py", line 502, in profile_view
    user.save()
  File "D:\Lib\site-packages\django\contrib\auth\base_user.py", line 76, in save
    super().save(*args, **kwargs)
  File "D:\Lib\site-packages\django\db\models\base.py", line 814, in save
    self.save_base(
  File "D:\Lib\site-packages\django\db\models\base.py", line 877, in save_base
    updated = self._save_table(
              ^^^^^^^^^^^^^^^^^
  File "D:\Lib\site-packages\django\db\models\base.py", line 990, in _save_table
    updated = self._do_update(
              ^^^^^^^^^^^^^^^^
  File "D:\Lib\site-packages\django\db\models\base.py", line 1054, in _do_update
    return filtered._update(values) > 0
           ^^^^^^^^^^^^^^^^^^^^^^^^
  File "D:\Lib\site-packages\django\db\models\query.py", line 1231, in _update
    return query.get_compiler(self.db).execute_sql(CURSOR)
           ^^^^^^^^^^^^^^^^^^^^^^^^^^^^^^^^^^^^^^^^^^^^^^^
  File "D:\Lib\site-packages\django\db\models\sql\compiler.py", line 1984, in execute_sql
    cursor = super().execute_sql(result_type)
             ^^^^^^^^^^^^^^^^^^^^^^^^^^^^^^^^
  File "D:\Lib\site-packages\django\db\models\sql\compiler.py", line 1562, in execute_sql
    cursor.execute(sql, params)
  File "D:\Lib\site-packages\django\db\backends\utils.py", line 102, in execute
    return super().execute(sql, params)
           ^^^^^^^^^^^^^^^^^^^^^^^^^^^^
  File "D:\Lib\site-packages\django\db\backends\utils.py", line 67, in execute
    return self._execute_with_wrappers(
           ^^^^^^^^^^^^^^^^^^^^^^^^^^^^
  File "D:\Lib\site-packages\django\db\backends\utils.py", line 80, in _execute_with_wrappers
    return executor(sql, params, many, context)
           ^^^^^^^^^^^^^^^^^^^^^^^^^^^^^^^^^^^^
  File "D:\Lib\site-packages\django\db\backends\utils.py", line 84, in _execute
    with self.db.wrap_database_errors:
  File "D:\Lib\site-packages\django\db\utils.py", line 91, in __exit__
    raise dj_exc_value.with_traceback(traceback) from exc_value
  File "D:\Lib\site-packages\django\db\backends\utils.py", line 89, in _execute
    return self.cursor.execute(sql, params)
           ^^^^^^^^^^^^^^^^^^^^^^^^^^^^^^^^
  File "D:\Lib\site-packages\django\db\backends\sqlite3\base.py", line 328, in execute
    return super().execute(query, params)
           ^^^^^^^^^^^^^^^^^^^^^^^^^^^^^^
django.db.utils.IntegrityError: UNIQUE constraint failed: users.phone

The above exception was the direct cause of the following exception:

Traceback (most recent call last):
  File "D:\Lib\site-packages\django\core\handlers\exception.py", line 55, in inner
    response = get_response(request)
               ^^^^^^^^^^^^^^^^^^^^^
  File "D:\Lib\site-packages\django\core\handlers\base.py", line 197, in _get_response
    response = wrapped_callback(request, *callback_args, **callback_kwargs)
               ^^^^^^^^^^^^^^^^^^^^^^^^^^^^^^^^^^^^^^^^^^^^^^^^^^^^^^^^^^^^
  File "D:\Lib\contextlib.py", line 81, in inner
    return func(*args, **kwds)
           ^^^^^^^^^^^^^^^^^^^
  File "D:\Lib\site-packages\django\contrib\auth\decorators.py", line 23, in _wrapper_view
    return view_func(request, *args, **kwargs)
           ^^^^^^^^^^^^^^^^^^^^^^^^^^^^^^^^^^^
  File "D:\Lib\site-packages\django\views\decorators\http.py", line 43, in inner
    return func(request, *args, **kwargs)
           ^^^^^^^^^^^^^^^^^^^^^^^^^^^^^^
  File "E:\Resume_Projects\lifedocs\accounts\views.py", line 527, in profile_view
    return render(request, 'accounts/profile.html', context)
           ^^^^^^^^^^^^^^^^^^^^^^^^^^^^^^^^^^^^^^^^^^^^^^^^^
  File "D:\Lib\site-packages\django\shortcuts.py", line 24, in render
    content = loader.render_to_string(template_name, context, request, using=using)
              ^^^^^^^^^^^^^^^^^^^^^^^^^^^^^^^^^^^^^^^^^^^^^^^^^^^^^^^^^^^^^^^^^^^^^
  File "D:\Lib\site-packages\django\template\loader.py", line 62, in render_to_string
    return template.render(context, request)
           ^^^^^^^^^^^^^^^^^^^^^^^^^^^^^^^^^
  File "D:\Lib\site-packages\django\template\backends\django.py", line 61, in render
    return self.template.render(context)
           ^^^^^^^^^^^^^^^^^^^^^^^^^^^^^
  File "D:\Lib\site-packages\django\template\base.py", line 175, in render
    return self._render(context)
           ^^^^^^^^^^^^^^^^^^^^^
  File "D:\Lib\site-packages\django\template\base.py", line 167, in _render
    return self.nodelist.render(context)
           ^^^^^^^^^^^^^^^^^^^^^^^^^^^^^
  File "D:\Lib\site-packages\django\template\base.py", line 1005, in render
    return SafeString("".join([node.render_annotated(context) for node in self]))
                              ^^^^^^^^^^^^^^^^^^^^^^^^^^^^^^^^^^^^^^^^^^^^^^^^^
  File "D:\Lib\site-packages\django\template\base.py", line 1005, in <listcomp>
    return SafeString("".join([node.render_annotated(context) for node in self]))
                               ^^^^^^^^^^^^^^^^^^^^^^^^^^^^^^
  File "D:\Lib\site-packages\django\template\base.py", line 966, in render_annotated
    return self.render(context)
           ^^^^^^^^^^^^^^^^^^^^
  File "D:\Lib\site-packages\django\template\loader_tags.py", line 157, in render
    return compiled_parent._render(context)
           ^^^^^^^^^^^^^^^^^^^^^^^^^^^^^^^^
  File "D:\Lib\site-packages\django\template\base.py", line 167, in _render
    return self.nodelist.render(context)
           ^^^^^^^^^^^^^^^^^^^^^^^^^^^^^
  File "D:\Lib\site-packages\django\template\base.py", line 1005, in render
    return SafeString("".join([node.render_annotated(context) for node in self]))
                              ^^^^^^^^^^^^^^^^^^^^^^^^^^^^^^^^^^^^^^^^^^^^^^^^^
  File "D:\Lib\site-packages\django\template\base.py", line 1005, in <listcomp>
    return SafeString("".join([node.render_annotated(context) for node in self]))
                               ^^^^^^^^^^^^^^^^^^^^^^^^^^^^^^
  File "D:\Lib\site-packages\django\template\base.py", line 966, in render_annotated
    return self.render(context)
           ^^^^^^^^^^^^^^^^^^^^
  File "D:\Lib\site-packages\django\template\loader_tags.py", line 63, in render
    result = block.nodelist.render(context)
             ^^^^^^^^^^^^^^^^^^^^^^^^^^^^^^
  File "D:\Lib\site-packages\django\template\base.py", line 1005, in render
    return SafeString("".join([node.render_annotated(context) for node in self]))
                              ^^^^^^^^^^^^^^^^^^^^^^^^^^^^^^^^^^^^^^^^^^^^^^^^^
  File "D:\Lib\site-packages\django\template\base.py", line 1005, in <listcomp>
    return SafeString("".join([node.render_annotated(context) for node in self]))
                               ^^^^^^^^^^^^^^^^^^^^^^^^^^^^^^
  File "D:\Lib\site-packages\django\template\base.py", line 966, in render_annotated
    return self.render(context)
           ^^^^^^^^^^^^^^^^^^^^
  File "D:\Lib\site-packages\django\template\base.py", line 1064, in render
    output = self.filter_expression.resolve(context)
             ^^^^^^^^^^^^^^^^^^^^^^^^^^^^^^^^^^^^^^^
  File "D:\Lib\site-packages\django\template\base.py", line 715, in resolve
    obj = self.var.resolve(context)
          ^^^^^^^^^^^^^^^^^^^^^^^^^
  File "D:\Lib\site-packages\django\template\base.py", line 847, in resolve
    value = self._resolve_lookup(context)
            ^^^^^^^^^^^^^^^^^^^^^^^^^^^^^
  File "D:\Lib\site-packages\django\template\base.py", line 914, in _resolve_lookup
    current = current()
              ^^^^^^^^^
  File "D:\Lib\site-packages\django\db\models\query.py", line 608, in count
    return self.query.get_count(using=self.db)
           ^^^^^^^^^^^^^^^^^^^^^^^^^^^^^^^^^^^
  File "D:\Lib\site-packages\django\db\models\sql\query.py", line 568, in get_count
    return obj.get_aggregation(using, {"__count": Count("*")})["__count"]
           ^^^^^^^^^^^^^^^^^^^^^^^^^^^^^^^^^^^^^^^^^^^^^^^^^^^
  File "D:\Lib\site-packages\django\db\models\sql\query.py", line 554, in get_aggregation
    result = compiler.execute_sql(SINGLE)
             ^^^^^^^^^^^^^^^^^^^^^^^^^^^^
  File "D:\Lib\site-packages\django\db\models\sql\compiler.py", line 1562, in execute_sql
    cursor.execute(sql, params)
  File "D:\Lib\site-packages\django\db\backends\utils.py", line 102, in execute
    return super().execute(sql, params)
           ^^^^^^^^^^^^^^^^^^^^^^^^^^^^
  File "D:\Lib\site-packages\django\db\backends\utils.py", line 67, in execute
    return self._execute_with_wrappers(
           ^^^^^^^^^^^^^^^^^^^^^^^^^^^^
  File "D:\Lib\site-packages\django\db\backends\utils.py", line 80, in _execute_with_wrappers
    return executor(sql, params, many, context)
           ^^^^^^^^^^^^^^^^^^^^^^^^^^^^^^^^^^^^
  File "D:\Lib\site-packages\django\db\backends\utils.py", line 83, in _execute
    self.db.validate_no_broken_transaction()
  File "D:\Lib\site-packages\django\db\backends\base\base.py", line 531, in validate_no_broken_transaction
    raise TransactionManagementError(
django.db.transaction.TransactionManagementError: An error occurred in the current transaction. You can't execute queries until the end of the 'atomic' block.
ERROR 2026-01-20 09:33:53,627 basehttp 12764 476 "POST /accounts/profile/ HTTP/1.1" 500 341438
ERROR 2026-01-20 09:44:28,970 log 12764 24572 Internal Server Error: /accounts/profile/
Traceback (most recent call last):
  File "D:\Lib\site-packages\django\db\backends\utils.py", line 89, in _execute
    return self.cursor.execute(sql, params)
           ^^^^^^^^^^^^^^^^^^^^^^^^^^^^^^^^
  File "D:\Lib\site-packages\django\db\backends\sqlite3\base.py", line 328, in execute
    return super().execute(query, params)
           ^^^^^^^^^^^^^^^^^^^^^^^^^^^^^^
sqlite3.IntegrityError: UNIQUE constraint failed: users.phone

The above exception was the direct cause of the following exception:

Traceback (most recent call last):
  File "E:\Resume_Projects\lifedocs\accounts\views.py", line 502, in profile_view
    user.save()
  File "D:\Lib\site-packages\django\contrib\auth\base_user.py", line 76, in save
    super().save(*args, **kwargs)
  File "D:\Lib\site-packages\django\db\models\base.py", line 814, in save
    self.save_base(
  File "D:\Lib\site-packages\django\db\models\base.py", line 877, in save_base
    updated = self._save_table(
              ^^^^^^^^^^^^^^^^^
  File "D:\Lib\site-packages\django\db\models\base.py", line 990, in _save_table
    updated = self._do_update(
              ^^^^^^^^^^^^^^^^
  File "D:\Lib\site-packages\django\db\models\base.py", line 1054, in _do_update
    return filtered._update(values) > 0
           ^^^^^^^^^^^^^^^^^^^^^^^^
  File "D:\Lib\site-packages\django\db\models\query.py", line 1231, in _update
    return query.get_compiler(self.db).execute_sql(CURSOR)
           ^^^^^^^^^^^^^^^^^^^^^^^^^^^^^^^^^^^^^^^^^^^^^^^
  File "D:\Lib\site-packages\django\db\models\sql\compiler.py", line 1984, in execute_sql
    cursor = super().execute_sql(result_type)
             ^^^^^^^^^^^^^^^^^^^^^^^^^^^^^^^^
  File "D:\Lib\site-packages\django\db\models\sql\compiler.py", line 1562, in execute_sql
    cursor.execute(sql, params)
  File "D:\Lib\site-packages\django\db\backends\utils.py", line 102, in execute
    return super().execute(sql, params)
           ^^^^^^^^^^^^^^^^^^^^^^^^^^^^
  File "D:\Lib\site-packages\django\db\backends\utils.py", line 67, in execute
    return self._execute_with_wrappers(
           ^^^^^^^^^^^^^^^^^^^^^^^^^^^^
  File "D:\Lib\site-packages\django\db\backends\utils.py", line 80, in _execute_with_wrappers
    return executor(sql, params, many, context)
           ^^^^^^^^^^^^^^^^^^^^^^^^^^^^^^^^^^^^
  File "D:\Lib\site-packages\django\db\backends\utils.py", line 84, in _execute
    with self.db.wrap_database_errors:
  File "D:\Lib\site-packages\django\db\utils.py", line 91, in __exit__
    raise dj_exc_value.with_traceback(traceback) from exc_value
  File "D:\Lib\site-packages\django\db\backends\utils.py", line 89, in _execute
    return self.cursor.execute(sql, params)
           ^^^^^^^^^^^^^^^^^^^^^^^^^^^^^^^^
  File "D:\Lib\site-packages\django\db\backends\sqlite3\base.py", line 328, in execute
    return super().execute(query, params)
           ^^^^^^^^^^^^^^^^^^^^^^^^^^^^^^
django.db.utils.IntegrityError: UNIQUE constraint failed: users.phone

The above exception was the direct cause of the following exception:

Traceback (most recent call last):
  File "D:\Lib\site-packages\django\core\handlers\exception.py", line 55, in inner
    response = get_response(request)
               ^^^^^^^^^^^^^^^^^^^^^
  File "D:\Lib\site-packages\django\core\handlers\base.py", line 197, in _get_response
    response = wrapped_callback(request, *callback_args, **callback_kwargs)
               ^^^^^^^^^^^^^^^^^^^^^^^^^^^^^^^^^^^^^^^^^^^^^^^^^^^^^^^^^^^^
  File "D:\Lib\contextlib.py", line 81, in inner
    return func(*args, **kwds)
           ^^^^^^^^^^^^^^^^^^^
  File "D:\Lib\site-packages\django\contrib\auth\decorators.py", line 23, in _wrapper_view
    return view_func(request, *args, **kwargs)
           ^^^^^^^^^^^^^^^^^^^^^^^^^^^^^^^^^^^
  File "D:\Lib\site-packages\django\views\decorators\http.py", line 43, in inner
    return func(request, *args, **kwargs)
           ^^^^^^^^^^^^^^^^^^^^^^^^^^^^^^
  File "E:\Resume_Projects\lifedocs\accounts\views.py", line 527, in profile_view
    return render(request, 'accounts/profile.html', context)
           ^^^^^^^^^^^^^^^^^^^^^^^^^^^^^^^^^^^^^^^^^^^^^^^^^
  File "D:\Lib\site-packages\django\shortcuts.py", line 24, in render
    content = loader.render_to_string(template_name, context, request, using=using)
              ^^^^^^^^^^^^^^^^^^^^^^^^^^^^^^^^^^^^^^^^^^^^^^^^^^^^^^^^^^^^^^^^^^^^^
  File "D:\Lib\site-packages\django\template\loader.py", line 62, in render_to_string
    return template.render(context, request)
           ^^^^^^^^^^^^^^^^^^^^^^^^^^^^^^^^^
  File "D:\Lib\site-packages\django\template\backends\django.py", line 61, in render
    return self.template.render(context)
           ^^^^^^^^^^^^^^^^^^^^^^^^^^^^^
  File "D:\Lib\site-packages\django\template\base.py", line 175, in render
    return self._render(context)
           ^^^^^^^^^^^^^^^^^^^^^
  File "D:\Lib\site-packages\django\template\base.py", line 167, in _render
    return self.nodelist.render(context)
           ^^^^^^^^^^^^^^^^^^^^^^^^^^^^^
  File "D:\Lib\site-packages\django\template\base.py", line 1005, in render
    return SafeString("".join([node.render_annotated(context) for node in self]))
                              ^^^^^^^^^^^^^^^^^^^^^^^^^^^^^^^^^^^^^^^^^^^^^^^^^
  File "D:\Lib\site-packages\django\template\base.py", line 1005, in <listcomp>
    return SafeString("".join([node.render_annotated(context) for node in self]))
                               ^^^^^^^^^^^^^^^^^^^^^^^^^^^^^^
  File "D:\Lib\site-packages\django\template\base.py", line 966, in render_annotated
    return self.render(context)
           ^^^^^^^^^^^^^^^^^^^^
  File "D:\Lib\site-packages\django\template\loader_tags.py", line 157, in render
    return compiled_parent._render(context)
           ^^^^^^^^^^^^^^^^^^^^^^^^^^^^^^^^
  File "D:\Lib\site-packages\django\template\base.py", line 167, in _render
    return self.nodelist.render(context)
           ^^^^^^^^^^^^^^^^^^^^^^^^^^^^^
  File "D:\Lib\site-packages\django\template\base.py", line 1005, in render
    return SafeString("".join([node.render_annotated(context) for node in self]))
                              ^^^^^^^^^^^^^^^^^^^^^^^^^^^^^^^^^^^^^^^^^^^^^^^^^
  File "D:\Lib\site-packages\django\template\base.py", line 1005, in <listcomp>
    return SafeString("".join([node.render_annotated(context) for node in self]))
                               ^^^^^^^^^^^^^^^^^^^^^^^^^^^^^^
  File "D:\Lib\site-packages\django\template\base.py", line 966, in render_annotated
    return self.render(context)
           ^^^^^^^^^^^^^^^^^^^^
  File "D:\Lib\site-packages\django\template\loader_tags.py", line 63, in render
    result = block.nodelist.render(context)
             ^^^^^^^^^^^^^^^^^^^^^^^^^^^^^^
  File "D:\Lib\site-packages\django\template\base.py", line 1005, in render
    return SafeString("".join([node.render_annotated(context) for node in self]))
                              ^^^^^^^^^^^^^^^^^^^^^^^^^^^^^^^^^^^^^^^^^^^^^^^^^
  File "D:\Lib\site-packages\django\template\base.py", line 1005, in <listcomp>
    return SafeString("".join([node.render_annotated(context) for node in self]))
                               ^^^^^^^^^^^^^^^^^^^^^^^^^^^^^^
  File "D:\Lib\site-packages\django\template\base.py", line 966, in render_annotated
    return self.render(context)
           ^^^^^^^^^^^^^^^^^^^^
  File "D:\Lib\site-packages\django\template\base.py", line 1064, in render
    output = self.filter_expression.resolve(context)
             ^^^^^^^^^^^^^^^^^^^^^^^^^^^^^^^^^^^^^^^
  File "D:\Lib\site-packages\django\template\base.py", line 715, in resolve
    obj = self.var.resolve(context)
          ^^^^^^^^^^^^^^^^^^^^^^^^^
  File "D:\Lib\site-packages\django\template\base.py", line 847, in resolve
    value = self._resolve_lookup(context)
            ^^^^^^^^^^^^^^^^^^^^^^^^^^^^^
  File "D:\Lib\site-packages\django\template\base.py", line 914, in _resolve_lookup
    current = current()
              ^^^^^^^^^
  File "D:\Lib\site-packages\django\db\models\query.py", line 608, in count
    return self.query.get_count(using=self.db)
           ^^^^^^^^^^^^^^^^^^^^^^^^^^^^^^^^^^^
  File "D:\Lib\site-packages\django\db\models\sql\query.py", line 568, in get_count
    return obj.get_aggregation(using, {"__count": Count("*")})["__count"]
           ^^^^^^^^^^^^^^^^^^^^^^^^^^^^^^^^^^^^^^^^^^^^^^^^^^^
  File "D:\Lib\site-packages\django\db\models\sql\query.py", line 554, in get_aggregation
    result = compiler.execute_sql(SINGLE)
             ^^^^^^^^^^^^^^^^^^^^^^^^^^^^
  File "D:\Lib\site-packages\django\db\models\sql\compiler.py", line 1562, in execute_sql
    cursor.execute(sql, params)
  File "D:\Lib\site-packages\django\db\backends\utils.py", line 102, in execute
    return super().execute(sql, params)
           ^^^^^^^^^^^^^^^^^^^^^^^^^^^^
  File "D:\Lib\site-packages\django\db\backends\utils.py", line 67, in execute
    return self._execute_with_wrappers(
           ^^^^^^^^^^^^^^^^^^^^^^^^^^^^
  File "D:\Lib\site-packages\django\db\backends\utils.py", line 80, in _execute_with_wrappers
    return executor(sql, params, many, context)
           ^^^^^^^^^^^^^^^^^^^^^^^^^^^^^^^^^^^^
  File "D:\Lib\site-packages\django\db\backends\utils.py", line 83, in _execute
    self.db.validate_no_broken_transaction()
  File "D:\Lib\site-packages\django\db\backends\base\base.py", line 531, in validate_no_broken_transaction
    raise TransactionManagementError(
django.db.transaction.TransactionManagementError: An error occurred in the current transaction. You can't execute queries until the end of the 'atomic' block.
ERROR 2026-01-20 09:44:28,988 basehttp 12764 24572 "POST /accounts/profile/ HTTP/1.1" 500 341435
ERROR 2026-01-20 09:45:52,291 log 12764 4116 Internal Server Error: /accounts/profile/
Traceback (most recent call last):
  File "D:\Lib\site-packages\django\db\backends\utils.py", line 89, in _execute
    return self.cursor.execute(sql, params)
           ^^^^^^^^^^^^^^^^^^^^^^^^^^^^^^^^
  File "D:\Lib\site-packages\django\db\backends\sqlite3\base.py", line 328, in execute
    return super().execute(query, params)
           ^^^^^^^^^^^^^^^^^^^^^^^^^^^^^^
sqlite3.IntegrityError: UNIQUE constraint failed: users.phone

The above exception was the direct cause of the following exception:

Traceback (most recent call last):
  File "E:\Resume_Projects\lifedocs\accounts\views.py", line 502, in profile_view
    user.save()
  File "D:\Lib\site-packages\django\contrib\auth\base_user.py", line 76, in save
    super().save(*args, **kwargs)
  File "D:\Lib\site-packages\django\db\models\base.py", line 814, in save
    self.save_base(
  File "D:\Lib\site-packages\django\db\models\base.py", line 877, in save_base
    updated = self._save_table(
              ^^^^^^^^^^^^^^^^^
  File "D:\Lib\site-packages\django\db\models\base.py", line 990, in _save_table
    updated = self._do_update(
              ^^^^^^^^^^^^^^^^
  File "D:\Lib\site-packages\django\db\models\base.py", line 1054, in _do_update
    return filtered._update(values) > 0
           ^^^^^^^^^^^^^^^^^^^^^^^^
  File "D:\Lib\site-packages\django\db\models\query.py", line 1231, in _update
    return query.get_compiler(self.db).execute_sql(CURSOR)
           ^^^^^^^^^^^^^^^^^^^^^^^^^^^^^^^^^^^^^^^^^^^^^^^
  File "D:\Lib\site-packages\django\db\models\sql\compiler.py", line 1984, in execute_sql
    cursor = super().execute_sql(result_type)
             ^^^^^^^^^^^^^^^^^^^^^^^^^^^^^^^^
  File "D:\Lib\site-packages\django\db\models\sql\compiler.py", line 1562, in execute_sql
    cursor.execute(sql, params)
  File "D:\Lib\site-packages\django\db\backends\utils.py", line 102, in execute
    return super().execute(sql, params)
           ^^^^^^^^^^^^^^^^^^^^^^^^^^^^
  File "D:\Lib\site-packages\django\db\backends\utils.py", line 67, in execute
    return self._execute_with_wrappers(
           ^^^^^^^^^^^^^^^^^^^^^^^^^^^^
  File "D:\Lib\site-packages\django\db\backends\utils.py", line 80, in _execute_with_wrappers
    return executor(sql, params, many, context)
           ^^^^^^^^^^^^^^^^^^^^^^^^^^^^^^^^^^^^
  File "D:\Lib\site-packages\django\db\backends\utils.py", line 84, in _execute
    with self.db.wrap_database_errors:
  File "D:\Lib\site-packages\django\db\utils.py", line 91, in __exit__
    raise dj_exc_value.with_traceback(traceback) from exc_value
  File "D:\Lib\site-packages\django\db\backends\utils.py", line 89, in _execute
    return self.cursor.execute(sql, params)
           ^^^^^^^^^^^^^^^^^^^^^^^^^^^^^^^^
  File "D:\Lib\site-packages\django\db\backends\sqlite3\base.py", line 328, in execute
    return super().execute(query, params)
           ^^^^^^^^^^^^^^^^^^^^^^^^^^^^^^
django.db.utils.IntegrityError: UNIQUE constraint failed: users.phone

The above exception was the direct cause of the following exception:

Traceback (most recent call last):
  File "D:\Lib\site-packages\django\core\handlers\exception.py", line 55, in inner
    response = get_response(request)
               ^^^^^^^^^^^^^^^^^^^^^
  File "D:\Lib\site-packages\django\core\handlers\base.py", line 197, in _get_response
    response = wrapped_callback(request, *callback_args, **callback_kwargs)
               ^^^^^^^^^^^^^^^^^^^^^^^^^^^^^^^^^^^^^^^^^^^^^^^^^^^^^^^^^^^^
  File "D:\Lib\contextlib.py", line 81, in inner
    return func(*args, **kwds)
           ^^^^^^^^^^^^^^^^^^^
  File "D:\Lib\site-packages\django\contrib\auth\decorators.py", line 23, in _wrapper_view
    return view_func(request, *args, **kwargs)
           ^^^^^^^^^^^^^^^^^^^^^^^^^^^^^^^^^^^
  File "D:\Lib\site-packages\django\views\decorators\http.py", line 43, in inner
    return func(request, *args, **kwargs)
           ^^^^^^^^^^^^^^^^^^^^^^^^^^^^^^
  File "E:\Resume_Projects\lifedocs\accounts\views.py", line 527, in profile_view
    return render(request, 'accounts/profile.html', context)
           ^^^^^^^^^^^^^^^^^^^^^^^^^^^^^^^^^^^^^^^^^^^^^^^^^
  File "D:\Lib\site-packages\django\shortcuts.py", line 24, in render
    content = loader.render_to_string(template_name, context, request, using=using)
              ^^^^^^^^^^^^^^^^^^^^^^^^^^^^^^^^^^^^^^^^^^^^^^^^^^^^^^^^^^^^^^^^^^^^^
  File "D:\Lib\site-packages\django\template\loader.py", line 62, in render_to_string
    return template.render(context, request)
           ^^^^^^^^^^^^^^^^^^^^^^^^^^^^^^^^^
  File "D:\Lib\site-packages\django\template\backends\django.py", line 61, in render
    return self.template.render(context)
           ^^^^^^^^^^^^^^^^^^^^^^^^^^^^^
  File "D:\Lib\site-packages\django\template\base.py", line 175, in render
    return self._render(context)
           ^^^^^^^^^^^^^^^^^^^^^
  File "D:\Lib\site-packages\django\template\base.py", line 167, in _render
    return self.nodelist.render(context)
           ^^^^^^^^^^^^^^^^^^^^^^^^^^^^^
  File "D:\Lib\site-packages\django\template\base.py", line 1005, in render
    return SafeString("".join([node.render_annotated(context) for node in self]))
                              ^^^^^^^^^^^^^^^^^^^^^^^^^^^^^^^^^^^^^^^^^^^^^^^^^
  File "D:\Lib\site-packages\django\template\base.py", line 1005, in <listcomp>
    return SafeString("".join([node.render_annotated(context) for node in self]))
                               ^^^^^^^^^^^^^^^^^^^^^^^^^^^^^^
  File "D:\Lib\site-packages\django\template\base.py", line 966, in render_annotated
    return self.render(context)
           ^^^^^^^^^^^^^^^^^^^^
  File "D:\Lib\site-packages\django\template\loader_tags.py", line 157, in render
    return compiled_parent._render(context)
           ^^^^^^^^^^^^^^^^^^^^^^^^^^^^^^^^
  File "D:\Lib\site-packages\django\template\base.py", line 167, in _render
    return self.nodelist.render(context)
           ^^^^^^^^^^^^^^^^^^^^^^^^^^^^^
  File "D:\Lib\site-packages\django\template\base.py", line 1005, in render
    return SafeString("".join([node.render_annotated(context) for node in self]))
                              ^^^^^^^^^^^^^^^^^^^^^^^^^^^^^^^^^^^^^^^^^^^^^^^^^
  File "D:\Lib\site-packages\django\template\base.py", line 1005, in <listcomp>
    return SafeString("".join([node.render_annotated(context) for node in self]))
                               ^^^^^^^^^^^^^^^^^^^^^^^^^^^^^^
  File "D:\Lib\site-packages\django\template\base.py", line 966, in render_annotated
    return self.render(context)
           ^^^^^^^^^^^^^^^^^^^^
  File "D:\Lib\site-packages\django\template\loader_tags.py", line 63, in render
    result = block.nodelist.render(context)
             ^^^^^^^^^^^^^^^^^^^^^^^^^^^^^^
  File "D:\Lib\site-packages\django\template\base.py", line 1005, in render
    return SafeString("".join([node.render_annotated(context) for node in self]))
                              ^^^^^^^^^^^^^^^^^^^^^^^^^^^^^^^^^^^^^^^^^^^^^^^^^
  File "D:\Lib\site-packages\django\template\base.py", line 1005, in <listcomp>
    return SafeString("".join([node.render_annotated(context) for node in self]))
                               ^^^^^^^^^^^^^^^^^^^^^^^^^^^^^^
  File "D:\Lib\site-packages\django\template\base.py", line 966, in render_annotated
    return self.render(context)
           ^^^^^^^^^^^^^^^^^^^^
  File "D:\Lib\site-packages\django\template\base.py", line 1064, in render
    output = self.filter_expression.resolve(context)
             ^^^^^^^^^^^^^^^^^^^^^^^^^^^^^^^^^^^^^^^
  File "D:\Lib\site-packages\django\template\base.py", line 715, in resolve
    obj = self.var.resolve(context)
          ^^^^^^^^^^^^^^^^^^^^^^^^^
  File "D:\Lib\site-packages\django\template\base.py", line 847, in resolve
    value = self._resolve_lookup(context)
            ^^^^^^^^^^^^^^^^^^^^^^^^^^^^^
  File "D:\Lib\site-packages\django\template\base.py", line 914, in _resolve_lookup
    current = current()
              ^^^^^^^^^
  File "D:\Lib\site-packages\django\db\models\query.py", line 608, in count
    return self.query.get_count(using=self.db)
           ^^^^^^^^^^^^^^^^^^^^^^^^^^^^^^^^^^^
  File "D:\Lib\site-packages\django\db\models\sql\query.py", line 568, in get_count
    return obj.get_aggregation(using, {"__count": Count("*")})["__count"]
           ^^^^^^^^^^^^^^^^^^^^^^^^^^^^^^^^^^^^^^^^^^^^^^^^^^^
  File "D:\Lib\site-packages\django\db\models\sql\query.py", line 554, in get_aggregation
    result = compiler.execute_sql(SINGLE)
             ^^^^^^^^^^^^^^^^^^^^^^^^^^^^
  File "D:\Lib\site-packages\django\db\models\sql\compiler.py", line 1562, in execute_sql
    cursor.execute(sql, params)
  File "D:\Lib\site-packages\django\db\backends\utils.py", line 102, in execute
    return super().execute(sql, params)
           ^^^^^^^^^^^^^^^^^^^^^^^^^^^^
  File "D:\Lib\site-packages\django\db\backends\utils.py", line 67, in execute
    return self._execute_with_wrappers(
           ^^^^^^^^^^^^^^^^^^^^^^^^^^^^
  File "D:\Lib\site-packages\django\db\backends\utils.py", line 80, in _execute_with_wrappers
    return executor(sql, params, many, context)
           ^^^^^^^^^^^^^^^^^^^^^^^^^^^^^^^^^^^^
  File "D:\Lib\site-packages\django\db\backends\utils.py", line 83, in _execute
    self.db.validate_no_broken_transaction()
  File "D:\Lib\site-packages\django\db\backends\base\base.py", line 531, in validate_no_broken_transaction
    raise TransactionManagementError(
django.db.transaction.TransactionManagementError: An error occurred in the current transaction. You can't execute queries until the end of the 'atomic' block.
ERROR 2026-01-20 09:45:52,317 basehttp 12764 4116 "POST /accounts/profile/ HTTP/1.1" 500 341437
WARNING 2026-01-20 09:48:31,234 log 1196 15844 Not Found: /favicon.ico
WARNING 2026-01-20 09:48:31,247 basehttp 1196 15844 "GET /favicon.ico HTTP/1.1" 404 3019
WARNING 2026-01-20 17:01:56,012 log 28320 11312 Not Found: /favicon.ico
WARNING 2026-01-20 17:01:56,050 basehttp 28320 11312 "GET /favicon.ico HTTP/1.1" 404 3019
WARNING 2026-01-21 23:32:39,791 log 21532 21984 Not Found: /favicon.ico
WARNING 2026-01-21 23:32:39,822 basehttp 21532 21984 "GET /favicon.ico HTTP/1.1" 404 3019
WARNING 2026-01-21 23:38:45,732 log 21532 22716 Not Found: /favicon.ico
WARNING 2026-01-21 23:38:45,773 basehttp 21532 22716 "GET /favicon.ico HTTP/1.1" 404 3019
WARNING 2026-01-21 23:39:09,277 log 21532 22716 Not Found: /favicon.ico
WARNING 2026-01-21 23:39:09,278 basehttp 21532 22716 "GET /favicon.ico HTTP/1.1" 404 3019
WARNING 2026-01-21 23:43:17,727 log 21532 11328 Not Found: /favicon.ico
WARNING 2026-01-21 23:43:17,734 basehttp 21532 11328 "GET /favicon.ico HTTP/1.1" 404 3019
WARNING 2026-01-24 23:08:00,442 log 21416 8860 Not Found: /favicon.ico
WARNING 2026-01-24 23:08:00,500 basehttp 21416 8860 "GET /favicon.ico HTTP/1.1" 404 3019
WARNING 2026-01-24 23:51:33,832 log 21416 24744 Not Found: /.well-known/appspecific/com.chrome.devtools.json
WARNING 2026-01-24 23:51:33,857 basehttp 21416 24744 "GET /.well-known/appspecific/com.chrome.devtools.json HTTP/1.1" 404 3130
WARNING 2026-01-24 23:52:17,321 log 21416 24744 Not Found: /.well-known/appspecific/com.chrome.devtools.json
WARNING 2026-01-24 23:52:17,326 basehttp 21416 24744 "GET /.well-known/appspecific/com.chrome.devtools.json HTTP/1.1" 404 3130
WARNING 2026-01-24 23:57:31,111 log 21416 25956 Not Found: /favicon.ico
WARNING 2026-01-24 23:57:31,113 basehttp 21416 25956 "GET /favicon.ico HTTP/1.1" 404 3019
WARNING 2026-01-25 00:01:22,544 log 21416 25152 Not Found: /.well-known/appspecific/com.chrome.devtools.json
WARNING 2026-01-25 00:01:22,551 basehttp 21416 25152 "GET /.well-known/appspecific/com.chrome.devtools.json HTTP/1.1" 404 3130
WARNING 2026-01-25 11:46:17,125 log 1352 18808 Not Found: /favicon.ico
WARNING 2026-01-25 11:46:17,341 basehttp 1352 18808 "GET /favicon.ico HTTP/1.1" 404 3019
WARNING 2026-01-25 12:08:16,164 log 1352 22980 Not Found: /.well-known/appspecific/com.chrome.devtools.json
WARNING 2026-01-25 12:08:16,191 basehttp 1352 22980 "GET /.well-known/appspecific/com.chrome.devtools.json HTTP/1.1" 404 3130
WARNING 2026-01-25 12:11:46,344 log 1352 20872 Not Found: /.well-known/appspecific/com.chrome.devtools.json
WARNING 2026-01-25 12:11:46,409 basehttp 1352 20872 "GET /.well-known/appspecific/com.chrome.devtools.json HTTP/1.1" 404 3130
WARNING 2026-01-25 12:16:11,280 log 1352 23560 Not Found: /.well-known/appspecific/com.chrome.devtools.json
WARNING 2026-01-25 12:16:11,335 basehttp 1352 23560 "GET /.well-known/appspecific/com.chrome.devtools.json HTTP/1.1" 404 3130
WARNING 2026-01-25 12:17:58,639 log 1352 19952 Not Found: /.well-known/appspecific/com.chrome.devtools.json
WARNING 2026-01-25 12:17:58,667 basehttp 1352 19952 "GET /.well-known/appspecific/com.chrome.devtools.json HTTP/1.1" 404 3130
WARNING 2026-01-25 12:18:09,478 log 1352 19952 Not Found: /.well-known/appspecific/com.chrome.devtools.json
WARNING 2026-01-25 12:18:09,528 basehttp 1352 19952 "GET /.well-known/appspecific/com.chrome.devtools.json HTTP/1.1" 404 3130
WARNING 2026-01-25 12:28:11,194 log 1352 26732 Not Found: /.well-known/appspecific/com.chrome.devtools.json
WARNING 2026-01-25 12:28:11,632 basehttp 1352 26732 "GET /.well-known/appspecific/com.chrome.devtools.json HTTP/1.1" 404 3130
WARNING 2026-01-25 12:28:39,025 log 1352 26732 Not Found: /.well-known/appspecific/com.chrome.devtools.json
WARNING 2026-01-25 12:28:39,036 basehttp 1352 26732 "GET /.well-known/appspecific/com.chrome.devtools.json HTTP/1.1" 404 3130
WARNING 2026-01-25 12:28:40,704 log 1352 26732 Not Found: /.well-known/appspecific/com.chrome.devtools.json
WARNING 2026-01-25 12:28:40,715 basehttp 1352 26732 "GET /.well-known/appspecific/com.chrome.devtools.json HTTP/1.1" 404 3130
WARNING 2026-01-25 12:28:41,401 log 1352 26732 Not Found: /favicon.ico
WARNING 2026-01-25 12:28:41,403 basehttp 1352 26732 "GET /favicon.ico HTTP/1.1" 404 3019
WARNING 2026-01-25 12:33:04,453 log 1352 10976 Not Found: /.well-known/appspecific/com.chrome.devtools.json
WARNING 2026-01-25 12:33:04,456 basehttp 1352 10976 "GET /.well-known/appspecific/com.chrome.devtools.json HTTP/1.1" 404 3130
WARNING 2026-01-25 12:34:30,864 log 1352 27668 Not Found: /.well-known/appspecific/com.chrome.devtools.json
WARNING 2026-01-25 12:34:30,866 basehttp 1352 27668 "GET /.well-known/appspecific/com.chrome.devtools.json HTTP/1.1" 404 3130
WARNING 2026-01-25 12:36:34,495 log 1352 31532 Not Found: /.well-known/appspecific/com.chrome.devtools.json
WARNING 2026-01-25 12:36:34,520 basehttp 1352 31532 "GET /.well-known/appspecific/com.chrome.devtools.json HTTP/1.1" 404 3130
WARNING 2026-01-25 12:37:24,679 log 1352 25452 Not Found: /.well-known/appspecific/com.chrome.devtools.json
WARNING 2026-01-25 12:37:24,691 basehttp 1352 25452 "GET /.well-known/appspecific/com.chrome.devtools.json HTTP/1.1" 404 3130
WARNING 2026-01-25 12:37:28,193 log 1352 25452 Not Found: /.well-known/appspecific/com.chrome.devtools.json
WARNING 2026-01-25 12:37:28,195 basehttp 1352 25452 "GET /.well-known/appspecific/com.chrome.devtools.json HTTP/1.1" 404 3130
WARNING 2026-01-25 12:37:47,976 log 1352 18660 Not Found: /.well-known/appspecific/com.chrome.devtools.json
WARNING 2026-01-25 12:37:47,977 basehttp 1352 18660 "GET /.well-known/appspecific/com.chrome.devtools.json HTTP/1.1" 404 3130
WARNING 2026-01-25 12:37:54,234 log 1352 18660 Not Found: /.well-known/appspecific/com.chrome.devtools.json
WARNING 2026-01-25 12:37:54,236 basehttp 1352 18660 "GET /.well-known/appspecific/com.chrome.devtools.json HTTP/1.1" 404 3130
WARNING 2026-01-25 12:38:04,044 log 1352 26848 Not Found: /.well-known/appspecific/com.chrome.devtools.json
WARNING 2026-01-25 12:38:04,046 basehttp 1352 26848 "GET /.well-known/appspecific/com.chrome.devtools.json HTTP/1.1" 404 3130
WARNING 2026-01-25 12:38:12,060 log 1352 25948 Not Found: /.well-known/appspecific/com.chrome.devtools.json
WARNING 2026-01-25 12:38:12,060 basehttp 1352 25948 "GET /.well-known/appspecific/com.chrome.devtools.json HTTP/1.1" 404 3130
WARNING 2026-01-25 12:38:19,468 log 1352 30840 Not Found: /.well-known/appspecific/com.chrome.devtools.json
WARNING 2026-01-25 12:38:19,472 basehttp 1352 30840 "GET /.well-known/appspecific/com.chrome.devtools.json HTTP/1.1" 404 3130
WARNING 2026-01-25 15:06:36,489 log 1352 20556 Not Found: /.well-known/appspecific/com.chrome.devtools.json
WARNING 2026-01-25 15:06:36,548 basehttp 1352 20556 "GET /.well-known/appspecific/com.chrome.devtools.json HTTP/1.1" 404 3130
WARNING 2026-01-25 15:06:43,832 log 1352 20556 Not Found: /.well-known/appspecific/com.chrome.devtools.json
WARNING 2026-01-25 15:06:43,874 basehttp 1352 20556 "GET /.well-known/appspecific/com.chrome.devtools.json HTTP/1.1" 404 3130
WARNING 2026-01-25 15:10:59,542 log 1352 21584 Not Found: /.well-known/appspecific/com.chrome.devtools.json
WARNING 2026-01-25 15:10:59,571 basehttp 1352 21584 "GET /.well-known/appspecific/com.chrome.devtools.json HTTP/1.1" 404 3130
WARNING 2026-01-25 15:12:18,258 log 1352 28404 Not Found: /.well-known/appspecific/com.chrome.devtools.json
WARNING 2026-01-25 15:12:18,328 basehttp 1352 28404 "GET /.well-known/appspecific/com.chrome.devtools.json HTTP/1.1" 404 3130
WARNING 2026-01-25 15:12:31,093 log 1352 23648 Not Found: /.well-known/appspecific/com.chrome.devtools.json
WARNING 2026-01-25 15:12:31,109 basehttp 1352 23648 "GET /.well-known/appspecific/com.chrome.devtools.json HTTP/1.1" 404 3130
WARNING 2026-01-25 15:13:18,684 log 1352 26412 Not Found: /.well-known/appspecific/com.chrome.devtools.json
WARNING 2026-01-25 15:13:18,779 basehttp 1352 26412 "GET /.well-known/appspecific/com.chrome.devtools.json HTTP/1.1" 404 3130
WARNING 2026-01-25 15:14:46,244 log 1352 32424 Not Found: /.well-known/appspecific/com.chrome.devtools.json
WARNING 2026-01-25 15:14:46,265 basehttp 1352 32424 "GET /.well-known/appspecific/com.chrome.devtools.json HTTP/1.1" 404 3130
WARNING 2026-01-25 15:32:25,524 log 1352 26920 Not Found: /.well-known/appspecific/com.chrome.devtools.json
WARNING 2026-01-25 15:32:25,558 basehttp 1352 26920 "GET /.well-known/appspecific/com.chrome.devtools.json HTTP/1.1" 404 3130
WARNING 2026-01-25 15:37:56,824 log 1352 30848 Not Found: /.well-known/appspecific/com.chrome.devtools.json
WARNING 2026-01-25 15:37:56,856 basehttp 1352 30848 "GET /.well-known/appspecific/com.chrome.devtools.json HTTP/1.1" 404 3130
WARNING 2026-01-25 16:00:21,770 log 1352 25636 Not Found: /.well-known/appspecific/com.chrome.devtools.json
WARNING 2026-01-25 16:00:22,181 basehttp 1352 25636 "GET /.well-known/appspecific/com.chrome.devtools.json HTTP/1.1" 404 3130
WARNING 2026-01-25 16:06:26,246 log 1352 31348 Not Found: /.well-known/appspecific/com.chrome.devtools.json
WARNING 2026-01-25 16:06:26,340 basehttp 1352 31348 "GET /.well-known/appspecific/com.chrome.devtools.json HTTP/1.1" 404 3130
WARNING 2026-01-25 16:07:40,827 log 1352 29660 Not Found: /.well-known/appspecific/com.chrome.devtools.json
WARNING 2026-01-25 16:07:40,889 basehttp 1352 29660 "GET /.well-known/appspecific/com.chrome.devtools.json HTTP/1.1" 404 3130
WARNING 2026-01-25 16:07:51,742 log 1352 10408 Not Found: /.well-known/appspecific/com.chrome.devtools.json
WARNING 2026-01-25 16:07:51,776 basehttp 1352 10408 "GET /.well-known/appspecific/com.chrome.devtools.json HTTP/1.1" 404 3130
WARNING 2026-01-25 16:08:17,920 log 1352 25892 Not Found: /.well-known/appspecific/com.chrome.devtools.json
WARNING 2026-01-25 16:08:17,954 basehttp 1352 25892 "GET /.well-known/appspecific/com.chrome.devtools.json HTTP/1.1" 404 3130
WARNING 2026-01-25 16:08:45,427 log 1352 35436 Not Found: /.well-known/appspecific/com.chrome.devtools.json
WARNING 2026-01-25 16:08:45,475 basehttp 1352 35436 "GET /.well-known/appspecific/com.chrome.devtools.json HTTP/1.1" 404 3130
WARNING 2026-01-25 16:09:04,544 log 1352 34148 Not Found: /.well-known/appspecific/com.chrome.devtools.json
WARNING 2026-01-25 16:09:04,597 basehttp 1352 34148 "GET /.well-known/appspecific/com.chrome.devtools.json HTTP/1.1" 404 3130
WARNING 2026-01-25 16:09:07,824 log 1352 34148 Not Found: /.well-known/appspecific/com.chrome.devtools.json
WARNING 2026-01-25 16:09:07,830 basehttp 1352 34148 "GET /.well-known/appspecific/com.chrome.devtools.json HTTP/1.1" 404 3130
WARNING 2026-01-25 16:10:16,546 log 1352 29564 Not Found: /.well-known/appspecific/com.chrome.devtools.json
WARNING 2026-01-25 16:10:16,698 basehttp 1352 29564 "GET /.well-known/appspecific/com.chrome.devtools.json HTTP/1.1" 404 3130
WARNING 2026-01-25 16:10:26,052 log 1352 18692 Not Found: /.well-known/appspecific/com.chrome.devtools.json
WARNING 2026-01-25 16:10:26,354 basehttp 1352 18692 "GET /.well-known/appspecific/com.chrome.devtools.json HTTP/1.1" 404 3130
WARNING 2026-01-25 16:11:10,980 log 1352 33728 Not Found: /.well-known/appspecific/com.chrome.devtools.json
WARNING 2026-01-25 16:11:10,996 basehttp 1352 33728 "GET /.well-known/appspecific/com.chrome.devtools.json HTTP/1.1" 404 3130
WARNING 2026-01-25 16:11:37,018 log 1352 12580 Not Found: /.well-known/appspecific/com.chrome.devtools.json
WARNING 2026-01-25 16:11:37,047 basehttp 1352 12580 "GET /.well-known/appspecific/com.chrome.devtools.json HTTP/1.1" 404 3130
WARNING 2026-01-25 16:11:45,996 log 1352 19960 Not Found: /.well-known/appspecific/com.chrome.devtools.json
WARNING 2026-01-25 16:11:46,013 basehttp 1352 19960 "GET /.well-known/appspecific/com.chrome.devtools.json HTTP/1.1" 404 3130
WARNING 2026-01-25 16:11:59,499 log 1352 34764 Not Found: /.well-known/appspecific/com.chrome.devtools.json
WARNING 2026-01-25 16:11:59,610 basehttp 1352 34764 "GET /.well-known/appspecific/com.chrome.devtools.json HTTP/1.1" 404 3130
WARNING 2026-01-25 16:16:21,974 log 1352 3636 Not Found: /.well-known/appspecific/com.chrome.devtools.json
WARNING 2026-01-25 16:16:22,004 basehttp 1352 3636 "GET /.well-known/appspecific/com.chrome.devtools.json HTTP/1.1" 404 3130
WARNING 2026-01-25 16:16:27,347 log 1352 3636 Not Found: /.well-known/appspecific/com.chrome.devtools.json
WARNING 2026-01-25 16:16:27,375 basehttp 1352 3636 "GET /.well-known/appspecific/com.chrome.devtools.json HTTP/1.1" 404 3130
WARNING 2026-01-25 16:16:34,481 log 1352 33112 Not Found: /.well-known/appspecific/com.chrome.devtools.json
WARNING 2026-01-25 16:16:34,487 basehttp 1352 33112 "GET /.well-known/appspecific/com.chrome.devtools.json HTTP/1.1" 404 3130
WARNING 2026-01-25 16:17:04,493 log 1352 16036 Not Found: /.well-known/appspecific/com.chrome.devtools.json
WARNING 2026-01-25 16:17:04,542 basehttp 1352 16036 "GET /.well-known/appspecific/com.chrome.devtools.json HTTP/1.1" 404 3130
WARNING 2026-01-25 16:17:10,088 log 1352 16036 Not Found: /.well-known/appspecific/com.chrome.devtools.json
WARNING 2026-01-25 16:17:10,094 basehttp 1352 16036 "GET /.well-known/appspecific/com.chrome.devtools.json HTTP/1.1" 404 3130
WARNING 2026-01-25 16:17:23,342 log 1352 35000 Not Found: /.well-known/appspecific/com.chrome.devtools.json
WARNING 2026-01-25 16:17:23,348 basehttp 1352 35000 "GET /.well-known/appspecific/com.chrome.devtools.json HTTP/1.1" 404 3130
WARNING 2026-01-25 16:17:30,820 log 1352 35000 Not Found: /.well-known/appspecific/com.chrome.devtools.json
WARNING 2026-01-25 16:17:30,885 basehttp 1352 35000 "GET /.well-known/appspecific/com.chrome.devtools.json HTTP/1.1" 404 3130
WARNING 2026-01-25 16:17:36,947 log 1352 11016 Not Found: /.well-known/appspecific/com.chrome.devtools.json
WARNING 2026-01-25 16:17:36,949 basehttp 1352 11016 "GET /.well-known/appspecific/com.chrome.devtools.json HTTP/1.1" 404 3130
WARNING 2026-01-25 16:18:15,001 log 1352 34092 Not Found: /.well-known/appspecific/com.chrome.devtools.json
WARNING 2026-01-25 16:18:15,014 basehttp 1352 34092 "GET /.well-known/appspecific/com.chrome.devtools.json HTTP/1.1" 404 3130
WARNING 2026-01-25 16:25:24,885 log 1352 28500 Not Found: /.well-known/appspecific/com.chrome.devtools.json
WARNING 2026-01-25 16:25:24,967 basehttp 1352 28500 "GET /.well-known/appspecific/com.chrome.devtools.json HTTP/1.1" 404 3130
WARNING 2026-01-25 17:23:14,631 log 1352 39544 Not Found: /.well-known/appspecific/com.chrome.devtools.json
WARNING 2026-01-25 17:23:14,778 basehttp 1352 39544 "GET /.well-known/appspecific/com.chrome.devtools.json HTTP/1.1" 404 3130
WARNING 2026-01-25 23:19:43,025 log 17976 22092 Not Found: /favicon.ico
WARNING 2026-01-25 23:19:43,079 basehttp 17976 22092 "GET /favicon.ico HTTP/1.1" 404 3019
WARNING 2026-01-25 23:20:22,217 log 17976 22892 Not Found: /favicon.ico
WARNING 2026-01-25 23:20:22,228 basehttp 17976 22892 "GET /favicon.ico HTTP/1.1" 404 3019
WARNING 2026-01-25 23:21:50,170 log 17976 27532 Not Found: /favicon.ico
WARNING 2026-01-25 23:21:50,192 basehttp 17976 27532 "GET /favicon.ico HTTP/1.1" 404 3019
WARNING 2026-01-25 23:22:17,343 log 17976 8764 Not Found: /favicon.ico
WARNING 2026-01-25 23:22:17,347 basehttp 17976 8764 "GET /favicon.ico HTTP/1.1" 404 3019
WARNING 2026-01-25 23:22:25,015 log 17976 8764 Not Found: /favicon.ico
WARNING 2026-01-25 23:22:25,057 basehttp 17976 8764 "GET /favicon.ico HTTP/1.1" 404 3019
WARNING 2026-01-26 00:14:07,569 log 17976 12064 Not Found: /favicon.ico
WARNING 2026-01-26 00:14:07,603 basehttp 17976 12064 "GET /favicon.ico HTTP/1.1" 404 3019
WARNING 2026-01-26 00:14:15,730 log 17976 21856 Not Found: /favicon.ico
WARNING 2026-01-26 00:14:15,740 basehttp 17976 21856 "GET /favicon.ico HTTP/1.1" 404 3019
WARNING 2026-01-26 00:16:12,835 log 17976 12180 Not Found: /favicon.ico
WARNING 2026-01-26 00:16:12,853 basehttp 17976 12180 "GET /favicon.ico HTTP/1.1" 404 3019
WARNING 2026-01-26 00:17:09,914 log 17976 15236 Not Found: /favicon.ico
WARNING 2026-01-26 00:17:09,916 basehttp 17976 15236 "GET /favicon.ico HTTP/1.1" 404 3019
WARNING 2026-01-26 00:41:42,761 log 17976 18736 Not Found: /favicon.ico
WARNING 2026-01-26 00:41:42,793 basehttp 17976 18736 "GET /favicon.ico HTTP/1.1" 404 3019
WARNING 2026-01-26 00:41:50,169 log 17976 18736 Not Found: /favicon.ico
WARNING 2026-01-26 00:41:50,175 basehttp 17976 18736 "GET /favicon.ico HTTP/1.1" 404 3019
WARNING 2026-01-26 00:42:33,681 log 17976 18472 Not Found: /favicon.ico
WARNING 2026-01-26 00:42:33,691 basehttp 17976 18472 "GET /favicon.ico HTTP/1.1" 404 3019
WARNING 2026-01-26 00:42:38,745 log 17976 18472 Not Found: /favicon.ico
WARNING 2026-01-26 00:42:38,751 basehttp 17976 18472 "GET /favicon.ico HTTP/1.1" 404 3019
WARNING 2026-01-26 00:42:45,705 log 17976 25680 Not Found: /favicon.ico
WARNING 2026-01-26 00:42:45,716 basehttp 17976 25680 "GET /favicon.ico HTTP/1.1" 404 3019
WARNING 2026-01-26 00:44:42,089 log 17976 26332 Not Found: /favicon.ico
WARNING 2026-01-26 00:44:42,111 basehttp 17976 26332 "GET /favicon.ico HTTP/1.1" 404 3019
WARNING 2026-01-26 00:44:53,873 log 17976 26332 Not Found: /favicon.ico
WARNING 2026-01-26 00:44:53,878 basehttp 17976 26332 "GET /favicon.ico HTTP/1.1" 404 3019
WARNING 2026-01-26 00:44:56,415 log 17976 26332 Not Found: /favicon.ico
WARNING 2026-01-26 00:44:56,464 basehttp 17976 26332 "GET /favicon.ico HTTP/1.1" 404 3019
WARNING 2026-01-26 00:45:22,548 log 17976 26332 Not Found: /favicon.ico
WARNING 2026-01-26 00:45:22,552 basehttp 17976 26332 "GET /favicon.ico HTTP/1.1" 404 3019
WARNING 2026-01-26 00:45:25,503 log 17976 26332 Not Found: /favicon.ico
WARNING 2026-01-26 00:45:25,514 basehttp 17976 26332 "GET /favicon.ico HTTP/1.1" 404 3019
WARNING 2026-01-26 00:45:26,715 log 17976 26332 Not Found: /favicon.ico
WARNING 2026-01-26 00:45:26,719 basehttp 17976 26332 "GET /favicon.ico HTTP/1.1" 404 3019
WARNING 2026-01-26 00:45:27,698 log 17976 26332 Not Found: /favicon.ico
WARNING 2026-01-26 00:45:27,698 basehttp 17976 26332 "GET /favicon.ico HTTP/1.1" 404 3019
WARNING 2026-01-26 00:45:34,593 log 17976 26332 Not Found: /favicon.ico
WARNING 2026-01-26 00:45:34,595 basehttp 17976 26332 "GET /favicon.ico HTTP/1.1" 404 3019
WARNING 2026-01-26 00:47:23,507 log 17976 26712 Not Found: /favicon.ico
WARNING 2026-01-26 00:47:23,508 basehttp 17976 26712 "GET /favicon.ico HTTP/1.1" 404 3019
WARNING 2026-01-26 00:47:47,080 log 17976 23036 Not Found: /favicon.ico
WARNING 2026-01-26 00:47:47,082 basehttp 17976 23036 "GET /favicon.ico HTTP/1.1" 404 3019
WARNING 2026-01-26 00:47:48,550 log 17976 23036 Not Found: /favicon.ico
WARNING 2026-01-26 00:47:48,552 basehttp 17976 23036 "GET /favicon.ico HTTP/1.1" 404 3019
WARNING 2026-01-26 00:47:49,438 log 17976 23036 Not Found: /favicon.ico
WARNING 2026-01-26 00:47:49,449 basehttp 17976 23036 "GET /favicon.ico HTTP/1.1" 404 3019
WARNING 2026-01-26 00:47:54,814 log 17976 23036 Not Found: /favicon.ico
WARNING 2026-01-26 00:47:54,848 basehttp 17976 23036 "GET /favicon.ico HTTP/1.1" 404 3019
WARNING 2026-01-26 00:48:40,088 log 17976 10432 Not Found: /favicon.ico
WARNING 2026-01-26 00:48:40,099 basehttp 17976 10432 "GET /favicon.ico HTTP/1.1" 404 3019
WARNING 2026-01-26 00:48:46,809 log 17976 10432 Not Found: /favicon.ico
WARNING 2026-01-26 00:48:46,813 basehttp 17976 10432 "GET /favicon.ico HTTP/1.1" 404 3019
WARNING 2026-01-26 00:50:08,775 log 17976 8784 Not Found: /favicon.ico
WARNING 2026-01-26 00:50:08,788 basehttp 17976 8784 "GET /favicon.ico HTTP/1.1" 404 3019
WARNING 2026-01-26 00:50:15,349 log 17976 8784 Not Found: /favicon.ico
WARNING 2026-01-26 00:50:15,376 basehttp 17976 8784 "GET /favicon.ico HTTP/1.1" 404 3019
WARNING 2026-01-26 00:51:31,295 log 17976 27904 Not Found: /favicon.ico
WARNING 2026-01-26 00:51:31,299 basehttp 17976 27904 "GET /favicon.ico HTTP/1.1" 404 3019
WARNING 2026-01-26 00:54:22,963 log 17976 28228 Not Found: /favicon.ico
WARNING 2026-01-26 00:54:22,967 basehttp 17976 28228 "GET /favicon.ico HTTP/1.1" 404 3019
WARNING 2026-01-26 00:54:35,476 log 17976 28228 Not Found: /favicon.ico
WARNING 2026-01-26 00:54:35,524 basehttp 17976 28228 "GET /favicon.ico HTTP/1.1" 404 3019
WARNING 2026-01-26 00:54:52,137 log 17976 6684 Not Found: /favicon.ico
WARNING 2026-01-26 00:54:52,139 basehttp 17976 6684 "GET /favicon.ico HTTP/1.1" 404 3019
WARNING 2026-01-26 00:55:04,330 log 17976 6684 Not Found: /favicon.ico
WARNING 2026-01-26 00:55:04,362 basehttp 17976 6684 "GET /favicon.ico HTTP/1.1" 404 3019
WARNING 2026-01-26 00:55:27,766 log 17976 6684 Not Found: /favicon.ico
WARNING 2026-01-26 00:55:27,772 basehttp 17976 6684 "GET /favicon.ico HTTP/1.1" 404 3019
WARNING 2026-01-26 00:55:30,913 log 17976 27128 Not Found: /favicon.ico
WARNING 2026-01-26 00:55:32,088 log 17976 18744 Not Found: /favicon.ico
WARNING 2026-01-26 00:55:32,089 basehttp 17976 18744 "GET /favicon.ico HTTP/1.1" 404 3019
WARNING 2026-01-26 00:55:47,134 log 17976 10432 Not Found: /favicon.ico
WARNING 2026-01-26 00:55:47,137 basehttp 17976 10432 "GET /favicon.ico HTTP/1.1" 404 3019
WARNING 2026-01-26 00:56:01,674 log 17976 22008 Not Found: /favicon.ico
WARNING 2026-01-26 00:56:01,676 basehttp 17976 22008 "GET /favicon.ico HTTP/1.1" 404 3019
WARNING 2026-01-26 00:56:06,872 log 17976 22008 Not Found: /favicon.ico
WARNING 2026-01-26 00:56:06,878 basehttp 17976 22008 "GET /favicon.ico HTTP/1.1" 404 3019
WARNING 2026-01-26 00:56:08,920 log 17976 28032 Not Found: /favicon.ico
WARNING 2026-01-26 00:56:08,934 basehttp 17976 28032 "GET /favicon.ico HTTP/1.1" 404 3019
WARNING 2026-01-26 00:56:12,295 log 17976 28032 Not Found: /favicon.ico
WARNING 2026-01-26 00:56:12,363 basehttp 17976 28032 "GET /favicon.ico HTTP/1.1" 404 3019
WARNING 2026-01-26 00:56:31,503 log 17976 26364 Not Found: /favicon.ico
WARNING 2026-01-26 00:56:31,526 basehttp 17976 26364 "GET /favicon.ico HTTP/1.1" 404 3019
WARNING 2026-01-26 00:56:32,776 log 17976 26364 Not Found: /favicon.ico
WARNING 2026-01-26 00:56:32,779 basehttp 17976 26364 "GET /favicon.ico HTTP/1.1" 404 3019
WARNING 2026-01-26 00:56:33,729 log 17976 26364 Not Found: /favicon.ico
WARNING 2026-01-26 00:56:33,733 basehttp 17976 26364 "GET /favicon.ico HTTP/1.1" 404 3019
WARNING 2026-01-26 00:56:39,090 log 17976 28320 Not Found: /favicon.ico
WARNING 2026-01-26 00:56:39,091 basehttp 17976 28320 "GET /favicon.ico HTTP/1.1" 404 3019
WARNING 2026-01-26 00:57:09,441 log 17976 26132 Not Found: /favicon.ico
WARNING 2026-01-26 00:57:09,459 basehttp 17976 26132 "GET /favicon.ico HTTP/1.1" 404 3019
WARNING 2026-01-26 00:57:14,987 log 17976 26132 Not Found: /favicon.ico
WARNING 2026-01-26 00:57:14,987 basehttp 17976 26132 "GET /favicon.ico HTTP/1.1" 404 3019
WARNING 2026-01-26 00:58:04,336 log 17976 13256 Not Found: /favicon.ico
WARNING 2026-01-26 00:58:04,338 basehttp 17976 13256 "GET /favicon.ico HTTP/1.1" 404 3019
WARNING 2026-01-26 00:58:09,518 log 17976 13256 Not Found: /favicon.ico
WARNING 2026-01-26 00:58:09,518 basehttp 17976 13256 "GET /favicon.ico HTTP/1.1" 404 3019
WARNING 2026-01-26 00:58:23,755 log 17976 28208 Not Found: /favicon.ico
WARNING 2026-01-26 00:58:23,759 basehttp 17976 28208 "GET /favicon.ico HTTP/1.1" 404 3019
WARNING 2026-01-26 00:58:25,391 log 17976 28208 Not Found: /favicon.ico
WARNING 2026-01-26 00:58:25,392 basehttp 17976 28208 "GET /favicon.ico HTTP/1.1" 404 3019
WARNING 2026-01-26 00:58:28,295 log 17976 9612 Not Found: /favicon.ico
WARNING 2026-01-26 00:58:28,303 basehttp 17976 9612 "GET /favicon.ico HTTP/1.1" 404 3019
WARNING 2026-01-26 01:02:34,889 log 17976 27460 Not Found: /favicon.ico
WARNING 2026-01-26 01:02:34,890 basehttp 17976 27460 "GET /favicon.ico HTTP/1.1" 404 3019
WARNING 2026-01-26 01:04:23,004 log 17976 26232 Not Found: /favicon.ico
WARNING 2026-01-26 01:04:23,016 basehttp 17976 26232 "GET /favicon.ico HTTP/1.1" 404 3019
WARNING 2026-01-26 01:05:28,656 log 17976 17792 Not Found: /favicon.ico
WARNING 2026-01-26 01:05:28,661 basehttp 17976 17792 "GET /favicon.ico HTTP/1.1" 404 3019
WARNING 2026-01-26 01:05:59,449 log 17976 18372 Not Found: /favicon.ico
WARNING 2026-01-26 01:05:59,452 basehttp 17976 18372 "GET /favicon.ico HTTP/1.1" 404 3019
WARNING 2026-01-26 01:06:05,326 log 17976 18372 Not Found: /favicon.ico
WARNING 2026-01-26 01:06:05,346 basehttp 17976 18372 "GET /favicon.ico HTTP/1.1" 404 3019
WARNING 2026-01-26 01:06:21,348 log 17976 12064 Not Found: /favicon.ico
WARNING 2026-01-26 01:06:21,415 basehttp 17976 12064 "GET /favicon.ico HTTP/1.1" 404 3019
WARNING 2026-01-26 01:07:58,739 log 17976 25868 Not Found: /favicon.ico
WARNING 2026-01-26 01:07:58,750 basehttp 17976 25868 "GET /favicon.ico HTTP/1.1" 404 3019
WARNING 2026-01-26 01:08:04,229 log 17976 3624 Not Found: /favicon.ico
WARNING 2026-01-26 01:08:04,250 basehttp 17976 3624 "GET /favicon.ico HTTP/1.1" 404 3019
WARNING 2026-01-26 01:11:11,653 log 17976 17544 Not Found: /favicon.ico
WARNING 2026-01-26 01:11:11,660 basehttp 17976 17544 "GET /favicon.ico HTTP/1.1" 404 3019
WARNING 2026-01-26 01:11:30,941 log 17976 26544 Not Found: /favicon.ico
WARNING 2026-01-26 01:11:30,959 basehttp 17976 26544 "GET /favicon.ico HTTP/1.1" 404 3019
WARNING 2026-01-26 01:11:41,113 log 17976 18048 Not Found: /favicon.ico
WARNING 2026-01-26 01:11:41,114 basehttp 17976 18048 "GET /favicon.ico HTTP/1.1" 404 3019
WARNING 2026-01-26 01:12:08,531 log 17976 25644 Not Found: /favicon.ico
WARNING 2026-01-26 01:12:08,538 basehttp 17976 25644 "GET /favicon.ico HTTP/1.1" 404 3019
WARNING 2026-01-26 01:12:10,451 log 17976 25644 Not Found: /favicon.ico
WARNING 2026-01-26 01:12:10,488 basehttp 17976 25644 "GET /favicon.ico HTTP/1.1" 404 3019
WARNING 2026-01-26 01:12:34,623 log 17976 13304 Not Found: /favicon.ico
WARNING 2026-01-26 01:12:34,625 basehttp 17976 13304 "GET /favicon.ico HTTP/1.1" 404 3019
WARNING 2026-01-26 01:12:41,057 log 17976 13304 Not Found: /favicon.ico
WARNING 2026-01-26 01:12:41,073 basehttp 17976 13304 "GET /favicon.ico HTTP/1.1" 404 3019
WARNING 2026-01-26 01:13:16,038 log 17976 24888 Not Found: /favicon.ico
WARNING 2026-01-26 01:13:16,044 basehttp 17976 24888 "GET /favicon.ico HTTP/1.1" 404 3019
WARNING 2026-01-26 01:13:21,355 log 17976 19160 Not Found: /favicon.ico
WARNING 2026-01-26 01:13:21,371 basehttp 17976 19160 "GET /favicon.ico HTTP/1.1" 404 3019
WARNING 2026-01-26 01:13:47,911 log 17976 13256 Not Found: /favicon.ico
WARNING 2026-01-26 01:13:47,913 basehttp 17976 13256 "GET /favicon.ico HTTP/1.1" 404 3019
WARNING 2026-01-26 01:13:57,922 log 17976 25108 Not Found: /favicon.ico
WARNING 2026-01-26 01:13:57,968 basehttp 17976 25108 "GET /favicon.ico HTTP/1.1" 404 3019
WARNING 2026-01-26 01:14:17,815 log 17976 14768 Not Found: /favicon.ico
WARNING 2026-01-26 01:14:17,816 basehttp 17976 14768 "GET /favicon.ico HTTP/1.1" 404 3019
WARNING 2026-01-26 01:14:23,497 log 17976 22628 Not Found: /favicon.ico
WARNING 2026-01-26 01:14:23,513 basehttp 17976 22628 "GET /favicon.ico HTTP/1.1" 404 3019
WARNING 2026-01-26 01:14:44,688 log 17976 6680 Not Found: /favicon.ico
WARNING 2026-01-26 01:14:44,695 basehttp 17976 6680 "GET /favicon.ico HTTP/1.1" 404 3019
WARNING 2026-01-26 01:14:51,281 log 17976 6680 Not Found: /favicon.ico
WARNING 2026-01-26 01:14:51,318 basehttp 17976 6680 "GET /favicon.ico HTTP/1.1" 404 3019
WARNING 2026-01-26 01:14:53,851 log 17976 28360 Not Found: /favicon.ico
WARNING 2026-01-26 01:14:53,882 basehttp 17976 28360 "GET /favicon.ico HTTP/1.1" 404 3019
WARNING 2026-01-26 01:15:13,415 log 17976 25784 Not Found: /favicon.ico
WARNING 2026-01-26 01:15:13,663 basehttp 17976 25784 "GET /favicon.ico HTTP/1.1" 404 3019
WARNING 2026-01-26 01:15:29,382 log 17976 700 Not Found: /favicon.ico
WARNING 2026-01-26 01:15:29,415 basehttp 17976 700 "GET /favicon.ico HTTP/1.1" 404 3019
WARNING 2026-01-26 01:19:20,645 log 17976 19580 Not Found: /favicon.ico
WARNING 2026-01-26 01:19:20,712 basehttp 17976 19580 "GET /favicon.ico HTTP/1.1" 404 3019
WARNING 2026-01-26 01:20:49,333 log 17976 26980 Not Found: /favicon.ico
WARNING 2026-01-26 01:20:49,350 basehttp 17976 26980 "GET /favicon.ico HTTP/1.1" 404 3019
WARNING 2026-01-26 01:20:51,500 log 17976 26980 Not Found: /favicon.ico
WARNING 2026-01-26 01:20:51,515 basehttp 17976 26980 "GET /favicon.ico HTTP/1.1" 404 3019
WARNING 2026-01-26 01:21:42,941 log 17976 29512 Not Found: /favicon.ico
WARNING 2026-01-26 01:21:42,944 basehttp 17976 29512 "GET /favicon.ico HTTP/1.1" 404 3019
WARNING 2026-01-26 01:24:53,757 log 17976 14972 Not Found: /favicon.ico
WARNING 2026-01-26 01:24:53,855 basehttp 17976 14972 "GET /favicon.ico HTTP/1.1" 404 3019
WARNING 2026-01-26 01:25:02,225 log 17976 28720 Not Found: /favicon.ico
WARNING 2026-01-26 01:25:02,263 basehttp 17976 28720 "GET /favicon.ico HTTP/1.1" 404 3019
WARNING 2026-01-26 01:26:23,631 log 17976 16456 Not Found: /favicon.ico
WARNING 2026-01-26 01:26:23,638 basehttp 17976 16456 "GET /favicon.ico HTTP/1.1" 404 3019
WARNING 2026-01-26 01:26:29,253 log 17976 28720 Not Found: /favicon.ico
WARNING 2026-01-26 01:26:29,363 basehttp 17976 28720 "GET /favicon.ico HTTP/1.1" 404 3019
WARNING 2026-01-26 01:33:53,596 log 17976 29344 Not Found: /favicon.ico
WARNING 2026-01-26 01:33:53,701 basehttp 17976 29344 "GET /favicon.ico HTTP/1.1" 404 3019
WARNING 2026-01-26 01:34:23,140 log 17976 29436 Not Found: /favicon.ico
WARNING 2026-01-26 01:34:23,141 basehttp 17976 29436 "GET /favicon.ico HTTP/1.1" 404 3019
WARNING 2026-01-26 01:34:28,378 log 17976 29436 Not Found: /favicon.ico
WARNING 2026-01-26 01:34:28,382 basehttp 17976 29436 "GET /favicon.ico HTTP/1.1" 404 3019
WARNING 2026-01-26 01:34:30,825 log 17976 29436 Not Found: /favicon.ico
WARNING 2026-01-26 01:34:30,828 basehttp 17976 29436 "GET /favicon.ico HTTP/1.1" 404 3019
WARNING 2026-01-26 01:34:40,074 log 17976 29436 Not Found: /favicon.ico
WARNING 2026-01-26 01:34:40,087 basehttp 17976 29436 "GET /favicon.ico HTTP/1.1" 404 3019
WARNING 2026-01-26 01:34:46,718 log 17976 29436 Not Found: /favicon.ico
WARNING 2026-01-26 01:34:46,720 basehttp 17976 29436 "GET /favicon.ico HTTP/1.1" 404 3019
WARNING 2026-01-26 01:35:09,895 log 17976 29348 Not Found: /favicon.ico
WARNING 2026-01-26 01:35:09,915 basehttp 17976 29348 "GET /favicon.ico HTTP/1.1" 404 3019
WARNING 2026-01-26 01:35:21,971 log 17976 29348 Not Found: /favicon.ico
WARNING 2026-01-26 01:35:22,015 basehttp 17976 29348 "GET /favicon.ico HTTP/1.1" 404 3019
WARNING 2026-01-26 01:35:30,959 log 17976 29348 Not Found: /favicon.ico
WARNING 2026-01-26 01:35:30,961 basehttp 17976 29348 "GET /favicon.ico HTTP/1.1" 404 3019
WARNING 2026-01-26 01:37:42,131 log 17976 29116 Not Found: /favicon.ico
WARNING 2026-01-26 01:37:42,139 basehttp 17976 29116 "GET /favicon.ico HTTP/1.1" 404 3019
WARNING 2026-01-26 01:37:52,864 log 17976 29116 Not Found: /favicon.ico
WARNING 2026-01-26 01:37:52,880 basehttp 17976 29116 "GET /favicon.ico HTTP/1.1" 404 3019
WARNING 2026-01-26 01:40:15,645 log 17976 29116 Not Found: /favicon.ico
WARNING 2026-01-26 01:40:15,648 basehttp 17976 29116 "GET /favicon.ico HTTP/1.1" 404 3019
WARNING 2026-01-26 01:40:21,816 log 17976 26236 Not Found: /favicon.ico
WARNING 2026-01-26 01:40:21,905 basehttp 17976 26236 "GET /favicon.ico HTTP/1.1" 404 3019
WARNING 2026-01-26 01:41:01,959 log 17976 26236 Not Found: /favicon.ico
WARNING 2026-01-26 01:41:01,969 basehttp 17976 26236 "GET /favicon.ico HTTP/1.1" 404 3019
WARNING 2026-01-26 01:41:21,224 log 17976 26236 Not Found: /favicon.ico
WARNING 2026-01-26 01:41:21,247 basehttp 17976 26236 "GET /favicon.ico HTTP/1.1" 404 3019
WARNING 2026-01-26 01:42:04,411 log 17976 26236 Not Found: /favicon.ico
WARNING 2026-01-26 01:42:04,428 basehttp 17976 26236 "GET /favicon.ico HTTP/1.1" 404 3019
WARNING 2026-01-26 01:42:50,353 log 17976 9156 Not Found: /favicon.ico
WARNING 2026-01-26 01:42:50,367 basehttp 17976 9156 "GET /favicon.ico HTTP/1.1" 404 3019
WARNING 2026-01-26 01:43:04,104 log 17976 30288 Not Found: /favicon.ico
WARNING 2026-01-26 01:43:04,108 basehttp 17976 30288 "GET /favicon.ico HTTP/1.1" 404 3019
WARNING 2026-01-26 01:45:03,687 log 17976 30288 Not Found: /favicon.ico
WARNING 2026-01-26 01:45:03,689 basehttp 17976 30288 "GET /favicon.ico HTTP/1.1" 404 3019
WARNING 2026-01-26 01:45:08,422 log 17976 30288 Not Found: /favicon.ico
WARNING 2026-01-26 01:45:08,428 basehttp 17976 30288 "GET /favicon.ico HTTP/1.1" 404 3019
WARNING 2026-01-26 01:45:40,371 log 17976 30288 Not Found: /favicon.ico
WARNING 2026-01-26 01:45:40,376 basehttp 17976 30288 "GET /favicon.ico HTTP/1.1" 404 3019
WARNING 2026-01-26 01:47:02,031 log 17976 30288 Not Found: /favicon.ico
WARNING 2026-01-26 01:47:02,040 basehttp 17976 30288 "GET /favicon.ico HTTP/1.1" 404 3019
WARNING 2026-01-26 01:50:16,797 log 17976 30016 Not Found: /favicon.ico
WARNING 2026-01-26 01:50:16,838 basehttp 17976 30016 "GET /favicon.ico HTTP/1.1" 404 3019
WARNING 2026-01-26 01:50:30,484 log 17976 30016 Not Found: /favicon.ico
WARNING 2026-01-26 01:50:30,501 basehttp 17976 30016 "GET /favicon.ico HTTP/1.1" 404 3019
WARNING 2026-01-26 01:50:56,122 log 17976 30016 Not Found: /favicon.ico
WARNING 2026-01-26 01:50:56,129 basehttp 17976 30016 "GET /favicon.ico HTTP/1.1" 404 3019
WARNING 2026-01-26 01:50:58,157 log 17976 30288 Not Found: /favicon.ico
WARNING 2026-01-26 01:50:58,165 basehttp 17976 30288 "GET /favicon.ico HTTP/1.1" 404 3019
WARNING 2026-01-26 01:51:33,808 log 17976 8940 Not Found: /favicon.ico
WARNING 2026-01-26 01:51:33,813 basehttp 17976 8940 "GET /favicon.ico HTTP/1.1" 404 3019
WARNING 2026-01-26 01:53:14,812 log 17976 31168 Not Found: /favicon.ico
WARNING 2026-01-26 01:53:14,814 basehttp 17976 31168 "GET /favicon.ico HTTP/1.1" 404 3019
WARNING 2026-01-26 01:53:20,430 log 17976 31168 Not Found: /favicon.ico
WARNING 2026-01-26 01:53:20,430 basehttp 17976 31168 "GET /favicon.ico HTTP/1.1" 404 3019
WARNING 2026-01-26 01:55:32,808 log 17976 28888 Not Found: /favicon.ico
WARNING 2026-01-26 01:55:32,892 basehttp 17976 28888 "GET /favicon.ico HTTP/1.1" 404 3019
WARNING 2026-01-26 01:55:54,152 log 17976 1572 Not Found: /favicon.ico
WARNING 2026-01-26 01:55:54,168 basehttp 17976 1572 "GET /favicon.ico HTTP/1.1" 404 3019
WARNING 2026-01-26 01:56:01,296 log 17976 30568 Not Found: /favicon.ico
WARNING 2026-01-26 01:56:01,364 basehttp 17976 30568 "GET /favicon.ico HTTP/1.1" 404 3019
WARNING 2026-01-26 01:57:46,347 log 17976 28724 Not Found: /favicon.ico
WARNING 2026-01-26 01:57:46,662 basehttp 17976 28724 "GET /favicon.ico HTTP/1.1" 404 3019
WARNING 2026-01-26 01:59:27,072 log 17976 30456 Not Found: /favicon.ico
WARNING 2026-01-26 01:59:27,098 basehttp 17976 30456 "GET /favicon.ico HTTP/1.1" 404 3019
WARNING 2026-01-26 01:59:27,356 log 17976 25604 Not Found: /favicon.ico
WARNING 2026-01-26 01:59:27,363 basehttp 17976 25604 "GET /favicon.ico HTTP/1.1" 404 3019
WARNING 2026-01-26 02:05:30,902 log 29804 30324 Not Found: /favicon.ico
WARNING 2026-01-26 02:05:31,049 basehttp 29804 30324 "GET /favicon.ico HTTP/1.1" 404 3019
WARNING 2026-01-26 02:13:35,912 log 26464 32216 Not Found: /favicon.ico
WARNING 2026-01-26 02:13:36,001 basehttp 26464 32216 "GET /favicon.ico HTTP/1.1" 404 3019
WARNING 2026-01-26 02:13:39,138 log 26464 32216 Not Found: /favicon.ico
WARNING 2026-01-26 02:13:39,140 basehttp 26464 32216 "GET /favicon.ico HTTP/1.1" 404 3019
WARNING 2026-01-26 02:16:32,822 log 32260 18400 Not Found: /favicon.ico
WARNING 2026-01-26 02:16:32,824 basehttp 32260 18400 "GET /favicon.ico HTTP/1.1" 404 3019
WARNING 2026-01-26 02:17:47,204 log 32260 32180 Not Found: /favicon.ico
WARNING 2026-01-26 02:17:47,210 basehttp 32260 32180 "GET /favicon.ico HTTP/1.1" 404 3019
WARNING 2026-01-26 02:18:45,849 log 23804 32748 Not Found: /favicon.ico
WARNING 2026-01-26 02:18:45,855 basehttp 23804 32748 "GET /favicon.ico HTTP/1.1" 404 3019
WARNING 2026-01-26 02:19:48,856 log 23804 7516 Not Found: /favicon.ico
WARNING 2026-01-26 02:19:48,881 basehttp 23804 7516 "GET /favicon.ico HTTP/1.1" 404 3019
WARNING 2026-01-26 02:19:57,570 log 23804 7516 Not Found: /favicon.ico
WARNING 2026-01-26 02:19:57,581 basehttp 23804 7516 "GET /favicon.ico HTTP/1.1" 404 3019
WARNING 2026-01-26 02:20:06,744 log 23804 7516 Not Found: /.well-known/appspecific/com.chrome.devtools.json
WARNING 2026-01-26 02:20:06,761 basehttp 23804 7516 "GET /.well-known/appspecific/com.chrome.devtools.json HTTP/1.1" 404 3130
WARNING 2026-01-26 02:24:50,632 log 23804 34360 Not Found: /favicon.ico
WARNING 2026-01-26 02:24:50,744 basehttp 23804 34360 "GET /favicon.ico HTTP/1.1" 404 3019
WARNING 2026-01-26 02:29:08,094 log 23804 34560 Not Found: /favicon.ico
WARNING 2026-01-26 02:29:08,094 basehttp 23804 34560 "GET /favicon.ico HTTP/1.1" 404 3019
WARNING 2026-01-26 02:29:18,987 log 23804 12988 Not Found: /favicon.ico
WARNING 2026-01-26 02:29:18,987 basehttp 23804 12988 "GET /favicon.ico HTTP/1.1" 404 3019
WARNING 2026-01-26 02:29:27,290 log 23804 34932 Not Found: /.well-known/appspecific/com.chrome.devtools.json
WARNING 2026-01-26 02:29:27,293 basehttp 23804 34932 "GET /.well-known/appspecific/com.chrome.devtools.json HTTP/1.1" 404 3130
WARNING 2026-01-26 02:29:46,785 log 23804 36472 Not Found: /.well-known/appspecific/com.chrome.devtools.json
WARNING 2026-01-26 02:29:46,787 basehttp 23804 36472 "GET /.well-known/appspecific/com.chrome.devtools.json HTTP/1.1" 404 3130
WARNING 2026-01-26 02:29:55,990 log 23804 35808 Not Found: /.well-known/appspecific/com.chrome.devtools.json
WARNING 2026-01-26 02:29:55,990 basehttp 23804 35808 "GET /.well-known/appspecific/com.chrome.devtools.json HTTP/1.1" 404 3130
WARNING 2026-01-26 02:30:02,861 log 23804 37772 Not Found: /.well-known/appspecific/com.chrome.devtools.json
WARNING 2026-01-26 02:30:02,864 basehttp 23804 37772 "GET /.well-known/appspecific/com.chrome.devtools.json HTTP/1.1" 404 3130
WARNING 2026-01-26 02:30:14,270 log 23804 33708 Not Found: /favicon.ico
WARNING 2026-01-26 02:30:14,283 basehttp 23804 33708 "GET /favicon.ico HTTP/1.1" 404 3019
WARNING 2026-01-26 02:33:58,702 log 23804 3340 Not Found: /.well-known/appspecific/com.chrome.devtools.json
WARNING 2026-01-26 02:33:58,703 basehttp 23804 3340 "GET /.well-known/appspecific/com.chrome.devtools.json HTTP/1.1" 404 3130
WARNING 2026-01-26 02:34:09,342 log 23804 33572 Not Found: /favicon.ico
WARNING 2026-01-26 02:34:09,345 basehttp 23804 33572 "GET /favicon.ico HTTP/1.1" 404 3019
WARNING 2026-01-26 14:47:35,583 log 3692 22404 Not Found: /favicon.ico
WARNING 2026-01-26 14:47:35,715 basehttp 3692 22404 "GET /favicon.ico HTTP/1.1" 404 3019
WARNING 2026-01-26 15:42:32,084 log 3692 476 Not Found: /favicon.ico
WARNING 2026-01-26 15:42:32,186 basehttp 3692 476 "GET /favicon.ico HTTP/1.1" 404 3019
WARNING 2026-01-26 15:42:39,899 log 3692 1856 Not Found: /favicon.ico
WARNING 2026-01-26 15:42:40,036 basehttp 3692 1856 "GET /favicon.ico HTTP/1.1" 404 3019
WARNING 2026-01-26 15:50:00,915 log 3692 13072 Not Found: /favicon.ico
WARNING 2026-01-26 15:50:00,918 basehttp 3692 13072 "GET /favicon.ico HTTP/1.1" 404 3019
WARNING 2026-01-26 15:50:05,553 log 3692 13072 Not Found: /favicon.ico
WARNING 2026-01-26 15:50:05,584 basehttp 3692 13072 "GET /favicon.ico HTTP/1.1" 404 3019
WARNING 2026-01-26 15:52:51,090 log 3692 25352 Not Found: /favicon.ico
WARNING 2026-01-26 15:52:51,093 basehttp 3692 25352 "GET /favicon.ico HTTP/1.1" 404 3019
WARNING 2026-01-26 15:54:46,141 log 3692 9336 Not Found: /favicon.ico
WARNING 2026-01-26 15:54:46,157 basehttp 3692 9336 "GET /favicon.ico HTTP/1.1" 404 3019
WARNING 2026-01-26 15:55:17,824 log 3692 9336 Not Found: /favicon.ico
WARNING 2026-01-26 15:55:17,825 basehttp 3692 9336 "GET /favicon.ico HTTP/1.1" 404 3019
WARNING 2026-01-26 15:55:26,087 log 3692 9336 Not Found: /favicon.ico
WARNING 2026-01-26 15:55:26,129 basehttp 3692 9336 "GET /favicon.ico HTTP/1.1" 404 3019
WARNING 2026-01-26 15:55:46,292 log 3692 9336 Not Found: /favicon.ico
WARNING 2026-01-26 15:55:46,295 basehttp 3692 9336 "GET /favicon.ico HTTP/1.1" 404 3019
WARNING 2026-01-26 15:57:19,857 log 3692 21208 Not Found: /favicon.ico
WARNING 2026-01-26 15:57:19,861 basehttp 3692 21208 "GET /favicon.ico HTTP/1.1" 404 3019
WARNING 2026-01-26 15:57:37,056 log 3692 21208 Not Found: /favicon.ico
WARNING 2026-01-26 15:57:37,059 basehttp 3692 21208 "GET /favicon.ico HTTP/1.1" 404 3019
WARNING 2026-01-26 15:58:03,206 log 3692 11424 Not Found: /favicon.ico
WARNING 2026-01-26 15:58:03,236 basehttp 3692 11424 "GET /favicon.ico HTTP/1.1" 404 3019
WARNING 2026-01-26 15:58:11,994 log 3692 26428 Not Found: /favicon.ico
WARNING 2026-01-26 15:58:11,996 basehttp 3692 26428 "GET /favicon.ico HTTP/1.1" 404 3019
WARNING 2026-01-26 15:58:31,855 log 3692 26428 Not Found: /favicon.ico
WARNING 2026-01-26 15:58:31,858 basehttp 3692 26428 "GET /favicon.ico HTTP/1.1" 404 3019
WARNING 2026-01-26 15:58:35,735 log 3692 26428 Not Found: /favicon.ico
WARNING 2026-01-26 15:58:35,758 basehttp 3692 26428 "GET /favicon.ico HTTP/1.1" 404 3019
WARNING 2026-01-26 15:58:40,569 log 3692 19196 Not Found: /favicon.ico
WARNING 2026-01-26 15:58:40,600 basehttp 3692 19196 "GET /favicon.ico HTTP/1.1" 404 3019
WARNING 2026-01-26 15:59:11,186 log 3692 19196 Not Found: /favicon.ico
WARNING 2026-01-26 15:59:11,186 basehttp 3692 19196 "GET /favicon.ico HTTP/1.1" 404 3019
WARNING 2026-01-26 15:59:45,731 log 3692 19196 Not Found: /favicon.ico
WARNING 2026-01-26 15:59:45,751 basehttp 3692 19196 "GET /favicon.ico HTTP/1.1" 404 3019
WARNING 2026-01-26 16:00:26,434 log 3692 19196 Not Found: /favicon.ico
WARNING 2026-01-26 16:00:26,437 basehttp 3692 19196 "GET /favicon.ico HTTP/1.1" 404 3019
WARNING 2026-01-26 16:00:29,169 log 3692 19196 Not Found: /favicon.ico
WARNING 2026-01-26 16:00:29,184 basehttp 3692 19196 "GET /favicon.ico HTTP/1.1" 404 3019
WARNING 2026-01-26 16:01:02,155 log 3692 19196 Not Found: /favicon.ico
WARNING 2026-01-26 16:01:02,155 basehttp 3692 19196 "GET /favicon.ico HTTP/1.1" 404 3019
WARNING 2026-01-26 16:01:21,912 log 3692 19196 Not Found: /favicon.ico
WARNING 2026-01-26 16:01:21,916 basehttp 3692 19196 "GET /favicon.ico HTTP/1.1" 404 3019
WARNING 2026-01-26 16:01:38,281 log 3692 19196 Not Found: /favicon.ico
WARNING 2026-01-26 16:01:38,281 basehttp 3692 19196 "GET /favicon.ico HTTP/1.1" 404 3019
WARNING 2026-01-26 16:02:06,506 log 3692 23916 Not Found: /favicon.ico
WARNING 2026-01-26 16:02:06,510 basehttp 3692 23916 "GET /favicon.ico HTTP/1.1" 404 3019
WARNING 2026-01-26 16:03:55,043 log 3692 23728 Not Found: /favicon.ico
WARNING 2026-01-26 16:03:55,057 basehttp 3692 23728 "GET /favicon.ico HTTP/1.1" 404 3019
WARNING 2026-01-26 16:04:26,370 log 3692 23728 Not Found: /favicon.ico
WARNING 2026-01-26 16:04:26,394 basehttp 3692 23728 "GET /favicon.ico HTTP/1.1" 404 3019
WARNING 2026-01-26 16:05:29,750 log 3692 23460 Not Found: /favicon.ico
WARNING 2026-01-26 16:05:29,796 basehttp 3692 23460 "GET /favicon.ico HTTP/1.1" 404 3019
WARNING 2026-01-26 16:05:54,894 log 3692 2564 Not Found: /favicon.ico
WARNING 2026-01-26 16:05:54,980 basehttp 3692 2564 "GET /favicon.ico HTTP/1.1" 404 3019
WARNING 2026-01-26 16:06:05,117 log 3692 2564 Not Found: /favicon.ico
WARNING 2026-01-26 16:06:05,121 basehttp 3692 2564 "GET /favicon.ico HTTP/1.1" 404 3019
WARNING 2026-01-26 16:08:10,087 log 3692 1408 Not Found: /.well-known/appspecific/com.chrome.devtools.json
WARNING 2026-01-26 16:08:10,165 basehttp 3692 1408 "GET /.well-known/appspecific/com.chrome.devtools.json HTTP/1.1" 404 3130
WARNING 2026-01-26 16:10:42,993 log 3692 27640 Not Found: /.well-known/appspecific/com.chrome.devtools.json
WARNING 2026-01-26 16:10:42,995 basehttp 3692 27640 "GET /.well-known/appspecific/com.chrome.devtools.json HTTP/1.1" 404 3130
WARNING 2026-01-26 16:10:47,028 log 3692 16304 Not Found: /.well-known/appspecific/com.chrome.devtools.json
WARNING 2026-01-26 16:10:47,031 basehttp 3692 16304 "GET /.well-known/appspecific/com.chrome.devtools.json HTTP/1.1" 404 3130
WARNING 2026-01-26 16:10:55,152 log 3692 27596 Not Found: /favicon.ico
WARNING 2026-01-26 16:10:55,158 basehttp 3692 27596 "GET /favicon.ico HTTP/1.1" 404 3019
WARNING 2026-01-26 16:11:02,325 log 3692 27596 Not Found: /favicon.ico
WARNING 2026-01-26 16:11:02,329 basehttp 3692 27596 "GET /favicon.ico HTTP/1.1" 404 3019
WARNING 2026-01-26 16:11:21,921 log 3692 27596 Not Found: /favicon.ico
WARNING 2026-01-26 16:11:21,928 basehttp 3692 27596 "GET /favicon.ico HTTP/1.1" 404 3019
WARNING 2026-01-26 16:11:25,335 log 3692 27596 Not Found: /favicon.ico
WARNING 2026-01-26 16:11:25,372 basehttp 3692 27596 "GET /favicon.ico HTTP/1.1" 404 3019
WARNING 2026-01-26 16:11:47,968 log 3692 25492 Not Found: /favicon.ico
WARNING 2026-01-26 16:11:47,968 basehttp 3692 25492 "GET /favicon.ico HTTP/1.1" 404 3019
WARNING 2026-01-26 16:17:05,770 log 3692 24540 Not Found: /favicon.ico
WARNING 2026-01-26 16:17:05,789 basehttp 3692 24540 "GET /favicon.ico HTTP/1.1" 404 3019
WARNING 2026-01-26 16:17:58,856 log 3692 27432 Not Found: /favicon.ico
WARNING 2026-01-26 16:17:58,865 basehttp 3692 27432 "GET /favicon.ico HTTP/1.1" 404 3019
WARNING 2026-01-26 16:18:24,923 log 3692 27432 Not Found: /favicon.ico
WARNING 2026-01-26 16:18:24,951 basehttp 3692 27432 "GET /favicon.ico HTTP/1.1" 404 3019
WARNING 2026-01-26 16:18:33,224 log 3692 26768 Not Found: /favicon.ico
WARNING 2026-01-26 16:18:33,271 basehttp 3692 26768 "GET /favicon.ico HTTP/1.1" 404 3019
WARNING 2026-01-26 16:18:52,449 log 3692 27432 Not Found: /favicon.ico
WARNING 2026-01-26 16:18:52,475 basehttp 3692 27432 "GET /favicon.ico HTTP/1.1" 404 3019
WARNING 2026-01-26 16:44:26,948 log 3692 28144 Not Found: /favicon.ico
WARNING 2026-01-26 16:44:26,985 basehttp 3692 28144 "GET /favicon.ico HTTP/1.1" 404 3019
WARNING 2026-01-26 16:45:11,059 log 3692 28236 Not Found: /favicon.ico
WARNING 2026-01-26 16:45:11,073 basehttp 3692 28236 "GET /favicon.ico HTTP/1.1" 404 3019
WARNING 2026-01-26 16:47:05,552 log 3692 23932 Not Found: /favicon.ico
WARNING 2026-01-26 16:47:05,554 basehttp 3692 23932 "GET /favicon.ico HTTP/1.1" 404 3019
WARNING 2026-01-26 16:47:31,626 log 3692 13256 Not Found: /favicon.ico
WARNING 2026-01-26 16:47:31,705 basehttp 3692 13256 "GET /favicon.ico HTTP/1.1" 404 3019
WARNING 2026-01-26 16:48:33,596 log 3692 13256 Not Found: /favicon.ico
WARNING 2026-01-26 16:48:33,598 basehttp 3692 13256 "GET /favicon.ico HTTP/1.1" 404 3019
WARNING 2026-01-26 16:50:12,873 log 3692 23932 Not Found: /favicon.ico
WARNING 2026-01-26 16:50:12,954 basehttp 3692 23932 "GET /favicon.ico HTTP/1.1" 404 3019
WARNING 2026-01-26 16:50:21,571 log 3692 30488 Not Found: /favicon.ico
WARNING 2026-01-26 16:50:21,618 basehttp 3692 30488 "GET /favicon.ico HTTP/1.1" 404 3019
WARNING 2026-01-26 16:50:47,771 log 3692 11192 Not Found: /favicon.ico
WARNING 2026-01-26 16:50:47,813 basehttp 3692 11192 "GET /favicon.ico HTTP/1.1" 404 3019
WARNING 2026-01-26 16:50:56,353 log 3692 11192 Not Found: /.well-known/appspecific/com.chrome.devtools.json
WARNING 2026-01-26 16:50:56,356 basehttp 3692 11192 "GET /.well-known/appspecific/com.chrome.devtools.json HTTP/1.1" 404 3130
WARNING 2026-01-26 16:51:07,608 log 3692 28828 Not Found: /.well-known/appspecific/com.chrome.devtools.json
WARNING 2026-01-26 16:51:07,622 basehttp 3692 28828 "GET /.well-known/appspecific/com.chrome.devtools.json HTTP/1.1" 404 3130
WARNING 2026-01-26 16:51:20,959 log 3692 28828 Not Found: /.well-known/appspecific/com.chrome.devtools.json
WARNING 2026-01-26 16:51:21,026 basehttp 3692 28828 "GET /.well-known/appspecific/com.chrome.devtools.json HTTP/1.1" 404 3130
WARNING 2026-01-26 16:51:22,344 log 3692 28828 Not Found: /favicon.ico
WARNING 2026-01-26 16:51:22,365 basehttp 3692 28828 "GET /favicon.ico HTTP/1.1" 404 3019
WARNING 2026-01-26 16:57:43,348 log 29292 27892 Not Found: /favicon.ico
WARNING 2026-01-26 16:57:43,707 basehttp 29292 27892 "GET /favicon.ico HTTP/1.1" 404 3019
WARNING 2026-01-26 16:58:04,217 log 29292 27024 Not Found: /favicon.ico
WARNING 2026-01-26 16:58:04,220 basehttp 29292 27024 "GET /favicon.ico HTTP/1.1" 404 3019
WARNING 2026-01-26 17:06:17,389 log 29292 25432 Not Found: /favicon.ico
WARNING 2026-01-26 17:06:17,395 basehttp 29292 25432 "GET /favicon.ico HTTP/1.1" 404 3019
WARNING 2026-01-26 17:06:25,018 log 29292 11408 Not Found: /favicon.ico
WARNING 2026-01-26 17:06:25,052 basehttp 29292 11408 "GET /favicon.ico HTTP/1.1" 404 3019
ERROR 2026-01-26 17:10:04,525 log 29292 27928 Internal Server Error: /
Traceback (most recent call last):
  File "D:\Lib\site-packages\django\core\handlers\exception.py", line 55, in inner
    response = get_response(request)
               ^^^^^^^^^^^^^^^^^^^^^
  File "D:\Lib\site-packages\django\core\handlers\base.py", line 197, in _get_response
    response = wrapped_callback(request, *callback_args, **callback_kwargs)
               ^^^^^^^^^^^^^^^^^^^^^^^^^^^^^^^^^^^^^^^^^^^^^^^^^^^^^^^^^^^^
  File "D:\Lib\contextlib.py", line 81, in inner
    return func(*args, **kwds)
           ^^^^^^^^^^^^^^^^^^^
  File "D:\Lib\site-packages\django\views\decorators\http.py", line 43, in inner
    return func(request, *args, **kwargs)
           ^^^^^^^^^^^^^^^^^^^^^^^^^^^^^^
  File "E:\Resume_Projects\accessafter\core\home_views.py", line 43, in home_view
    return render(request, 'home.html', context)
           ^^^^^^^^^^^^^^^^^^^^^^^^^^^^^^^^^^^^^
  File "D:\Lib\site-packages\django\shortcuts.py", line 24, in render
    content = loader.render_to_string(template_name, context, request, using=using)
              ^^^^^^^^^^^^^^^^^^^^^^^^^^^^^^^^^^^^^^^^^^^^^^^^^^^^^^^^^^^^^^^^^^^^^
  File "D:\Lib\site-packages\django\template\loader.py", line 62, in render_to_string
    return template.render(context, request)
           ^^^^^^^^^^^^^^^^^^^^^^^^^^^^^^^^^
  File "D:\Lib\site-packages\django\template\backends\django.py", line 61, in render
    return self.template.render(context)
           ^^^^^^^^^^^^^^^^^^^^^^^^^^^^^
  File "D:\Lib\site-packages\django\template\base.py", line 175, in render
    return self._render(context)
           ^^^^^^^^^^^^^^^^^^^^^
  File "D:\Lib\site-packages\django\template\base.py", line 167, in _render
    return self.nodelist.render(context)
           ^^^^^^^^^^^^^^^^^^^^^^^^^^^^^
  File "D:\Lib\site-packages\django\template\base.py", line 1005, in render
    return SafeString("".join([node.render_annotated(context) for node in self]))
                              ^^^^^^^^^^^^^^^^^^^^^^^^^^^^^^^^^^^^^^^^^^^^^^^^^
  File "D:\Lib\site-packages\django\template\base.py", line 1005, in <listcomp>
    return SafeString("".join([node.render_annotated(context) for node in self]))
                               ^^^^^^^^^^^^^^^^^^^^^^^^^^^^^^
  File "D:\Lib\site-packages\django\template\base.py", line 966, in render_annotated
    return self.render(context)
           ^^^^^^^^^^^^^^^^^^^^
  File "D:\Lib\site-packages\django\template\loader_tags.py", line 157, in render
    return compiled_parent._render(context)
           ^^^^^^^^^^^^^^^^^^^^^^^^^^^^^^^^
  File "D:\Lib\site-packages\django\template\base.py", line 167, in _render
    return self.nodelist.render(context)
           ^^^^^^^^^^^^^^^^^^^^^^^^^^^^^
  File "D:\Lib\site-packages\django\template\base.py", line 1005, in render
    return SafeString("".join([node.render_annotated(context) for node in self]))
                              ^^^^^^^^^^^^^^^^^^^^^^^^^^^^^^^^^^^^^^^^^^^^^^^^^
  File "D:\Lib\site-packages\django\template\base.py", line 1005, in <listcomp>
    return SafeString("".join([node.render_annotated(context) for node in self]))
                               ^^^^^^^^^^^^^^^^^^^^^^^^^^^^^^
  File "D:\Lib\site-packages\django\template\base.py", line 966, in render_annotated
    return self.render(context)
           ^^^^^^^^^^^^^^^^^^^^
  File "D:\Lib\site-packages\django\template\loader_tags.py", line 208, in render
    return template.render(context)
           ^^^^^^^^^^^^^^^^^^^^^^^^
  File "D:\Lib\site-packages\django\template\base.py", line 177, in render
    return self._render(context)
           ^^^^^^^^^^^^^^^^^^^^^
  File "D:\Lib\site-packages\django\template\base.py", line 167, in _render
    return self.nodelist.render(context)
           ^^^^^^^^^^^^^^^^^^^^^^^^^^^^^
  File "D:\Lib\site-packages\django\template\base.py", line 1005, in render
    return SafeString("".join([node.render_annotated(context) for node in self]))
                              ^^^^^^^^^^^^^^^^^^^^^^^^^^^^^^^^^^^^^^^^^^^^^^^^^
  File "D:\Lib\site-packages\django\template\base.py", line 1005, in <listcomp>
    return SafeString("".join([node.render_annotated(context) for node in self]))
                               ^^^^^^^^^^^^^^^^^^^^^^^^^^^^^^
  File "D:\Lib\site-packages\django\template\base.py", line 966, in render_annotated
    return self.render(context)
           ^^^^^^^^^^^^^^^^^^^^
  File "D:\Lib\site-packages\django\template\defaulttags.py", line 471, in render
    url = reverse(view_name, args=args, kwargs=kwargs, current_app=current_app)
          ^^^^^^^^^^^^^^^^^^^^^^^^^^^^^^^^^^^^^^^^^^^^^^^^^^^^^^^^^^^^^^^^^^^^^
  File "D:\Lib\site-packages\django\urls\base.py", line 88, in reverse
    return resolver._reverse_with_prefix(view, prefix, *args, **kwargs)
           ^^^^^^^^^^^^^^^^^^^^^^^^^^^^^^^^^^^^^^^^^^^^^^^^^^^^^^^^^^^^
  File "D:\Lib\site-packages\django\urls\resolvers.py", line 828, in _reverse_with_prefix
    raise NoReverseMatch(msg)
django.urls.exceptions.NoReverseMatch: Reverse for 'visitor_count' not found. 'visitor_count' is not a valid view function or pattern name.
ERROR 2026-01-26 17:10:04,645 basehttp 29292 27928 "GET / HTTP/1.1" 500 212689
WARNING 2026-01-26 17:10:05,148 log 29292 27928 Not Found: /favicon.ico
WARNING 2026-01-26 17:10:05,157 basehttp 29292 27928 "GET /favicon.ico HTTP/1.1" 404 3019
ERROR 2026-01-26 17:13:10,366 log 29292 11100 Internal Server Error: /
Traceback (most recent call last):
  File "D:\Lib\site-packages\django\core\handlers\exception.py", line 55, in inner
    response = get_response(request)
               ^^^^^^^^^^^^^^^^^^^^^
  File "D:\Lib\site-packages\django\core\handlers\base.py", line 197, in _get_response
    response = wrapped_callback(request, *callback_args, **callback_kwargs)
               ^^^^^^^^^^^^^^^^^^^^^^^^^^^^^^^^^^^^^^^^^^^^^^^^^^^^^^^^^^^^
  File "D:\Lib\contextlib.py", line 81, in inner
    return func(*args, **kwds)
           ^^^^^^^^^^^^^^^^^^^
  File "D:\Lib\site-packages\django\views\decorators\http.py", line 43, in inner
    return func(request, *args, **kwargs)
           ^^^^^^^^^^^^^^^^^^^^^^^^^^^^^^
  File "E:\Resume_Projects\accessafter\core\home_views.py", line 43, in home_view
    return render(request, 'home.html', context)
           ^^^^^^^^^^^^^^^^^^^^^^^^^^^^^^^^^^^^^
  File "D:\Lib\site-packages\django\shortcuts.py", line 24, in render
    content = loader.render_to_string(template_name, context, request, using=using)
              ^^^^^^^^^^^^^^^^^^^^^^^^^^^^^^^^^^^^^^^^^^^^^^^^^^^^^^^^^^^^^^^^^^^^^
  File "D:\Lib\site-packages\django\template\loader.py", line 62, in render_to_string
    return template.render(context, request)
           ^^^^^^^^^^^^^^^^^^^^^^^^^^^^^^^^^
  File "D:\Lib\site-packages\django\template\backends\django.py", line 61, in render
    return self.template.render(context)
           ^^^^^^^^^^^^^^^^^^^^^^^^^^^^^
  File "D:\Lib\site-packages\django\template\base.py", line 175, in render
    return self._render(context)
           ^^^^^^^^^^^^^^^^^^^^^
  File "D:\Lib\site-packages\django\template\base.py", line 167, in _render
    return self.nodelist.render(context)
           ^^^^^^^^^^^^^^^^^^^^^^^^^^^^^
  File "D:\Lib\site-packages\django\template\base.py", line 1005, in render
    return SafeString("".join([node.render_annotated(context) for node in self]))
                              ^^^^^^^^^^^^^^^^^^^^^^^^^^^^^^^^^^^^^^^^^^^^^^^^^
  File "D:\Lib\site-packages\django\template\base.py", line 1005, in <listcomp>
    return SafeString("".join([node.render_annotated(context) for node in self]))
                               ^^^^^^^^^^^^^^^^^^^^^^^^^^^^^^
  File "D:\Lib\site-packages\django\template\base.py", line 966, in render_annotated
    return self.render(context)
           ^^^^^^^^^^^^^^^^^^^^
  File "D:\Lib\site-packages\django\template\loader_tags.py", line 157, in render
    return compiled_parent._render(context)
           ^^^^^^^^^^^^^^^^^^^^^^^^^^^^^^^^
  File "D:\Lib\site-packages\django\template\base.py", line 167, in _render
    return self.nodelist.render(context)
           ^^^^^^^^^^^^^^^^^^^^^^^^^^^^^
  File "D:\Lib\site-packages\django\template\base.py", line 1005, in render
    return SafeString("".join([node.render_annotated(context) for node in self]))
                              ^^^^^^^^^^^^^^^^^^^^^^^^^^^^^^^^^^^^^^^^^^^^^^^^^
  File "D:\Lib\site-packages\django\template\base.py", line 1005, in <listcomp>
    return SafeString("".join([node.render_annotated(context) for node in self]))
                               ^^^^^^^^^^^^^^^^^^^^^^^^^^^^^^
  File "D:\Lib\site-packages\django\template\base.py", line 966, in render_annotated
    return self.render(context)
           ^^^^^^^^^^^^^^^^^^^^
  File "D:\Lib\site-packages\django\template\loader_tags.py", line 208, in render
    return template.render(context)
           ^^^^^^^^^^^^^^^^^^^^^^^^
  File "D:\Lib\site-packages\django\template\base.py", line 177, in render
    return self._render(context)
           ^^^^^^^^^^^^^^^^^^^^^
  File "D:\Lib\site-packages\django\template\base.py", line 167, in _render
    return self.nodelist.render(context)
           ^^^^^^^^^^^^^^^^^^^^^^^^^^^^^
  File "D:\Lib\site-packages\django\template\base.py", line 1005, in render
    return SafeString("".join([node.render_annotated(context) for node in self]))
                              ^^^^^^^^^^^^^^^^^^^^^^^^^^^^^^^^^^^^^^^^^^^^^^^^^
  File "D:\Lib\site-packages\django\template\base.py", line 1005, in <listcomp>
    return SafeString("".join([node.render_annotated(context) for node in self]))
                               ^^^^^^^^^^^^^^^^^^^^^^^^^^^^^^
  File "D:\Lib\site-packages\django\template\base.py", line 966, in render_annotated
    return self.render(context)
           ^^^^^^^^^^^^^^^^^^^^
  File "D:\Lib\site-packages\django\template\defaulttags.py", line 471, in render
    url = reverse(view_name, args=args, kwargs=kwargs, current_app=current_app)
          ^^^^^^^^^^^^^^^^^^^^^^^^^^^^^^^^^^^^^^^^^^^^^^^^^^^^^^^^^^^^^^^^^^^^^
  File "D:\Lib\site-packages\django\urls\base.py", line 88, in reverse
    return resolver._reverse_with_prefix(view, prefix, *args, **kwargs)
           ^^^^^^^^^^^^^^^^^^^^^^^^^^^^^^^^^^^^^^^^^^^^^^^^^^^^^^^^^^^^
  File "D:\Lib\site-packages\django\urls\resolvers.py", line 828, in _reverse_with_prefix
    raise NoReverseMatch(msg)
django.urls.exceptions.NoReverseMatch: Reverse for 'visitor_count' not found. 'visitor_count' is not a valid view function or pattern name.
ERROR 2026-01-26 17:13:10,384 basehttp 29292 11100 "GET / HTTP/1.1" 500 212689
WARNING 2026-01-26 17:13:10,633 log 29292 11100 Not Found: /favicon.ico
WARNING 2026-01-26 17:13:10,633 basehttp 29292 11100 "GET /favicon.ico HTTP/1.1" 404 3019
WARNING 2026-01-26 17:13:17,531 log 29292 11100 Not Found: /favicon.ico
WARNING 2026-01-26 17:13:17,560 basehttp 29292 11100 "GET /favicon.ico HTTP/1.1" 404 3019
WARNING 2026-01-26 17:13:43,927 log 29292 30192 Not Found: /.well-known/appspecific/com.chrome.devtools.json
WARNING 2026-01-26 17:13:43,962 basehttp 29292 30192 "GET /.well-known/appspecific/com.chrome.devtools.json HTTP/1.1" 404 3130
WARNING 2026-01-26 17:13:52,055 log 29292 952 Not Found: /.well-known/appspecific/com.chrome.devtools.json
WARNING 2026-01-26 17:13:52,067 basehttp 29292 952 "GET /.well-known/appspecific/com.chrome.devtools.json HTTP/1.1" 404 3130
WARNING 2026-01-26 17:14:02,465 log 29292 952 Not Found: /.well-known/appspecific/com.chrome.devtools.json
WARNING 2026-01-26 17:14:02,469 basehttp 29292 952 "GET /.well-known/appspecific/com.chrome.devtools.json HTTP/1.1" 404 3130
WARNING 2026-01-26 17:14:04,879 log 29292 30192 Not Found: /favicon.ico
WARNING 2026-01-26 17:14:04,890 basehttp 29292 30192 "GET /favicon.ico HTTP/1.1" 404 3019
WARNING 2026-01-26 17:14:21,729 log 29292 952 Not Found: /.well-known/appspecific/com.chrome.devtools.json
WARNING 2026-01-26 17:14:21,734 basehttp 29292 952 "GET /.well-known/appspecific/com.chrome.devtools.json HTTP/1.1" 404 3130
WARNING 2026-01-26 17:14:33,410 log 29292 952 Not Found: /.well-known/appspecific/com.chrome.devtools.json
WARNING 2026-01-26 17:14:33,414 basehttp 29292 952 "GET /.well-known/appspecific/com.chrome.devtools.json HTTP/1.1" 404 3130
WARNING 2026-01-26 17:14:41,299 log 29292 30192 Not Found: /favicon.ico
WARNING 2026-01-26 17:14:41,383 basehttp 29292 30192 "GET /favicon.ico HTTP/1.1" 404 3019
WARNING 2026-01-26 17:14:50,840 log 29292 952 Not Found: /.well-known/appspecific/com.chrome.devtools.json
WARNING 2026-01-26 17:14:50,849 basehttp 29292 952 "GET /.well-known/appspecific/com.chrome.devtools.json HTTP/1.1" 404 3130
WARNING 2026-01-26 17:15:06,798 log 29292 952 Not Found: /.well-known/appspecific/com.chrome.devtools.json
WARNING 2026-01-26 17:15:06,822 basehttp 29292 952 "GET /.well-known/appspecific/com.chrome.devtools.json HTTP/1.1" 404 3130
WARNING 2026-01-26 17:28:50,297 log 29292 5732 Not Found: /favicon.ico
WARNING 2026-01-26 17:28:50,305 basehttp 29292 5732 "GET /favicon.ico HTTP/1.1" 404 3019
WARNING 2026-01-26 17:29:05,337 log 29292 18940 Not Found: /favicon.ico
WARNING 2026-01-26 17:29:05,339 basehttp 29292 18940 "GET /favicon.ico HTTP/1.1" 404 3019
WARNING 2026-01-26 17:33:22,454 log 29292 30084 Not Found: /favicon.ico
WARNING 2026-01-26 17:33:22,602 basehttp 29292 30084 "GET /favicon.ico HTTP/1.1" 404 3019
WARNING 2026-01-26 17:33:43,937 log 29292 30084 Not Found: /.well-known/appspecific/com.chrome.devtools.json
WARNING 2026-01-26 17:33:43,950 basehttp 29292 30084 "GET /.well-known/appspecific/com.chrome.devtools.json HTTP/1.1" 404 3130
WARNING 2026-01-26 18:01:15,146 log 29292 24912 Not Found: /accounts/profile/static/logo.png
WARNING 2026-01-26 18:01:15,332 basehttp 29292 24912 "GET /accounts/profile/static/logo.png HTTP/1.1" 404 5881
WARNING 2026-01-26 18:01:16,579 log 29292 24912 Not Found: /favicon.ico
WARNING 2026-01-26 18:01:16,593 basehttp 29292 24912 "GET /favicon.ico HTTP/1.1" 404 3019
WARNING 2026-01-26 18:01:36,413 log 29292 22388 Not Found: /accounts/profile/static/logo.png
WARNING 2026-01-26 18:01:36,415 basehttp 29292 22388 "GET /accounts/profile/static/logo.png HTTP/1.1" 404 5881
WARNING 2026-01-26 18:01:42,587 log 29292 6904 Not Found: /favicon.ico
WARNING 2026-01-26 18:01:42,617 basehttp 29292 6904 "GET /favicon.ico HTTP/1.1" 404 3019
WARNING 2026-01-26 18:01:45,282 log 29292 6904 Not Found: /accounts/profile/static/logo.png
WARNING 2026-01-26 18:01:45,285 basehttp 29292 6904 "GET /accounts/profile/static/logo.png HTTP/1.1" 404 5881
WARNING 2026-01-26 18:01:46,099 log 29292 6904 Not Found: /favicon.ico
WARNING 2026-01-26 18:01:46,099 basehttp 29292 6904 "GET /favicon.ico HTTP/1.1" 404 3019
WARNING 2026-01-26 18:06:30,316 log 29292 9648 Not Found: /accounts/profile/static/logo.png
WARNING 2026-01-26 18:06:30,318 basehttp 29292 9648 "GET /accounts/profile/static/logo.png HTTP/1.1" 404 5881
WARNING 2026-01-26 18:06:32,755 log 29292 9648 Not Found: /favicon.ico
WARNING 2026-01-26 18:06:32,755 basehttp 29292 9648 "GET /favicon.ico HTTP/1.1" 404 3019
WARNING 2026-01-26 18:07:06,591 log 29292 9648 Not Found: /accounts/profile/static/images/logo.png
WARNING 2026-01-26 18:07:06,596 basehttp 29292 9648 "GET /accounts/profile/static/images/logo.png HTTP/1.1" 404 5902
WARNING 2026-01-26 18:07:07,402 log 29292 9648 Not Found: /favicon.ico
WARNING 2026-01-26 18:07:07,417 basehttp 29292 9648 "GET /favicon.ico HTTP/1.1" 404 3019
WARNING 2026-01-26 18:07:08,972 log 29292 9648 Not Found: /accounts/profile/static/images/logo.png
WARNING 2026-01-26 18:07:08,983 basehttp 29292 9648 "GET /accounts/profile/static/images/logo.png HTTP/1.1" 404 5902
WARNING 2026-01-26 18:07:09,531 log 29292 9648 Not Found: /favicon.ico
WARNING 2026-01-26 18:07:09,533 basehttp 29292 9648 "GET /favicon.ico HTTP/1.1" 404 3019
WARNING 2026-01-26 18:07:09,898 log 29292 9648 Not Found: /accounts/profile/static/images/logo.png
WARNING 2026-01-26 18:07:09,900 basehttp 29292 9648 "GET /accounts/profile/static/images/logo.png HTTP/1.1" 404 5902
WARNING 2026-01-26 18:07:10,444 log 29292 9648 Not Found: /favicon.ico
WARNING 2026-01-26 18:07:10,447 basehttp 29292 9648 "GET /favicon.ico HTTP/1.1" 404 3019
WARNING 2026-01-26 18:07:54,615 log 29292 21620 Not Found: /accounts/profile/accessafter/static/images
WARNING 2026-01-26 18:07:54,616 basehttp 29292 21620 "GET /accounts/profile/accessafter/static/images HTTP/1.1" 404 5911
WARNING 2026-01-26 18:07:56,022 log 29292 21620 Not Found: /favicon.ico
WARNING 2026-01-26 18:07:56,024 basehttp 29292 21620 "GET /favicon.ico HTTP/1.1" 404 3019
WARNING 2026-01-26 18:07:56,770 log 29292 21620 Not Found: /accounts/profile/accessafter/static/images
WARNING 2026-01-26 18:07:56,771 basehttp 29292 21620 "GET /accounts/profile/accessafter/static/images HTTP/1.1" 404 5911
WARNING 2026-01-26 18:07:58,096 log 29292 21620 Not Found: /favicon.ico
WARNING 2026-01-26 18:07:58,119 basehttp 29292 21620 "GET /favicon.ico HTTP/1.1" 404 3019
WARNING 2026-01-26 18:10:25,813 log 29292 23280 Not Found: /accounts/profile/accessafter/static/images
WARNING 2026-01-26 18:10:25,814 basehttp 29292 23280 "GET /accounts/profile/accessafter/static/images HTTP/1.1" 404 5911
WARNING 2026-01-26 18:10:27,099 log 29292 23280 Not Found: /favicon.ico
WARNING 2026-01-26 18:10:27,099 basehttp 29292 23280 "GET /favicon.ico HTTP/1.1" 404 3019
WARNING 2026-01-26 18:11:13,196 log 29292 22172 Not Found: /accounts/profile/static/images
WARNING 2026-01-26 18:11:13,196 basehttp 29292 22172 "GET /accounts/profile/static/images HTTP/1.1" 404 5875
WARNING 2026-01-26 18:11:14,427 log 29292 22172 Not Found: /favicon.ico
WARNING 2026-01-26 18:11:14,517 log 29292 27044 Not Found: /accounts/profile/static/images
WARNING 2026-01-26 18:11:14,525 basehttp 29292 27044 "GET /accounts/profile/static/images HTTP/1.1" 404 5875
WARNING 2026-01-26 18:11:15,779 log 29292 23724 Not Found: /favicon.ico
WARNING 2026-01-26 18:11:15,787 basehttp 29292 23724 "GET /favicon.ico HTTP/1.1" 404 3019
WARNING 2026-01-26 18:13:22,182 log 29292 21324 Not Found: /accounts/profile/static/images/logo.png
WARNING 2026-01-26 18:13:22,185 basehttp 29292 21324 "GET /accounts/profile/static/images/logo.png HTTP/1.1" 404 5902
WARNING 2026-01-26 18:13:23,085 log 29292 21324 Not Found: /favicon.ico
WARNING 2026-01-26 18:13:23,089 basehttp 29292 21324 "GET /favicon.ico HTTP/1.1" 404 3019
WARNING 2026-01-26 18:13:24,048 log 29292 21324 Not Found: /accounts/profile/static/images/logo.png
WARNING 2026-01-26 18:13:24,051 basehttp 29292 21324 "GET /accounts/profile/static/images/logo.png HTTP/1.1" 404 5902
WARNING 2026-01-26 18:13:24,867 log 29292 21324 Not Found: /favicon.ico
WARNING 2026-01-26 18:13:24,943 basehttp 29292 21324 "GET /favicon.ico HTTP/1.1" 404 3019
WARNING 2026-01-26 18:16:19,575 log 29292 31520 Not Found: /accounts/profile/static/images/logo.png
WARNING 2026-01-26 18:16:19,576 basehttp 29292 31520 "GET /accounts/profile/static/images/logo.png HTTP/1.1" 404 5902
WARNING 2026-01-26 18:16:21,241 log 29292 1348 Not Found: /favicon.ico
WARNING 2026-01-26 18:16:21,315 log 29292 31520 Not Found: /accounts/profile/static/images/logo.png
WARNING 2026-01-26 18:16:21,317 basehttp 29292 31520 "GET /accounts/profile/static/images/logo.png HTTP/1.1" 404 5902
WARNING 2026-01-26 18:16:22,113 log 29292 25004 Not Found: /accounts/profile/static/images/logo.png
WARNING 2026-01-26 18:16:22,114 basehttp 29292 25004 "GET /accounts/profile/static/images/logo.png HTTP/1.1" 404 5902
WARNING 2026-01-26 18:16:23,194 log 29292 12932 Not Found: /favicon.ico
WARNING 2026-01-26 18:16:23,454 log 29292 31520 Not Found: /accounts/profile/static/images/logo.png
WARNING 2026-01-26 18:16:23,458 basehttp 29292 31520 "GET /accounts/profile/static/images/logo.png HTTP/1.1" 404 5902
WARNING 2026-01-26 18:16:24,247 log 29292 31520 Not Found: /favicon.ico
WARNING 2026-01-26 18:16:24,247 basehttp 29292 31520 "GET /favicon.ico HTTP/1.1" 404 3019
WARNING 2026-01-26 18:16:39,284 log 29292 24648 Not Found: /accounts/profile/static/images/logo.png
WARNING 2026-01-26 18:16:39,318 basehttp 29292 24648 "GET /accounts/profile/static/images/logo.png HTTP/1.1" 404 5902
WARNING 2026-01-26 18:16:39,699 log 29292 24648 Not Found: /favicon.ico
WARNING 2026-01-26 18:16:40,012 basehttp 29292 24648 "GET /favicon.ico HTTP/1.1" 404 3019
WARNING 2026-01-26 18:17:38,125 log 29292 31380 Not Found: /accounts/static/images/logo.png
WARNING 2026-01-26 18:17:38,127 basehttp 29292 31380 "GET /accounts/static/images/logo.png HTTP/1.1" 404 5878
WARNING 2026-01-26 18:17:40,039 log 29292 27008 Not Found: /favicon.ico
WARNING 2026-01-26 18:17:40,187 log 29292 24252 Not Found: /accounts/static/images/logo.png
WARNING 2026-01-26 18:17:40,191 basehttp 29292 24252 "GET /accounts/static/images/logo.png HTTP/1.1" 404 5878
WARNING 2026-01-26 18:17:41,441 log 29292 24252 Not Found: /accounts/static/images/logo.png
WARNING 2026-01-26 18:17:41,456 basehttp 29292 24252 "GET /accounts/static/images/logo.png HTTP/1.1" 404 5878
WARNING 2026-01-26 18:17:42,233 log 29292 24252 Not Found: /favicon.ico
WARNING 2026-01-26 18:17:42,235 basehttp 29292 24252 "GET /favicon.ico HTTP/1.1" 404 3019
WARNING 2026-01-26 18:17:43,247 log 29292 24252 Not Found: /accounts/static/images/logo.png
WARNING 2026-01-26 18:17:43,248 basehttp 29292 24252 "GET /accounts/static/images/logo.png HTTP/1.1" 404 5878
WARNING 2026-01-26 18:17:43,971 log 29292 24252 Not Found: /favicon.ico
WARNING 2026-01-26 18:17:43,974 basehttp 29292 24252 "GET /favicon.ico HTTP/1.1" 404 3019
WARNING 2026-01-26 18:18:13,813 log 29292 29968 Not Found: /accounts/static/images/logo.png
WARNING 2026-01-26 18:18:13,845 basehttp 29292 29968 "GET /accounts/static/images/logo.png HTTP/1.1" 404 5878
WARNING 2026-01-26 18:18:14,397 log 29292 29968 Not Found: /favicon.ico
WARNING 2026-01-26 18:18:14,412 basehttp 29292 29968 "GET /favicon.ico HTTP/1.1" 404 3019
WARNING 2026-01-26 18:18:15,625 log 29292 29968 Not Found: /accounts/static/images/logo.png
WARNING 2026-01-26 18:18:15,641 basehttp 29292 29968 "GET /accounts/static/images/logo.png HTTP/1.1" 404 5878
WARNING 2026-01-26 18:18:16,752 log 29292 29968 Not Found: /favicon.ico
WARNING 2026-01-26 18:18:16,757 basehttp 29292 29968 "GET /favicon.ico HTTP/1.1" 404 3019
WARNING 2026-01-26 18:18:39,267 log 29292 24604 Not Found: /accounts/static/images/logo.png
WARNING 2026-01-26 18:18:39,269 basehttp 29292 24604 "GET /accounts/static/images/logo.png HTTP/1.1" 404 5878
WARNING 2026-01-26 18:18:39,905 log 29292 24604 Not Found: /favicon.ico
WARNING 2026-01-26 18:18:39,907 basehttp 29292 24604 "GET /favicon.ico HTTP/1.1" 404 3019
WARNING 2026-01-26 18:18:43,575 log 29292 24604 Not Found: /accounts/static/images/logo.png
WARNING 2026-01-26 18:18:43,579 basehttp 29292 24604 "GET /accounts/static/images/logo.png HTTP/1.1" 404 5878
WARNING 2026-01-26 18:18:43,801 log 29292 24604 Not Found: /favicon.ico
WARNING 2026-01-26 18:18:43,801 basehttp 29292 24604 "GET /favicon.ico HTTP/1.1" 404 3019
WARNING 2026-01-26 18:20:44,718 log 29292 16364 Not Found: /accounts/static/images/logo.png
WARNING 2026-01-26 18:20:44,719 basehttp 29292 16364 "GET /accounts/static/images/logo.png HTTP/1.1" 404 5878
WARNING 2026-01-26 18:20:45,815 log 29292 16364 Not Found: /favicon.ico
WARNING 2026-01-26 18:20:46,001 basehttp 29292 16364 "GET /favicon.ico HTTP/1.1" 404 3019
WARNING 2026-01-26 18:20:58,281 log 29292 16088 Not Found: /accounts/static/images/logo.png
WARNING 2026-01-26 18:20:58,283 basehttp 29292 16088 "GET /accounts/static/images/logo.png HTTP/1.1" 404 5878
WARNING 2026-01-26 18:20:59,334 log 29292 16088 Not Found: /favicon.ico
WARNING 2026-01-26 18:20:59,336 basehttp 29292 16088 "GET /favicon.ico HTTP/1.1" 404 3019
WARNING 2026-01-26 18:23:02,978 log 29292 5800 Not Found: /accounts/media/images/logo.png
WARNING 2026-01-26 18:23:02,993 basehttp 29292 5800 "GET /accounts/media/images/logo.png HTTP/1.1" 404 5875
WARNING 2026-01-26 18:23:03,873 log 29292 5800 Not Found: /favicon.ico
WARNING 2026-01-26 18:23:03,881 basehttp 29292 5800 "GET /favicon.ico HTTP/1.1" 404 3019
WARNING 2026-01-26 18:23:04,955 log 29292 5800 Not Found: /accounts/media/images/logo.png
WARNING 2026-01-26 18:23:04,957 basehttp 29292 5800 "GET /accounts/media/images/logo.png HTTP/1.1" 404 5875
WARNING 2026-01-26 18:23:05,525 log 29292 5800 Not Found: /favicon.ico
WARNING 2026-01-26 18:23:05,541 basehttp 29292 5800 "GET /favicon.ico HTTP/1.1" 404 3019
WARNING 2026-01-26 18:23:05,903 log 29292 5800 Not Found: /accounts/media/images/logo.png
WARNING 2026-01-26 18:23:05,905 basehttp 29292 5800 "GET /accounts/media/images/logo.png HTTP/1.1" 404 5875
WARNING 2026-01-26 18:23:06,290 log 29292 5800 Not Found: /favicon.ico
WARNING 2026-01-26 18:23:06,292 basehttp 29292 5800 "GET /favicon.ico HTTP/1.1" 404 3019
WARNING 2026-01-26 18:23:06,984 log 29292 5800 Not Found: /accounts/media/images/logo.png
WARNING 2026-01-26 18:23:06,987 basehttp 29292 5800 "GET /accounts/media/images/logo.png HTTP/1.1" 404 5875
WARNING 2026-01-26 18:23:07,327 log 29292 5800 Not Found: /favicon.ico
WARNING 2026-01-26 18:23:07,329 basehttp 29292 5800 "GET /favicon.ico HTTP/1.1" 404 3019
WARNING 2026-01-26 18:29:15,074 log 29292 28688 Not Found: /accounts/media/images/logo.png
WARNING 2026-01-26 18:29:15,077 basehttp 29292 28688 "GET /accounts/media/images/logo.png HTTP/1.1" 404 5875
WARNING 2026-01-26 18:29:35,634 log 29292 28688 Not Found: /accounts/media/images/logo.png
WARNING 2026-01-26 18:29:36,106 basehttp 29292 28688 "GET /accounts/media/images/logo.png HTTP/1.1" 404 5875
WARNING 2026-01-26 18:30:20,788 log 29292 28688 Not Found: /favicon.ico
WARNING 2026-01-26 18:30:20,816 basehttp 29292 28688 "GET /favicon.ico HTTP/1.1" 404 3019
WARNING 2026-01-26 18:30:48,340 log 29292 1560 Not Found: /favicon.ico
WARNING 2026-01-26 18:30:48,351 basehttp 29292 1560 "GET /favicon.ico HTTP/1.1" 404 3019
WARNING 2026-01-26 18:31:00,028 log 29292 1560 Not Found: /favicon.ico
WARNING 2026-01-26 18:31:00,057 basehttp 29292 1560 "GET /favicon.ico HTTP/1.1" 404 3019
WARNING 2026-01-26 18:31:17,902 log 29292 29076 Not Found: /favicon.ico
WARNING 2026-01-26 18:31:17,904 basehttp 29292 29076 "GET /favicon.ico HTTP/1.1" 404 3019
WARNING 2026-01-26 18:32:27,620 log 29292 28128 Not Found: /favicon.ico
WARNING 2026-01-26 18:32:27,637 basehttp 29292 28128 "GET /favicon.ico HTTP/1.1" 404 3019
WARNING 2026-01-26 18:32:52,527 log 29292 26648 Not Found: /favicon.ico
WARNING 2026-01-26 18:32:52,555 basehttp 29292 26648 "GET /favicon.ico HTTP/1.1" 404 3019
WARNING 2026-01-26 18:33:09,411 log 29292 27696 Not Found: /favicon.ico
WARNING 2026-01-26 18:33:09,551 basehttp 29292 27696 "GET /favicon.ico HTTP/1.1" 404 3019
WARNING 2026-01-26 18:33:17,116 log 29292 29764 Not Found: /vault/media/images/logo.png
WARNING 2026-01-26 18:33:17,132 basehttp 29292 29764 "GET /vault/media/images/logo.png HTTP/1.1" 404 6104
WARNING 2026-01-26 18:35:09,190 log 29292 7712 Not Found: /vault/media/images/logo.png
WARNING 2026-01-26 18:35:09,202 basehttp 29292 7712 "GET /vault/media/images/logo.png HTTP/1.1" 404 6104
WARNING 2026-01-26 18:35:12,473 log 29292 7712 Not Found: /vault/media/images/logo.png
WARNING 2026-01-26 18:35:12,477 basehttp 29292 7712 "GET /vault/media/images/logo.png HTTP/1.1" 404 6104
WARNING 2026-01-26 18:35:13,652 log 29292 7712 Not Found: /favicon.ico
WARNING 2026-01-26 18:35:13,673 basehttp 29292 7712 "GET /favicon.ico HTTP/1.1" 404 3019
WARNING 2026-01-26 18:35:15,808 log 29292 7712 Not Found: /vault/media/images/logo.png
WARNING 2026-01-26 18:35:15,942 basehttp 29292 7712 "GET /vault/media/images/logo.png HTTP/1.1" 404 6104
WARNING 2026-01-26 18:35:17,417 log 29292 7712 Not Found: /accounts/media/images/logo.png
WARNING 2026-01-26 18:35:17,424 basehttp 29292 7712 "GET /accounts/media/images/logo.png HTTP/1.1" 404 5875
WARNING 2026-01-26 18:36:53,646 log 29292 2620 Not Found: /favicon.ico
WARNING 2026-01-26 18:36:53,657 basehttp 29292 2620 "GET /favicon.ico HTTP/1.1" 404 3019
WARNING 2026-01-26 18:37:54,726 log 29292 1744 Not Found: /vault/media/images/logo.png
WARNING 2026-01-26 18:37:54,739 basehttp 29292 1744 "GET /vault/media/images/logo.png HTTP/1.1" 404 6104
WARNING 2026-01-26 18:37:55,325 log 29292 1744 Not Found: /favicon.ico
WARNING 2026-01-26 18:37:55,403 basehttp 29292 1744 "GET /favicon.ico HTTP/1.1" 404 3019
WARNING 2026-01-26 18:37:57,784 log 29292 1744 Not Found: /vault/media/images/logo.png
WARNING 2026-01-26 18:37:57,802 basehttp 29292 1744 "GET /vault/media/images/logo.png HTTP/1.1" 404 6104
WARNING 2026-01-26 18:38:00,087 log 29292 1744 Not Found: /vault/media/images/logo.png
WARNING 2026-01-26 18:38:00,155 basehttp 29292 1744 "GET /vault/media/images/logo.png HTTP/1.1" 404 6104
WARNING 2026-01-26 18:38:02,436 log 29292 1744 Not Found: /accounts/media/images/logo.png
WARNING 2026-01-26 18:38:02,469 basehttp 29292 1744 "GET /accounts/media/images/logo.png HTTP/1.1" 404 5875
WARNING 2026-01-26 18:38:06,485 log 29292 24696 Not Found: /vault/media/images/logo.png
WARNING 2026-01-26 18:38:06,494 basehttp 29292 24696 "GET /vault/media/images/logo.png HTTP/1.1" 404 6104
WARNING 2026-01-26 18:38:20,070 log 29292 24696 Not Found: /vault/media/images/logo.png
WARNING 2026-01-26 18:38:20,078 basehttp 29292 24696 "GET /vault/media/images/logo.png HTTP/1.1" 404 6104
WARNING 2026-01-26 18:38:21,061 log 29292 24696 Not Found: /favicon.ico
WARNING 2026-01-26 18:38:21,067 basehttp 29292 24696 "GET /favicon.ico HTTP/1.1" 404 3019
WARNING 2026-01-26 18:38:22,011 log 29292 24696 Not Found: /accounts/media/images/logo.png
WARNING 2026-01-26 18:38:22,015 basehttp 29292 24696 "GET /accounts/media/images/logo.png HTTP/1.1" 404 5875
WARNING 2026-01-26 18:38:24,225 log 29292 24696 Not Found: /vault/media/images/logo.png
WARNING 2026-01-26 18:38:24,227 basehttp 29292 24696 "GET /vault/media/images/logo.png HTTP/1.1" 404 6104
WARNING 2026-01-26 18:38:26,856 log 29292 24696 Not Found: /vault/media/images/logo.png
WARNING 2026-01-26 18:38:26,906 basehttp 29292 24696 "GET /vault/media/images/logo.png HTTP/1.1" 404 6104
WARNING 2026-01-26 18:38:27,680 log 29292 33716 Not Found: /vault/media/images/logo.png
WARNING 2026-01-26 18:38:27,710 basehttp 29292 33716 "GET /vault/media/images/logo.png HTTP/1.1" 404 6104
WARNING 2026-01-26 18:38:35,928 log 29292 33716 Not Found: /vault/media/images/logo.png
WARNING 2026-01-26 18:38:35,936 basehttp 29292 33716 "GET /vault/media/images/logo.png HTTP/1.1" 404 6104
WARNING 2026-01-26 18:39:36,655 log 29292 21784 Not Found: /favicon.ico
WARNING 2026-01-26 18:39:36,670 basehttp 29292 21784 "GET /favicon.ico HTTP/1.1" 404 3019
WARNING 2026-01-26 18:39:37,677 log 29292 27804 Not Found: /vault/media/images/logo.png
WARNING 2026-01-26 18:39:37,914 basehttp 29292 27804 "GET /vault/media/images/logo.png HTTP/1.1" 404 6104
WARNING 2026-01-26 18:39:40,779 log 29292 27804 Not Found: /vault/media/images/logo.png
WARNING 2026-01-26 18:39:40,795 basehttp 29292 27804 "GET /vault/media/images/logo.png HTTP/1.1" 404 6104
WARNING 2026-01-26 18:39:42,177 log 29292 27804 Not Found: /vault/media/images/logo.png
WARNING 2026-01-26 18:39:42,185 basehttp 29292 27804 "GET /vault/media/images/logo.png HTTP/1.1" 404 6104
WARNING 2026-01-26 18:39:45,835 log 29292 27804 Not Found: /accounts/media/images/logo.png
WARNING 2026-01-26 18:39:46,236 log 29292 31064 Not Found: /accounts/media/images/logo.png
WARNING 2026-01-26 18:39:46,264 basehttp 29292 31064 "GET /accounts/media/images/logo.png HTTP/1.1" 404 5875
WARNING 2026-01-26 18:39:57,728 log 29292 31064 Not Found: /accounts/media/images/logo.png
WARNING 2026-01-26 18:39:57,827 basehttp 29292 31064 "GET /accounts/media/images/logo.png HTTP/1.1" 404 5875
WARNING 2026-01-26 18:40:00,257 log 29292 31064 Not Found: /favicon.ico
WARNING 2026-01-26 18:40:00,673 log 29292 28312 Not Found: /vault/media/images/logo.png
WARNING 2026-01-26 18:40:00,688 basehttp 29292 28312 "GET /vault/media/images/logo.png HTTP/1.1" 404 6104
WARNING 2026-01-26 18:40:01,926 log 29292 28312 Not Found: /favicon.ico
WARNING 2026-01-26 18:40:01,971 basehttp 29292 28312 "GET /favicon.ico HTTP/1.1" 404 3019
WARNING 2026-01-26 18:40:30,940 log 29292 28312 Not Found: /vault/media/images/logo.png
WARNING 2026-01-26 18:40:30,947 basehttp 29292 28312 "GET /vault/media/images/logo.png HTTP/1.1" 404 6104
WARNING 2026-01-26 18:40:31,713 log 29292 28312 Not Found: /favicon.ico
WARNING 2026-01-26 18:40:31,943 basehttp 29292 28312 "GET /favicon.ico HTTP/1.1" 404 3019
WARNING 2026-01-26 18:40:36,073 log 29292 28312 Not Found: /vault/media/images/logo.png
WARNING 2026-01-26 18:40:36,107 basehttp 29292 28312 "GET /vault/media/images/logo.png HTTP/1.1" 404 6104
WARNING 2026-01-26 18:40:38,154 log 29292 28312 Not Found: /vault/media/images/logo.png
WARNING 2026-01-26 18:40:38,165 basehttp 29292 28312 "GET /vault/media/images/logo.png HTTP/1.1" 404 6104
WARNING 2026-01-26 18:40:39,884 log 29292 28312 Not Found: /vault/media/images/logo.png
WARNING 2026-01-26 18:40:39,917 basehttp 29292 28312 "GET /vault/media/images/logo.png HTTP/1.1" 404 6104
WARNING 2026-01-26 18:40:43,230 log 29292 28312 Not Found: /accounts/media/images/logo.png
WARNING 2026-01-26 18:40:43,245 basehttp 29292 28312 "GET /accounts/media/images/logo.png HTTP/1.1" 404 5875
WARNING 2026-01-26 18:42:02,504 log 29292 14028 Not Found: /accounts/media/images/logo.png
WARNING 2026-01-26 18:42:02,508 basehttp 29292 14028 "GET /accounts/media/images/logo.png HTTP/1.1" 404 5875
WARNING 2026-01-26 18:42:04,183 log 29292 14028 Not Found: /favicon.ico
WARNING 2026-01-26 18:42:04,186 basehttp 29292 14028 "GET /favicon.ico HTTP/1.1" 404 3019
WARNING 2026-01-26 18:42:09,085 log 29292 21248 Not Found: /favicon.ico
WARNING 2026-01-26 18:42:09,234 basehttp 29292 21248 "GET /favicon.ico HTTP/1.1" 404 3019
WARNING 2026-01-26 19:35:57,026 log 22664 33412 Not Found: /favicon.ico
WARNING 2026-01-26 19:35:57,147 basehttp 22664 33412 "GET /favicon.ico HTTP/1.1" 404 3019
WARNING 2026-01-26 19:36:13,534 basehttp 22664 30056 "POST /accounts/login/?next=/accounts/profile/ HTTP/1.1" 403 2518
WARNING 2026-01-26 19:39:13,394 basehttp 22664 35400 "POST /accounts/login/?next=/accounts/profile/ HTTP/1.1" 403 2518
WARNING 2026-01-26 19:39:14,664 log 22664 35400 Not Found: /favicon.ico
WARNING 2026-01-26 19:39:14,691 basehttp 22664 35400 "GET /favicon.ico HTTP/1.1" 404 3019
WARNING 2026-01-26 20:43:54,140 log 28472 3500 Not Found: /favicon.ico
WARNING 2026-01-26 20:43:54,705 log 28472 15428 Not Found: /favicon.ico
WARNING 2026-01-26 20:43:54,925 basehttp 28472 15428 "GET /favicon.ico HTTP/1.1" 404 3019
WARNING 2026-01-26 22:18:54,986 log 23744 13840 Not Found: /favicon.ico
WARNING 2026-01-26 22:18:55,020 basehttp 23744 13840 "GET /favicon.ico HTTP/1.1" 404 3019
WARNING 2026-01-26 23:32:33,476 log 23744 31112 Not Found: /favicon.ico
WARNING 2026-01-26 23:32:33,510 basehttp 23744 31112 "GET /favicon.ico HTTP/1.1" 404 3019
WARNING 2026-01-26 23:47:23,058 log 31400 37836 Not Found: /.well-known/appspecific/com.chrome.devtools.json
WARNING 2026-01-26 23:47:23,130 basehttp 31400 37836 "GET /.well-known/appspecific/com.chrome.devtools.json HTTP/1.1" 404 3130
WARNING 2026-01-26 23:47:37,623 log 31400 37560 Not Found: /.well-known/appspecific/com.chrome.devtools.json
WARNING 2026-01-26 23:47:37,634 basehttp 31400 37560 "GET /.well-known/appspecific/com.chrome.devtools.json HTTP/1.1" 404 3130
WARNING 2026-01-26 23:48:38,245 log 31400 16164 Not Found: /favicon.ico
WARNING 2026-01-26 23:48:38,278 basehttp 31400 16164 "GET /favicon.ico HTTP/1.1" 404 3019
WARNING 2026-01-27 15:44:29,364 log 22672 11412 Not Found: /favicon.ico
WARNING 2026-01-27 15:44:29,566 basehttp 22672 11412 "GET /favicon.ico HTTP/1.1" 404 3019
WARNING 2026-01-27 15:44:30,586 log 22672 24520 Not Found: /favicon.ico
WARNING 2026-01-27 15:44:30,617 basehttp 22672 24520 "GET /favicon.ico HTTP/1.1" 404 3019
WARNING 2026-01-27 15:51:52,254 log 27196 27564 Not Found: /favicon.ico
WARNING 2026-01-27 15:51:52,282 basehttp 27196 27564 "GET /favicon.ico HTTP/1.1" 404 3019
WARNING 2026-01-27 15:57:30,902 log 24404 4804 Not Found: /favicon.ico
WARNING 2026-01-27 15:57:30,912 basehttp 24404 4804 "GET /favicon.ico HTTP/1.1" 404 3019
WARNING 2026-01-27 16:11:16,154 log 6396 10508 Not Found: /favicon.ico
WARNING 2026-01-27 16:11:16,237 basehttp 6396 10508 "GET /favicon.ico HTTP/1.1" 404 3019
WARNING 2026-01-27 16:11:16,306 log 6396 27520 Not Found: /favicon.ico
WARNING 2026-01-27 16:11:16,316 basehttp 6396 27520 "GET /favicon.ico HTTP/1.1" 404 3019
WARNING 2026-01-27 16:36:08,021 log 23096 11352 Not Found: /favicon.ico
WARNING 2026-01-27 16:36:08,031 basehttp 23096 11352 "GET /favicon.ico HTTP/1.1" 404 3019
WARNING 2026-01-27 18:12:39,632 log 22484 23728 Not Found: /favicon.ico
WARNING 2026-01-27 18:12:39,669 basehttp 22484 23728 "GET /favicon.ico HTTP/1.1" 404 3019
WARNING 2026-01-27 18:12:54,296 log 22484 33916 Not Found: /.well-known/appspecific/com.chrome.devtools.json
WARNING 2026-01-27 18:12:54,644 basehttp 22484 33916 "GET /.well-known/appspecific/com.chrome.devtools.json HTTP/1.1" 404 3130
WARNING 2026-01-27 18:13:35,725 log 22484 28240 Not Found: /.well-known/appspecific/com.chrome.devtools.json
WARNING 2026-01-27 18:13:35,730 basehttp 22484 28240 "GET /.well-known/appspecific/com.chrome.devtools.json HTTP/1.1" 404 3130
WARNING 2026-01-27 18:13:44,102 log 22484 28240 Not Found: /.well-known/appspecific/com.chrome.devtools.json
WARNING 2026-01-27 18:13:44,119 basehttp 22484 28240 "GET /.well-known/appspecific/com.chrome.devtools.json HTTP/1.1" 404 3130
WARNING 2026-01-27 18:13:53,370 log 22484 28240 Not Found: /.well-known/appspecific/com.chrome.devtools.json
WARNING 2026-01-27 18:13:53,525 basehttp 22484 28240 "GET /.well-known/appspecific/com.chrome.devtools.json HTTP/1.1" 404 3130
WARNING 2026-01-27 18:14:51,039 log 22484 30232 Not Found: /.well-known/appspecific/com.chrome.devtools.json
WARNING 2026-01-27 18:14:51,051 basehttp 22484 30232 "GET /.well-known/appspecific/com.chrome.devtools.json HTTP/1.1" 404 3130
WARNING 2026-01-27 18:14:59,314 log 22484 27452 Not Found: /favicon.ico
WARNING 2026-01-27 18:14:59,347 basehttp 22484 27452 "GET /favicon.ico HTTP/1.1" 404 3019
WARNING 2026-01-27 18:15:13,092 log 22484 26500 Not Found: /.well-known/appspecific/com.chrome.devtools.json
WARNING 2026-01-27 18:15:13,103 basehttp 22484 26500 "GET /.well-known/appspecific/com.chrome.devtools.json HTTP/1.1" 404 3130
WARNING 2026-01-27 18:16:54,418 log 22484 22188 Not Found: /favicon.ico
WARNING 2026-01-27 18:16:54,442 basehttp 22484 22188 "GET /favicon.ico HTTP/1.1" 404 3019
WARNING 2026-01-27 18:16:57,979 log 22484 22188 Not Found: /favicon.ico
WARNING 2026-01-27 18:16:58,004 basehttp 22484 22188 "GET /favicon.ico HTTP/1.1" 404 3019
WARNING 2026-01-27 18:17:19,443 log 22484 22188 Not Found: /favicon.ico
WARNING 2026-01-27 18:17:19,489 basehttp 22484 22188 "GET /favicon.ico HTTP/1.1" 404 3019
WARNING 2026-01-27 18:21:58,019 log 22484 11280 Not Found: /favicon.ico
WARNING 2026-01-27 18:21:58,036 basehttp 22484 11280 "GET /favicon.ico HTTP/1.1" 404 3019
WARNING 2026-01-27 18:22:22,927 log 22484 22964 Not Found: /favicon.ico
WARNING 2026-01-27 18:22:22,949 basehttp 22484 22964 "GET /favicon.ico HTTP/1.1" 404 3019
WARNING 2026-01-27 18:22:46,052 log 22484 10616 Not Found: /favicon.ico
WARNING 2026-01-27 18:22:46,089 basehttp 22484 10616 "GET /favicon.ico HTTP/1.1" 404 3019
WARNING 2026-01-27 18:23:53,830 log 22484 31216 Not Found: /favicon.ico
WARNING 2026-01-27 18:23:53,838 basehttp 22484 31216 "GET /favicon.ico HTTP/1.1" 404 3019
WARNING 2026-01-27 18:24:06,565 log 22484 5036 Not Found: /favicon.ico
WARNING 2026-01-27 18:24:06,568 basehttp 22484 5036 "GET /favicon.ico HTTP/1.1" 404 3019
WARNING 2026-01-27 18:24:19,985 log 22484 5036 Not Found: /favicon.ico
WARNING 2026-01-27 18:24:19,993 basehttp 22484 5036 "GET /favicon.ico HTTP/1.1" 404 3019
WARNING 2026-01-27 18:24:32,287 log 22484 5036 Not Found: /.well-known/appspecific/com.chrome.devtools.json
WARNING 2026-01-27 18:24:32,291 basehttp 22484 5036 "GET /.well-known/appspecific/com.chrome.devtools.json HTTP/1.1" 404 3130
WARNING 2026-01-27 18:24:57,170 log 22484 27876 Not Found: /.well-known/appspecific/com.chrome.devtools.json
WARNING 2026-01-27 18:24:57,240 basehttp 22484 27876 "GET /.well-known/appspecific/com.chrome.devtools.json HTTP/1.1" 404 3130
WARNING 2026-01-27 18:25:06,814 log 22484 18640 Not Found: /.well-known/appspecific/com.chrome.devtools.json
WARNING 2026-01-27 18:25:06,818 basehttp 22484 18640 "GET /.well-known/appspecific/com.chrome.devtools.json HTTP/1.1" 404 3130
WARNING 2026-01-27 18:25:25,904 log 22484 2504 Not Found: /.well-known/appspecific/com.chrome.devtools.json
WARNING 2026-01-27 18:25:25,909 basehttp 22484 2504 "GET /.well-known/appspecific/com.chrome.devtools.json HTTP/1.1" 404 3130
WARNING 2026-01-27 18:25:31,280 log 22484 2504 Not Found: /.well-known/appspecific/com.chrome.devtools.json
WARNING 2026-01-27 18:25:31,288 basehttp 22484 2504 "GET /.well-known/appspecific/com.chrome.devtools.json HTTP/1.1" 404 3130
WARNING 2026-01-27 18:26:22,395 log 22484 34020 Not Found: /.well-known/appspecific/com.chrome.devtools.json
WARNING 2026-01-27 18:26:22,460 basehttp 22484 34020 "GET /.well-known/appspecific/com.chrome.devtools.json HTTP/1.1" 404 3130
WARNING 2026-01-27 18:26:30,078 log 22484 5740 Not Found: /favicon.ico
WARNING 2026-01-27 18:26:30,083 basehttp 22484 5740 "GET /favicon.ico HTTP/1.1" 404 3019
WARNING 2026-01-27 18:26:43,034 log 22484 33992 Not Found: /.well-known/appspecific/com.chrome.devtools.json
WARNING 2026-01-27 18:26:43,039 basehttp 22484 33992 "GET /.well-known/appspecific/com.chrome.devtools.json HTTP/1.1" 404 3130
WARNING 2026-01-27 18:26:50,698 log 22484 23088 Not Found: /favicon.ico
WARNING 2026-01-27 18:26:50,707 basehttp 22484 23088 "GET /favicon.ico HTTP/1.1" 404 3019
WARNING 2026-01-27 18:27:27,743 log 22484 31300 Not Found: /favicon.ico
WARNING 2026-01-27 18:27:27,743 basehttp 22484 31300 "GET /favicon.ico HTTP/1.1" 404 3019
WARNING 2026-01-27 18:27:37,343 log 22484 31300 Not Found: /favicon.ico
WARNING 2026-01-27 18:27:37,371 basehttp 22484 31300 "GET /favicon.ico HTTP/1.1" 404 3019
WARNING 2026-01-27 18:27:40,846 log 22484 31112 Not Found: /favicon.ico
WARNING 2026-01-27 18:27:40,849 basehttp 22484 31112 "GET /favicon.ico HTTP/1.1" 404 3019
WARNING 2026-01-27 18:27:45,176 log 22484 31112 Not Found: /.well-known/appspecific/com.chrome.devtools.json
WARNING 2026-01-27 18:27:45,238 basehttp 22484 31112 "GET /.well-known/appspecific/com.chrome.devtools.json HTTP/1.1" 404 3130
WARNING 2026-01-27 18:27:56,163 log 22484 10620 Not Found: /.well-known/appspecific/com.chrome.devtools.json
WARNING 2026-01-27 18:27:56,166 basehttp 22484 10620 "GET /.well-known/appspecific/com.chrome.devtools.json HTTP/1.1" 404 3130
WARNING 2026-01-27 18:28:04,372 log 22484 10620 Not Found: /.well-known/appspecific/com.chrome.devtools.json
WARNING 2026-01-27 18:28:04,377 basehttp 22484 10620 "GET /.well-known/appspecific/com.chrome.devtools.json HTTP/1.1" 404 3130
WARNING 2026-01-27 18:28:19,384 log 22484 10620 Not Found: /.well-known/appspecific/com.chrome.devtools.json
WARNING 2026-01-27 18:28:19,416 basehttp 22484 10620 "GET /.well-known/appspecific/com.chrome.devtools.json HTTP/1.1" 404 3130
WARNING 2026-01-27 18:28:28,264 log 22484 30128 Not Found: /favicon.ico
WARNING 2026-01-27 18:28:28,272 basehttp 22484 30128 "GET /favicon.ico HTTP/1.1" 404 3019
WARNING 2026-01-27 18:46:25,716 basehttp 22484 1596 "POST /accounts/login/ HTTP/1.1" 403 2518
WARNING 2026-01-27 18:46:27,960 log 22484 1596 Not Found: /.well-known/appspecific/com.chrome.devtools.json
WARNING 2026-01-27 18:46:28,116 basehttp 22484 1596 "GET /.well-known/appspecific/com.chrome.devtools.json HTTP/1.1" 404 3130
WARNING 2026-01-27 18:46:30,800 basehttp 22484 29176 "POST /accounts/login/ HTTP/1.1" 403 2518
WARNING 2026-01-27 18:46:34,094 log 22484 29176 Not Found: /.well-known/appspecific/com.chrome.devtools.json
WARNING 2026-01-27 18:46:34,114 basehttp 22484 29176 "GET /.well-known/appspecific/com.chrome.devtools.json HTTP/1.1" 404 3130
WARNING 2026-01-27 18:46:41,718 log 22484 29176 Not Found: /.well-known/appspecific/com.chrome.devtools.json
WARNING 2026-01-27 18:46:41,766 basehttp 22484 29176 "GET /.well-known/appspecific/com.chrome.devtools.json HTTP/1.1" 404 3130
WARNING 2026-01-27 18:46:45,180 log 22484 31208 Not Found: /.well-known/appspecific/com.chrome.devtools.json
WARNING 2026-01-27 18:46:45,185 basehttp 22484 31208 "GET /.well-known/appspecific/com.chrome.devtools.json HTTP/1.1" 404 3130
WARNING 2026-01-27 18:47:25,951 log 22484 29220 Not Found: /.well-known/appspecific/com.chrome.devtools.json
WARNING 2026-01-27 18:47:25,954 basehttp 22484 29220 "GET /.well-known/appspecific/com.chrome.devtools.json HTTP/1.1" 404 3130
WARNING 2026-01-27 18:59:31,862 log 22484 29156 Not Found: /.well-known/appspecific/com.chrome.devtools.json
WARNING 2026-01-27 18:59:32,079 basehttp 22484 29156 "GET /.well-known/appspecific/com.chrome.devtools.json HTTP/1.1" 404 3130
WARNING 2026-01-27 19:00:12,458 log 22484 29136 Not Found: /.well-known/appspecific/com.chrome.devtools.json
WARNING 2026-01-27 19:00:12,463 basehttp 22484 29136 "GET /.well-known/appspecific/com.chrome.devtools.json HTTP/1.1" 404 3130
WARNING 2026-01-27 19:00:23,734 log 22484 33260 Not Found: /favicon.ico
WARNING 2026-01-27 19:00:23,734 basehttp 22484 33260 "GET /favicon.ico HTTP/1.1" 404 3019
WARNING 2026-01-27 19:00:34,031 log 22484 30960 Not Found: /.well-known/appspecific/com.chrome.devtools.json
WARNING 2026-01-27 19:00:34,034 basehttp 22484 30960 "GET /.well-known/appspecific/com.chrome.devtools.json HTTP/1.1" 404 3130
WARNING 2026-01-27 19:00:42,241 log 22484 30960 Not Found: /.well-known/appspecific/com.chrome.devtools.json
WARNING 2026-01-27 19:00:42,243 basehttp 22484 30960 "GET /.well-known/appspecific/com.chrome.devtools.json HTTP/1.1" 404 3130
WARNING 2026-01-27 19:00:54,951 log 22484 31440 Not Found: /.well-known/appspecific/com.chrome.devtools.json
WARNING 2026-01-27 19:00:54,966 basehttp 22484 31440 "GET /.well-known/appspecific/com.chrome.devtools.json HTTP/1.1" 404 3130
WARNING 2026-01-28 23:34:57,341 log 2380 11484 Not Found: /favicon.ico
WARNING 2026-01-28 23:34:57,442 basehttp 2380 11484 "GET /favicon.ico HTTP/1.1" 404 3019
WARNING 2026-01-29 00:51:47,018 log 27756 17984 Not Found: /favicon.ico
WARNING 2026-01-29 00:51:47,251 basehttp 27756 17984 "GET /favicon.ico HTTP/1.1" 404 3019
WARNING 2026-01-29 00:53:34,319 log 27756 7724 Not Found: /favicon.ico
WARNING 2026-01-29 00:53:34,392 basehttp 27756 7724 "GET /favicon.ico HTTP/1.1" 404 3019
WARNING 2026-01-29 00:54:25,731 basehttp 27756 27572 "POST /accounts/login/ HTTP/1.1" 403 2518
WARNING 2026-01-29 00:54:33,342 basehttp 27756 20184 "POST /accounts/login/ HTTP/1.1" 403 2518
WARNING 2026-01-29 00:55:20,902 log 27756 8472 Not Found: /favicon.ico
WARNING 2026-01-29 00:55:21,005 basehttp 27756 8472 "GET /favicon.ico HTTP/1.1" 404 3019
WARNING 2026-01-29 15:56:39,841 log 23896 23820 Not Found: /favicon.ico
WARNING 2026-01-29 15:56:39,917 basehttp 23896 23820 "GET /favicon.ico HTTP/1.1" 404 3019
WARNING 2026-01-29 15:57:03,816 log 23896 22300 Not Found: /.well-known/appspecific/com.chrome.devtools.json
WARNING 2026-01-29 15:57:03,826 basehttp 23896 22300 "GET /.well-known/appspecific/com.chrome.devtools.json HTTP/1.1" 404 3130
WARNING 2026-01-31 15:13:44,872 log 24516 16944 Not Found: /favicon.ico
WARNING 2026-01-31 15:13:44,952 basehttp 24516 16944 "GET /favicon.ico HTTP/1.1" 404 3019
ERROR 2026-02-18 12:27:15,950 log 15884 4632 Internal Server Error: /
Traceback (most recent call last):
  File "E:\Resume_Projects\accessafter\venv\Lib\site-packages\django\core\handlers\exception.py", line 55, in inner
    response = get_response(request)
  File "E:\Resume_Projects\accessafter\venv\Lib\site-packages\django\core\handlers\base.py", line 197, in _get_response
    response = wrapped_callback(request, *callback_args, **callback_kwargs)
  File "E:\Resume_Projects\accessafter\venv\Lib\site-packages\django\views\decorators\http.py", line 43, in inner
    return func(request, *args, **kwargs)
  File "E:\Resume_Projects\accessafter\core\home_views.py", line 43, in home_view
    return render(request, 'home.html', context)
  File "E:\Resume_Projects\accessafter\venv\Lib\site-packages\django\shortcuts.py", line 24, in render
    content = loader.render_to_string(template_name, context, request, using=using)
  File "E:\Resume_Projects\accessafter\venv\Lib\site-packages\django\template\loader.py", line 61, in render_to_string
    template = get_template(template_name, using=using)
  File "E:\Resume_Projects\accessafter\venv\Lib\site-packages\django\template\loader.py", line 19, in get_template
    raise TemplateDoesNotExist(template_name, chain=chain)
django.template.exceptions.TemplateDoesNotExist: home.html
ERROR 2026-02-18 12:27:15,986 basehttp 15884 4632 "GET / HTTP/1.1" 500 101064
WARNING 2026-02-18 12:27:16,696 log 15884 27216 Not Found: /favicon.ico
WARNING 2026-02-18 12:27:16,748 basehttp 15884 27216 "GET /favicon.ico HTTP/1.1" 404 3019
WARNING 2026-02-18 12:27:28,939 log 15884 25492 Not Found: /about
WARNING 2026-02-18 12:27:28,967 basehttp 15884 25492 "GET /about HTTP/1.1" 404 3001
WARNING 2026-02-18 12:27:34,049 log 15884 25492 Not Found: /home
WARNING 2026-02-18 12:27:34,053 basehttp 15884 25492 "GET /home HTTP/1.1" 404 2998
ERROR 2026-02-18 12:28:13,402 log 15884 25492 Internal Server Error: /
Traceback (most recent call last):
  File "E:\Resume_Projects\accessafter\venv\Lib\site-packages\django\core\handlers\exception.py", line 55, in inner
    response = get_response(request)
  File "E:\Resume_Projects\accessafter\venv\Lib\site-packages\django\core\handlers\base.py", line 197, in _get_response
    response = wrapped_callback(request, *callback_args, **callback_kwargs)
  File "E:\Resume_Projects\accessafter\venv\Lib\site-packages\django\views\decorators\http.py", line 43, in inner
    return func(request, *args, **kwargs)
  File "E:\Resume_Projects\accessafter\core\home_views.py", line 43, in home_view
    return render(request, 'home.html', context)
  File "E:\Resume_Projects\accessafter\venv\Lib\site-packages\django\shortcuts.py", line 24, in render
    content = loader.render_to_string(template_name, context, request, using=using)
  File "E:\Resume_Projects\accessafter\venv\Lib\site-packages\django\template\loader.py", line 61, in render_to_string
    template = get_template(template_name, using=using)
  File "E:\Resume_Projects\accessafter\venv\Lib\site-packages\django\template\loader.py", line 19, in get_template
    raise TemplateDoesNotExist(template_name, chain=chain)
django.template.exceptions.TemplateDoesNotExist: home.html
ERROR 2026-02-18 12:28:13,408 basehttp 15884 25492 "GET / HTTP/1.1" 500 101201
ERROR 2026-02-18 12:32:56,238 log 15884 25492 Internal Server Error: /
Traceback (most recent call last):
  File "E:\Resume_Projects\accessafter\venv\Lib\site-packages\django\core\handlers\exception.py", line 55, in inner
    response = get_response(request)
  File "E:\Resume_Projects\accessafter\venv\Lib\site-packages\django\core\handlers\base.py", line 197, in _get_response
    response = wrapped_callback(request, *callback_args, **callback_kwargs)
  File "E:\Resume_Projects\accessafter\venv\Lib\site-packages\django\views\decorators\http.py", line 43, in inner
    return func(request, *args, **kwargs)
  File "E:\Resume_Projects\accessafter\core\home_views.py", line 43, in home_view
    return render(request, 'home.html', context)
  File "E:\Resume_Projects\accessafter\venv\Lib\site-packages\django\shortcuts.py", line 24, in render
    content = loader.render_to_string(template_name, context, request, using=using)
  File "E:\Resume_Projects\accessafter\venv\Lib\site-packages\django\template\loader.py", line 61, in render_to_string
    template = get_template(template_name, using=using)
  File "E:\Resume_Projects\accessafter\venv\Lib\site-packages\django\template\loader.py", line 19, in get_template
    raise TemplateDoesNotExist(template_name, chain=chain)
django.template.exceptions.TemplateDoesNotExist: home.html
ERROR 2026-02-18 12:32:56,253 basehttp 15884 25492 "GET / HTTP/1.1" 500 101329
WARNING 2026-02-18 12:32:56,601 log 15884 25492 Not Found: /favicon.ico
WARNING 2026-02-18 12:32:56,645 basehttp 15884 25492 "GET /favicon.ico HTTP/1.1" 404 3019
ERROR 2026-02-18 12:32:58,664 log 15884 25492 Internal Server Error: /
Traceback (most recent call last):
  File "E:\Resume_Projects\accessafter\venv\Lib\site-packages\django\core\handlers\exception.py", line 55, in inner
    response = get_response(request)
  File "E:\Resume_Projects\accessafter\venv\Lib\site-packages\django\core\handlers\base.py", line 197, in _get_response
    response = wrapped_callback(request, *callback_args, **callback_kwargs)
  File "E:\Resume_Projects\accessafter\venv\Lib\site-packages\django\views\decorators\http.py", line 43, in inner
    return func(request, *args, **kwargs)
  File "E:\Resume_Projects\accessafter\core\home_views.py", line 43, in home_view
    return render(request, 'home.html', context)
  File "E:\Resume_Projects\accessafter\venv\Lib\site-packages\django\shortcuts.py", line 24, in render
    content = loader.render_to_string(template_name, context, request, using=using)
  File "E:\Resume_Projects\accessafter\venv\Lib\site-packages\django\template\loader.py", line 61, in render_to_string
    template = get_template(template_name, using=using)
  File "E:\Resume_Projects\accessafter\venv\Lib\site-packages\django\template\loader.py", line 19, in get_template
    raise TemplateDoesNotExist(template_name, chain=chain)
django.template.exceptions.TemplateDoesNotExist: home.html
ERROR 2026-02-18 12:32:58,695 basehttp 15884 25492 "GET / HTTP/1.1" 500 101201
WARNING 2026-02-18 12:33:03,164 log 15884 25492 Not Found: /home
WARNING 2026-02-18 12:33:03,169 basehttp 15884 25492 "GET /home HTTP/1.1" 404 2998
WARNING 2026-02-18 12:33:23,887 log 15884 25492 Not Found: /home
WARNING 2026-02-18 12:33:23,896 basehttp 15884 25492 "GET /home HTTP/1.1" 404 2998
WARNING 2026-02-18 12:33:23,983 log 15884 25492 Not Found: /favicon.ico
WARNING 2026-02-18 12:33:24,015 basehttp 15884 25492 "GET /favicon.ico HTTP/1.1" 404 3019
WARNING 2026-02-18 12:34:33,974 log 15104 24320 Not Found: /.well-known/appspecific/com.chrome.devtools.json
WARNING 2026-02-18 12:34:34,075 basehttp 15104 24320 "GET /.well-known/appspecific/com.chrome.devtools.json HTTP/1.1" 404 3130
WARNING 2026-02-18 12:39:16,126 log 15104 24320 Not Found: /favicon.ico
WARNING 2026-02-18 12:39:16,147 basehttp 15104 24320 "GET /favicon.ico HTTP/1.1" 404 3019
WARNING 2026-02-18 12:39:50,068 log 15104 24320 Not Found: /.well-known/appspecific/com.chrome.devtools.json
WARNING 2026-02-18 12:39:50,205 basehttp 15104 24320 "GET /.well-known/appspecific/com.chrome.devtools.json HTTP/1.1" 404 3130
WARNING 2026-02-18 12:42:03,096 log 15104 24320 Not Found: /favicon.ico
WARNING 2026-02-18 12:42:03,099 basehttp 15104 24320 "GET /favicon.ico HTTP/1.1" 404 3019
WARNING 2026-02-18 12:52:42,719 log 15104 17424 Not Found: /favicon.ico
WARNING 2026-02-18 12:52:42,724 basehttp 15104 17424 "GET /favicon.ico HTTP/1.1" 404 3019
WARNING 2026-02-27 18:24:53,354 log 4044 27904 Not Found: /favicon.ico
WARNING 2026-02-27 18:24:53,416 basehttp 4044 27904 "GET /favicon.ico HTTP/1.1" 404 3019
WARNING 2026-02-28 17:29:33,804 log 24300 31108 Not Found: /favicon.ico
WARNING 2026-02-28 17:29:33,846 basehttp 24300 31108 "GET /favicon.ico HTTP/1.1" 404 3019
ERROR 2026-02-28 18:05:59,857 log 22160 30704 Internal Server Error: /
Traceback (most recent call last):
  File "C:\Users\BHAGWANJHA\AppData\Local\Programs\Python\Python313\Lib\site-packages\django\core\handlers\exception.py", line 55, in inner
    response = get_response(request)
  File "C:\Users\BHAGWANJHA\AppData\Local\Programs\Python\Python313\Lib\site-packages\django\core\handlers\base.py", line 197, in _get_response
    response = wrapped_callback(request, *callback_args, **callback_kwargs)
  File "C:\Users\BHAGWANJHA\AppData\Local\Programs\Python\Python313\Lib\site-packages\django\views\decorators\http.py", line 43, in inner
    return func(request, *args, **kwargs)
  File "E:\Resume_Projects\accessafter\core\home_views.py", line 43, in home_view
    return render(request, 'home.html', context)
  File "C:\Users\BHAGWANJHA\AppData\Local\Programs\Python\Python313\Lib\site-packages\django\shortcuts.py", line 24, in render
    content = loader.render_to_string(template_name, context, request, using=using)
  File "C:\Users\BHAGWANJHA\AppData\Local\Programs\Python\Python313\Lib\site-packages\django\template\loader.py", line 61, in render_to_string
    template = get_template(template_name, using=using)
  File "C:\Users\BHAGWANJHA\AppData\Local\Programs\Python\Python313\Lib\site-packages\django\template\loader.py", line 15, in get_template
    return engine.get_template(template_name)
           ~~~~~~~~~~~~~~~~~~~^^^^^^^^^^^^^^^
  File "C:\Users\BHAGWANJHA\AppData\Local\Programs\Python\Python313\Lib\site-packages\django\template\backends\django.py", line 33, in get_template
    return Template(self.engine.get_template(template_name), self)
                    ~~~~~~~~~~~~~~~~~~~~~~~~^^^^^^^^^^^^^^^
  File "C:\Users\BHAGWANJHA\AppData\Local\Programs\Python\Python313\Lib\site-packages\django\template\engine.py", line 175, in get_template
    template, origin = self.find_template(template_name)
                       ~~~~~~~~~~~~~~~~~~^^^^^^^^^^^^^^^
  File "C:\Users\BHAGWANJHA\AppData\Local\Programs\Python\Python313\Lib\site-packages\django\template\engine.py", line 157, in find_template
    template = loader.get_template(name, skip=skip)
  File "C:\Users\BHAGWANJHA\AppData\Local\Programs\Python\Python313\Lib\site-packages\django\template\loaders\cached.py", line 57, in get_template
    template = super().get_template(template_name, skip)
  File "C:\Users\BHAGWANJHA\AppData\Local\Programs\Python\Python313\Lib\site-packages\django\template\loaders\base.py", line 28, in get_template
    return Template(
        contents,
    ...<2 lines>...
        self.engine,
    )
  File "C:\Users\BHAGWANJHA\AppData\Local\Programs\Python\Python313\Lib\site-packages\django\template\base.py", line 154, in __init__
    self.nodelist = self.compile_nodelist()
                    ~~~~~~~~~~~~~~~~~~~~~^^
  File "C:\Users\BHAGWANJHA\AppData\Local\Programs\Python\Python313\Lib\site-packages\django\template\base.py", line 200, in compile_nodelist
    return parser.parse()
           ~~~~~~~~~~~~^^
  File "C:\Users\BHAGWANJHA\AppData\Local\Programs\Python\Python313\Lib\site-packages\django\template\base.py", line 513, in parse
    raise self.error(token, e)
  File "C:\Users\BHAGWANJHA\AppData\Local\Programs\Python\Python313\Lib\site-packages\django\template\base.py", line 511, in parse
    compiled_result = compile_func(self, token)
  File "C:\Users\BHAGWANJHA\AppData\Local\Programs\Python\Python313\Lib\site-packages\django\template\loader_tags.py", line 293, in do_extends
    nodelist = parser.parse()
  File "C:\Users\BHAGWANJHA\AppData\Local\Programs\Python\Python313\Lib\site-packages\django\template\base.py", line 513, in parse
    raise self.error(token, e)
  File "C:\Users\BHAGWANJHA\AppData\Local\Programs\Python\Python313\Lib\site-packages\django\template\base.py", line 511, in parse
    compiled_result = compile_func(self, token)
  File "C:\Users\BHAGWANJHA\AppData\Local\Programs\Python\Python313\Lib\site-packages\django\template\loader_tags.py", line 232, in do_block
    nodelist = parser.parse(("endblock",))
  File "C:\Users\BHAGWANJHA\AppData\Local\Programs\Python\Python313\Lib\site-packages\django\template\base.py", line 513, in parse
    raise self.error(token, e)
  File "C:\Users\BHAGWANJHA\AppData\Local\Programs\Python\Python313\Lib\site-packages\django\template\base.py", line 511, in parse
    compiled_result = compile_func(self, token)
  File "C:\Users\BHAGWANJHA\AppData\Local\Programs\Python\Python313\Lib\site-packages\django\template\loader_tags.py", line 293, in do_extends
    nodelist = parser.parse()
  File "C:\Users\BHAGWANJHA\AppData\Local\Programs\Python\Python313\Lib\site-packages\django\template\base.py", line 513, in parse
    raise self.error(token, e)
  File "C:\Users\BHAGWANJHA\AppData\Local\Programs\Python\Python313\Lib\site-packages\django\template\base.py", line 511, in parse
    compiled_result = compile_func(self, token)
  File "C:\Users\BHAGWANJHA\AppData\Local\Programs\Python\Python313\Lib\site-packages\django\template\loader_tags.py", line 226, in do_block
    raise TemplateSyntaxError(
        "'%s' tag with name '%s' appears more than once" % (bits[0], block_name)
    )
django.template.exceptions.TemplateSyntaxError: 'block' tag with name 'title' appears more than once
ERROR 2026-02-28 18:06:00,285 basehttp 22160 30704 "GET / HTTP/1.1" 500 237046
WARNING 2026-02-28 18:26:02,209 log 22160 24648 Not Found: /favicon.ico
WARNING 2026-02-28 18:26:02,268 basehttp 22160 24648 "GET /favicon.ico HTTP/1.1" 404 3019
WARNING 2026-02-28 18:37:18,729 log 22160 5140 Not Found: /favicon.ico
WARNING 2026-02-28 18:37:18,859 basehttp 22160 5140 "GET /favicon.ico HTTP/1.1" 404 3019
WARNING 2026-02-28 18:39:48,226 log 22160 5140 Not Found: /favicon.ico
WARNING 2026-02-28 18:39:48,316 basehttp 22160 5140 "GET /favicon.ico HTTP/1.1" 404 3019
WARNING 2026-02-28 18:40:14,563 log 22160 5140 Not Found: /favicon.ico
WARNING 2026-02-28 18:40:14,582 basehttp 22160 5140 "GET /favicon.ico HTTP/1.1" 404 3019
WARNING 2026-03-02 13:58:10,838 log 21040 24884 Not Found: /favicon.ico
WARNING 2026-03-02 13:58:10,857 basehttp 21040 24884 "GET /favicon.ico HTTP/1.1" 404 3019
WARNING 2026-03-02 14:56:42,345 log 21040 27252 Not Found: /.well-known/appspecific/com.chrome.devtools.json
WARNING 2026-03-02 14:56:42,444 basehttp 21040 27252 "GET /.well-known/appspecific/com.chrome.devtools.json HTTP/1.1" 404 3130
WARNING 2026-03-02 15:36:00,491 log 21040 24072 Not Found: /.well-known/appspecific/com.chrome.devtools.json
WARNING 2026-03-02 15:36:00,537 basehttp 21040 24072 "GET /.well-known/appspecific/com.chrome.devtools.json HTTP/1.1" 404 3130
WARNING 2026-03-02 15:37:57,911 log 21040 3976 Not Found: /.well-known/appspecific/com.chrome.devtools.json
WARNING 2026-03-02 15:37:57,916 basehttp 21040 3976 "GET /.well-known/appspecific/com.chrome.devtools.json HTTP/1.1" 404 3130
WARNING 2026-03-02 16:05:33,642 log 21040 10368 Not Found: /.well-known/appspecific/com.chrome.devtools.json
WARNING 2026-03-02 16:05:33,742 basehttp 21040 10368 "GET /.well-known/appspecific/com.chrome.devtools.json HTTP/1.1" 404 3130
WARNING 2026-03-02 16:09:18,702 log 21040 10368 Not Found: /.well-known/appspecific/com.chrome.devtools.json
WARNING 2026-03-02 16:09:18,912 basehttp 21040 10368 "GET /.well-known/appspecific/com.chrome.devtools.json HTTP/1.1" 404 3130
WARNING 2026-03-02 17:04:29,411 log 21040 26284 Not Found: /.well-known/appspecific/com.chrome.devtools.json
WARNING 2026-03-02 17:04:29,644 basehttp 21040 26284 "GET /.well-known/appspecific/com.chrome.devtools.json HTTP/1.1" 404 3130
WARNING 2026-03-02 17:05:28,990 log 21040 6360 Not Found: /.well-known/appspecific/com.chrome.devtools.json
WARNING 2026-03-02 17:05:28,995 basehttp 21040 6360 "GET /.well-known/appspecific/com.chrome.devtools.json HTTP/1.1" 404 3130
WARNING 2026-03-02 17:06:33,068 log 21040 6360 Not Found: /.well-known/appspecific/com.chrome.devtools.json
WARNING 2026-03-02 17:06:33,075 basehttp 21040 6360 "GET /.well-known/appspecific/com.chrome.devtools.json HTTP/1.1" 404 3130
WARNING 2026-03-02 17:06:43,491 log 21040 6360 Not Found: /.well-known/appspecific/com.chrome.devtools.json
WARNING 2026-03-02 17:06:43,493 basehttp 21040 6360 "GET /.well-known/appspecific/com.chrome.devtools.json HTTP/1.1" 404 3130
WARNING 2026-03-02 17:06:52,798 log 21040 6360 Not Found: /.well-known/appspecific/com.chrome.devtools.json
WARNING 2026-03-02 17:06:52,883 basehttp 21040 6360 "GET /.well-known/appspecific/com.chrome.devtools.json HTTP/1.1" 404 3130
WARNING 2026-03-02 17:07:14,643 log 21040 6360 Not Found: /.well-known/appspecific/com.chrome.devtools.json
WARNING 2026-03-02 17:07:14,645 basehttp 21040 6360 "GET /.well-known/appspecific/com.chrome.devtools.json HTTP/1.1" 404 3130
WARNING 2026-03-02 18:17:30,899 log 21040 31464 Not Found: /.well-known/appspecific/com.chrome.devtools.json
WARNING 2026-03-02 18:17:30,962 basehttp 21040 31464 "GET /.well-known/appspecific/com.chrome.devtools.json HTTP/1.1" 404 3130
WARNING 2026-03-02 18:17:54,256 log 21040 29144 Not Found: /.well-known/appspecific/com.chrome.devtools.json
WARNING 2026-03-02 18:17:54,313 basehttp 21040 29144 "GET /.well-known/appspecific/com.chrome.devtools.json HTTP/1.1" 404 3130
WARNING 2026-03-02 18:18:05,837 log 21040 31464 Not Found: /.well-known/appspecific/com.chrome.devtools.json
WARNING 2026-03-02 18:18:05,840 basehttp 21040 31464 "GET /.well-known/appspecific/com.chrome.devtools.json HTTP/1.1" 404 3130
WARNING 2026-03-02 18:18:13,321 log 21040 31464 Not Found: /.well-known/appspecific/com.chrome.devtools.json
WARNING 2026-03-02 18:18:13,612 basehttp 21040 31464 "GET /.well-known/appspecific/com.chrome.devtools.json HTTP/1.1" 404 3130
WARNING 2026-03-02 18:18:23,803 log 21040 29144 Not Found: /.well-known/appspecific/com.chrome.devtools.json
WARNING 2026-03-02 18:18:23,807 basehttp 21040 29144 "GET /.well-known/appspecific/com.chrome.devtools.json HTTP/1.1" 404 3130
WARNING 2026-03-02 18:18:38,927 log 21040 29144 Not Found: /.well-known/appspecific/com.chrome.devtools.json
WARNING 2026-03-02 18:18:38,929 basehttp 21040 29144 "GET /.well-known/appspecific/com.chrome.devtools.json HTTP/1.1" 404 3130
WARNING 2026-03-02 18:18:43,543 log 21040 29144 Not Found: /.well-known/appspecific/com.chrome.devtools.json
WARNING 2026-03-02 18:18:43,544 basehttp 21040 29144 "GET /.well-known/appspecific/com.chrome.devtools.json HTTP/1.1" 404 3130
WARNING 2026-03-02 18:18:57,479 log 21040 31464 Not Found: /.well-known/appspecific/com.chrome.devtools.json
WARNING 2026-03-02 18:18:57,481 basehttp 21040 31464 "GET /.well-known/appspecific/com.chrome.devtools.json HTTP/1.1" 404 3130
WARNING 2026-03-02 18:19:48,752 log 21040 31464 Not Found: /.well-known/appspecific/com.chrome.devtools.json
WARNING 2026-03-02 18:19:48,754 basehttp 21040 31464 "GET /.well-known/appspecific/com.chrome.devtools.json HTTP/1.1" 404 3130
WARNING 2026-03-02 18:34:17,384 log 21040 29280 Not Found: /favicon.ico
WARNING 2026-03-02 18:34:17,411 basehttp 21040 29280 "GET /favicon.ico HTTP/1.1" 404 3019
WARNING 2026-03-02 23:27:27,277 log 21180 18760 Not Found: /favicon.ico
WARNING 2026-03-02 23:27:27,443 basehttp 21180 18760 "GET /favicon.ico HTTP/1.1" 404 3019
WARNING 2026-03-14 18:34:47,436 log 30680 6096 Not Found: /favicon.ico
WARNING 2026-03-14 18:34:47,564 basehttp 30680 6096 "GET /favicon.ico HTTP/1.1" 404 3019
ERROR 2026-03-14 18:38:54,274 log 30680 6096 Internal Server Error: /accounts/forgot-password/
Traceback (most recent call last):
  File "C:\Users\BHAGWANJHA\AppData\Local\Programs\Python\Python313\Lib\site-packages\django\core\handlers\exception.py", line 55, in inner
    response = get_response(request)
  File "C:\Users\BHAGWANJHA\AppData\Local\Programs\Python\Python313\Lib\site-packages\django\core\handlers\base.py", line 197, in _get_response
    response = wrapped_callback(request, *callback_args, **callback_kwargs)
  File "C:\Users\BHAGWANJHA\AppData\Local\Programs\Python\Python313\Lib\site-packages\django\utils\decorators.py", line 134, in _wrapper_view
    response = view_func(request, *args, **kwargs)
  File "C:\Users\BHAGWANJHA\AppData\Local\Programs\Python\Python313\Lib\site-packages\django\views\decorators\http.py", line 43, in inner
    return func(request, *args, **kwargs)
  File "E:\Resume_Projects\accessafter\accounts\views.py", line 675, in forgot_password_view
    user = User.objects.get(email=email)
  File "C:\Users\BHAGWANJHA\AppData\Local\Programs\Python\Python313\Lib\site-packages\django\db\models\manager.py", line 87, in manager_method
    return getattr(self.get_queryset(), name)(*args, **kwargs)
           ~~~~~~~~~~~~~~~~~~~~~~~~~~~~~~~~~~^^^^^^^^^^^^^^^^^
  File "C:\Users\BHAGWANJHA\AppData\Local\Programs\Python\Python313\Lib\site-packages\django\db\models\query.py", line 640, in get
    raise self.model.MultipleObjectsReturned(
    ...<5 lines>...
    )
accounts.models.User.MultipleObjectsReturned: get() returned more than one User -- it returned 2!
ERROR 2026-03-14 18:38:54,314 basehttp 30680 6096 "POST /accounts/forgot-password/ HTTP/1.1" 500 98530
ERROR 2026-03-14 18:39:02,144 log 30680 6096 Internal Server Error: /accounts/forgot-password/
Traceback (most recent call last):
  File "C:\Users\BHAGWANJHA\AppData\Local\Programs\Python\Python313\Lib\site-packages\django\core\handlers\exception.py", line 55, in inner
    response = get_response(request)
  File "C:\Users\BHAGWANJHA\AppData\Local\Programs\Python\Python313\Lib\site-packages\django\core\handlers\base.py", line 197, in _get_response
    response = wrapped_callback(request, *callback_args, **callback_kwargs)
  File "C:\Users\BHAGWANJHA\AppData\Local\Programs\Python\Python313\Lib\site-packages\django\utils\decorators.py", line 134, in _wrapper_view
    response = view_func(request, *args, **kwargs)
  File "C:\Users\BHAGWANJHA\AppData\Local\Programs\Python\Python313\Lib\site-packages\django\views\decorators\http.py", line 43, in inner
    return func(request, *args, **kwargs)
  File "E:\Resume_Projects\accessafter\accounts\views.py", line 675, in forgot_password_view
    user = User.objects.get(email=email)
  File "C:\Users\BHAGWANJHA\AppData\Local\Programs\Python\Python313\Lib\site-packages\django\db\models\manager.py", line 87, in manager_method
    return getattr(self.get_queryset(), name)(*args, **kwargs)
           ~~~~~~~~~~~~~~~~~~~~~~~~~~~~~~~~~~^^^^^^^^^^^^^^^^^
  File "C:\Users\BHAGWANJHA\AppData\Local\Programs\Python\Python313\Lib\site-packages\django\db\models\query.py", line 640, in get
    raise self.model.MultipleObjectsReturned(
    ...<5 lines>...
    )
accounts.models.User.MultipleObjectsReturned: get() returned more than one User -- it returned 2!
ERROR 2026-03-14 18:39:02,159 basehttp 30680 6096 "POST /accounts/forgot-password/ HTTP/1.1" 500 98530
WARNING 2026-03-14 18:42:47,209 log 30680 6096 Not Found: /.well-known/appspecific/com.chrome.devtools.json
WARNING 2026-03-14 18:42:47,285 basehttp 30680 6096 "GET /.well-known/appspecific/com.chrome.devtools.json HTTP/1.1" 404 3130
WARNING 2026-03-14 18:43:14,099 log 30680 30596 Not Found: /.well-known/appspecific/com.chrome.devtools.json
WARNING 2026-03-14 18:43:14,157 basehttp 30680 30596 "GET /.well-known/appspecific/com.chrome.devtools.json HTTP/1.1" 404 3130
WARNING 2026-03-16 22:21:25,306 log 23572 8800 Not Found: /favicon.ico
WARNING 2026-03-16 22:21:25,353 basehttp 23572 8800 "GET /favicon.ico HTTP/1.1" 404 3019
WARNING 2026-03-17 00:11:53,724 log 16820 9632 Not Found: /favicon.ico
WARNING 2026-03-17 00:11:53,730 basehttp 16820 9632 "GET /favicon.ico HTTP/1.1" 404 3019
WARNING 2026-03-17 00:42:43,863 log 16820 12592 Not Found: /favicon.ico
WARNING 2026-03-17 00:42:43,874 basehttp 16820 12592 "GET /favicon.ico HTTP/1.1" 404 3019
WARNING 2026-03-18 15:03:33,185 log 3208 23176 Not Found: /favicon.ico
WARNING 2026-03-18 15:03:33,297 basehttp 3208 23176 "GET /favicon.ico HTTP/1.1" 404 3019
WARNING 2026-03-18 15:13:52,510 log 3208 28856 Not Found: /.well-known/appspecific/com.chrome.devtools.json
WARNING 2026-03-18 15:13:52,539 basehttp 3208 28856 "GET /.well-known/appspecific/com.chrome.devtools.json HTTP/1.1" 404 3130
WARNING 2026-03-25 22:18:03,246 log 23200 19600 Not Found: /favicon.ico
WARNING 2026-03-25 22:18:03,293 basehttp 23200 19600 "GET /favicon.ico HTTP/1.1" 404 3019
WARNING 2026-03-25 22:18:03,376 log 23200 19600 Not Found: /favicon.ico
WARNING 2026-03-25 22:18:03,394 basehttp 23200 19600 "GET /favicon.ico HTTP/1.1" 404 3019
WARNING 2026-03-28 16:52:28,026 log 25544 4712 Not Found: /favicon.ico
WARNING 2026-03-28 16:52:28,111 basehttp 25544 4712 "GET /favicon.ico HTTP/1.1" 404 3019
WARNING 2026-03-29 16:10:24,556 log 14812 10608 Not Found: /favicon.ico
WARNING 2026-03-29 16:10:24,692 basehttp 14812 10608 "GET /favicon.ico HTTP/1.1" 404 3019
WARNING 2026-03-29 16:10:24,728 log 14812 25156 Not Found: /favicon.ico
WARNING 2026-03-29 16:10:24,743 basehttp 14812 25156 "GET /favicon.ico HTTP/1.1" 404 3019
WARNING 2026-03-29 16:26:31,455 log 12560 24220 Not Found: /favicon.ico
WARNING 2026-03-29 16:26:31,601 basehttp 12560 24220 "GET /favicon.ico HTTP/1.1" 404 3019
WARNING 2026-03-29 17:15:28,774 log 12560 24636 Not Found: /favicon.ico
WARNING 2026-03-29 17:15:28,898 basehttp 12560 24636 "GET /favicon.ico HTTP/1.1" 404 3019
WARNING 2026-04-19 09:21:41,553 log 11080 17812 Not Found: /favicon.ico
WARNING 2026-04-19 09:21:41,604 basehttp 11080 17812 "GET /favicon.ico HTTP/1.1" 404 3019
WARNING 2026-04-19 09:35:18,192 log 11080 19152 Not Found: /.well-known/appspecific/com.chrome.devtools.json
WARNING 2026-04-19 09:35:18,204 basehttp 11080 19152 "GET /.well-known/appspecific/com.chrome.devtools.json HTTP/1.1" 404 3130
WARNING 2026-04-19 09:47:11,369 log 11080 22280 Not Found: /favicon.ico
WARNING 2026-04-19 09:47:11,373 basehttp 11080 22280 "GET /favicon.ico HTTP/1.1" 404 3019
WARNING 2026-04-19 10:12:28,008 log 11080 23496 Not Found: /favicon.ico
WARNING 2026-04-19 10:12:28,065 basehttp 11080 23496 "GET /favicon.ico HTTP/1.1" 404 3019
WARNING 2026-04-30 22:11:45,008 log 1544 3888 Not Found: /favicon.ico
WARNING 2026-04-30 22:11:45,083 basehttp 1544 3888 "GET /favicon.ico HTTP/1.1" 404 3019
WARNING 2026-04-30 22:27:15,782 log 23672 4632 Not Found: /favicon.ico
WARNING 2026-04-30 22:27:15,783 basehttp 23672 4632 "GET /favicon.ico HTTP/1.1" 404 3019
WARNING 2026-04-30 22:42:08,692 log 23672 24500 Not Found: /favicon.ico
WARNING 2026-04-30 22:42:08,702 basehttp 23672 24500 "GET /favicon.ico HTTP/1.1" 404 3019
WARNING 2026-04-30 22:44:22,853 log 23672 24500 Not Found: /.well-known/appspecific/com.chrome.devtools.json
WARNING 2026-04-30 22:44:22,863 basehttp 23672 24500 "GET /.well-known/appspecific/com.chrome.devtools.json HTTP/1.1" 404 3130
WARNING 2026-04-30 23:03:30,221 log 23672 10232 Not Found: /.well-known/appspecific/com.chrome.devtools.json
WARNING 2026-04-30 23:03:30,594 basehttp 23672 10232 "GET /.well-known/appspecific/com.chrome.devtools.json HTTP/1.1" 404 3130
WARNING 2026-04-30 23:08:44,200 log 23672 10232 Not Found: /.well-known/appspecific/com.chrome.devtools.json
WARNING 2026-04-30 23:08:44,246 basehttp 23672 10232 "GET /.well-known/appspecific/com.chrome.devtools.json HTTP/1.1" 404 3130
WARNING 2026-04-30 23:09:05,995 log 23672 10232 Not Found: /.well-known/appspecific/com.chrome.devtools.json
WARNING 2026-04-30 23:09:06,072 basehttp 23672 10232 "GET /.well-known/appspecific/com.chrome.devtools.json HTTP/1.1" 404 3130
WARNING 2026-04-30 23:09:18,582 log 23672 17128 Not Found: /.well-known/appspecific/com.chrome.devtools.json
WARNING 2026-04-30 23:09:18,593 basehttp 23672 17128 "GET /.well-known/appspecific/com.chrome.devtools.json HTTP/1.1" 404 3130
WARNING 2026-04-30 23:09:38,859 log 23672 17128 Not Found: /.well-known/appspecific/com.chrome.devtools.json
WARNING 2026-04-30 23:09:39,109 basehttp 23672 17128 "GET /.well-known/appspecific/com.chrome.devtools.json HTTP/1.1" 404 3130
WARNING 2026-05-01 10:44:21,232 log 10688 17224 Not Found: /favicon.ico
WARNING 2026-05-01 10:44:21,465 basehttp 10688 17224 "GET /favicon.ico HTTP/1.1" 404 3019
ERROR 2026-05-01 21:16:32,376 log 27536 11768 Internal Server Error: /accounts/emergency-settings/
Traceback (most recent call last):
  File "C:\Users\BHAGWANJHA\AppData\Local\Programs\Python\Python313\Lib\site-packages\django\core\handlers\exception.py", line 55, in inner
    response = get_response(request)
  File "C:\Users\BHAGWANJHA\AppData\Local\Programs\Python\Python313\Lib\site-packages\django\core\handlers\base.py", line 197, in _get_response
    response = wrapped_callback(request, *callback_args, **callback_kwargs)
  File "C:\Users\BHAGWANJHA\AppData\Local\Programs\Python\Python313\Lib\site-packages\django\contrib\auth\decorators.py", line 23, in _wrapper_view
    return view_func(request, *args, **kwargs)
  File "C:\Users\BHAGWANJHA\AppData\Local\Programs\Python\Python313\Lib\site-packages\django\views\decorators\http.py", line 43, in inner
    return func(request, *args, **kwargs)
  File "E:\Resume_Projects\accessafter\accounts\views.py", line 869, in emergency_settings_view
    recent_checkins = emergency_settings.check_in_records.all()[:10]
                      ^^^^^^^^^^^^^^^^^^^^^^^^^^^^^^^^^^^
AttributeError: 'EmergencySettings' object has no attribute 'check_in_records'
ERROR 2026-05-01 21:16:32,385 basehttp 27536 11768 "GET /accounts/emergency-settings/ HTTP/1.1" 500 90965
WARNING 2026-05-01 21:26:03,812 log 25372 5724 Not Found: /favicon.ico
WARNING 2026-05-01 21:26:03,838 basehttp 25372 5724 "GET /favicon.ico HTTP/1.1" 404 3019
ERROR 2026-05-01 23:52:19,187 log 6068 30012 Internal Server Error: /accounts/emergency-settings/
Traceback (most recent call last):
  File "C:\Users\BHAGWANJHA\AppData\Local\Programs\Python\Python313\Lib\site-packages\django\core\handlers\exception.py", line 55, in inner
    response = get_response(request)
  File "C:\Users\BHAGWANJHA\AppData\Local\Programs\Python\Python313\Lib\site-packages\django\core\handlers\base.py", line 197, in _get_response
    response = wrapped_callback(request, *callback_args, **callback_kwargs)
  File "C:\Users\BHAGWANJHA\AppData\Local\Programs\Python\Python313\Lib\site-packages\django\contrib\auth\decorators.py", line 23, in _wrapper_view
    return view_func(request, *args, **kwargs)
  File "C:\Users\BHAGWANJHA\AppData\Local\Programs\Python\Python313\Lib\site-packages\django\views\decorators\http.py", line 43, in inner
    return func(request, *args, **kwargs)
  File "E:\Resume_Projects\accessafter\accounts\views.py", line 877, in emergency_settings_view
    return render(request, 'accounts/emergency_settings.html', context)
  File "C:\Users\BHAGWANJHA\AppData\Local\Programs\Python\Python313\Lib\site-packages\django\shortcuts.py", line 24, in render
    content = loader.render_to_string(template_name, context, request, using=using)
  File "C:\Users\BHAGWANJHA\AppData\Local\Programs\Python\Python313\Lib\site-packages\django\template\loader.py", line 61, in render_to_string
    template = get_template(template_name, using=using)
  File "C:\Users\BHAGWANJHA\AppData\Local\Programs\Python\Python313\Lib\site-packages\django\template\loader.py", line 15, in get_template
    return engine.get_template(template_name)
           ~~~~~~~~~~~~~~~~~~~^^^^^^^^^^^^^^^
  File "C:\Users\BHAGWANJHA\AppData\Local\Programs\Python\Python313\Lib\site-packages\django\template\backends\django.py", line 33, in get_template
    return Template(self.engine.get_template(template_name), self)
                    ~~~~~~~~~~~~~~~~~~~~~~~~^^^^^^^^^^^^^^^
  File "C:\Users\BHAGWANJHA\AppData\Local\Programs\Python\Python313\Lib\site-packages\django\template\engine.py", line 175, in get_template
    template, origin = self.find_template(template_name)
                       ~~~~~~~~~~~~~~~~~~^^^^^^^^^^^^^^^
  File "C:\Users\BHAGWANJHA\AppData\Local\Programs\Python\Python313\Lib\site-packages\django\template\engine.py", line 157, in find_template
    template = loader.get_template(name, skip=skip)
  File "C:\Users\BHAGWANJHA\AppData\Local\Programs\Python\Python313\Lib\site-packages\django\template\loaders\cached.py", line 57, in get_template
    template = super().get_template(template_name, skip)
  File "C:\Users\BHAGWANJHA\AppData\Local\Programs\Python\Python313\Lib\site-packages\django\template\loaders\base.py", line 28, in get_template
    return Template(
        contents,
    ...<2 lines>...
        self.engine,
    )
  File "C:\Users\BHAGWANJHA\AppData\Local\Programs\Python\Python313\Lib\site-packages\django\template\base.py", line 154, in __init__
    self.nodelist = self.compile_nodelist()
                    ~~~~~~~~~~~~~~~~~~~~~^^
  File "C:\Users\BHAGWANJHA\AppData\Local\Programs\Python\Python313\Lib\site-packages\django\template\base.py", line 200, in compile_nodelist
    return parser.parse()
           ~~~~~~~~~~~~^^
  File "C:\Users\BHAGWANJHA\AppData\Local\Programs\Python\Python313\Lib\site-packages\django\template\base.py", line 513, in parse
    raise self.error(token, e)
  File "C:\Users\BHAGWANJHA\AppData\Local\Programs\Python\Python313\Lib\site-packages\django\template\base.py", line 511, in parse
    compiled_result = compile_func(self, token)
  File "C:\Users\BHAGWANJHA\AppData\Local\Programs\Python\Python313\Lib\site-packages\django\template\loader_tags.py", line 293, in do_extends
    nodelist = parser.parse()
  File "C:\Users\BHAGWANJHA\AppData\Local\Programs\Python\Python313\Lib\site-packages\django\template\base.py", line 513, in parse
    raise self.error(token, e)
  File "C:\Users\BHAGWANJHA\AppData\Local\Programs\Python\Python313\Lib\site-packages\django\template\base.py", line 511, in parse
    compiled_result = compile_func(self, token)
  File "C:\Users\BHAGWANJHA\AppData\Local\Programs\Python\Python313\Lib\site-packages\django\template\loader_tags.py", line 293, in do_extends
    nodelist = parser.parse()
  File "C:\Users\BHAGWANJHA\AppData\Local\Programs\Python\Python313\Lib\site-packages\django\template\base.py", line 513, in parse
    raise self.error(token, e)
  File "C:\Users\BHAGWANJHA\AppData\Local\Programs\Python\Python313\Lib\site-packages\django\template\base.py", line 511, in parse
    compiled_result = compile_func(self, token)
  File "C:\Users\BHAGWANJHA\AppData\Local\Programs\Python\Python313\Lib\site-packages\django\template\loader_tags.py", line 232, in do_block
    nodelist = parser.parse(("endblock",))
  File "C:\Users\BHAGWANJHA\AppData\Local\Programs\Python\Python313\Lib\site-packages\django\template\base.py", line 513, in parse
    raise self.error(token, e)
  File "C:\Users\BHAGWANJHA\AppData\Local\Programs\Python\Python313\Lib\site-packages\django\template\base.py", line 511, in parse
    compiled_result = compile_func(self, token)
  File "C:\Users\BHAGWANJHA\AppData\Local\Programs\Python\Python313\Lib\site-packages\django\template\defaulttags.py", line 953, in do_if
    nodelist = parser.parse(("elif", "else", "endif"))
  File "C:\Users\BHAGWANJHA\AppData\Local\Programs\Python\Python313\Lib\site-packages\django\template\base.py", line 484, in parse
    raise self.error(token, e)
  File "C:\Users\BHAGWANJHA\AppData\Local\Programs\Python\Python313\Lib\site-packages\django\template\base.py", line 482, in parse
    filter_expression = self.compile_filter(token.contents)
  File "C:\Users\BHAGWANJHA\AppData\Local\Programs\Python\Python313\Lib\site-packages\django\template\base.py", line 600, in compile_filter
    return FilterExpression(token, self)
  File "C:\Users\BHAGWANJHA\AppData\Local\Programs\Python\Python313\Lib\site-packages\django\template\base.py", line 698, in __init__
    filter_func = parser.find_filter(filter_name)
  File "C:\Users\BHAGWANJHA\AppData\Local\Programs\Python\Python313\Lib\site-packages\django\template\base.py", line 606, in find_filter
    raise TemplateSyntaxError("Invalid filter: '%s'" % filter_name)
django.template.exceptions.TemplateSyntaxError: Invalid filter: 'replace'
ERROR 2026-05-01 23:52:19,327 basehttp 6068 30012 "GET /accounts/emergency-settings/ HTTP/1.1" 500 357720
ERROR 2026-05-02 00:13:12,502 log 6068 29084 Internal Server Error: /accounts/emergency-settings/
Traceback (most recent call last):
  File "C:\Users\BHAGWANJHA\AppData\Local\Programs\Python\Python313\Lib\site-packages\django\core\handlers\exception.py", line 55, in inner
    response = get_response(request)
  File "C:\Users\BHAGWANJHA\AppData\Local\Programs\Python\Python313\Lib\site-packages\django\core\handlers\base.py", line 197, in _get_response
    response = wrapped_callback(request, *callback_args, **callback_kwargs)
  File "C:\Users\BHAGWANJHA\AppData\Local\Programs\Python\Python313\Lib\site-packages\django\contrib\auth\decorators.py", line 23, in _wrapper_view
    return view_func(request, *args, **kwargs)
  File "C:\Users\BHAGWANJHA\AppData\Local\Programs\Python\Python313\Lib\site-packages\django\views\decorators\http.py", line 43, in inner
    return func(request, *args, **kwargs)
  File "E:\Resume_Projects\accessafter\accounts\views.py", line 877, in emergency_settings_view
    return render(request, 'accounts/emergency_settings.html', context)
  File "C:\Users\BHAGWANJHA\AppData\Local\Programs\Python\Python313\Lib\site-packages\django\shortcuts.py", line 24, in render
    content = loader.render_to_string(template_name, context, request, using=using)
  File "C:\Users\BHAGWANJHA\AppData\Local\Programs\Python\Python313\Lib\site-packages\django\template\loader.py", line 61, in render_to_string
    template = get_template(template_name, using=using)
  File "C:\Users\BHAGWANJHA\AppData\Local\Programs\Python\Python313\Lib\site-packages\django\template\loader.py", line 19, in get_template
    raise TemplateDoesNotExist(template_name, chain=chain)
django.template.exceptions.TemplateDoesNotExist: accounts/emergency_settings.html
ERROR 2026-05-02 00:13:12,517 basehttp 6068 29084 "GET /accounts/emergency-settings/ HTTP/1.1" 500 107895
ERROR 2026-05-02 00:13:19,081 log 6068 29084 Internal Server Error: /accounts/emergency-settings/
Traceback (most recent call last):
  File "C:\Users\BHAGWANJHA\AppData\Local\Programs\Python\Python313\Lib\site-packages\django\core\handlers\exception.py", line 55, in inner
    response = get_response(request)
  File "C:\Users\BHAGWANJHA\AppData\Local\Programs\Python\Python313\Lib\site-packages\django\core\handlers\base.py", line 197, in _get_response
    response = wrapped_callback(request, *callback_args, **callback_kwargs)
  File "C:\Users\BHAGWANJHA\AppData\Local\Programs\Python\Python313\Lib\site-packages\django\contrib\auth\decorators.py", line 23, in _wrapper_view
    return view_func(request, *args, **kwargs)
  File "C:\Users\BHAGWANJHA\AppData\Local\Programs\Python\Python313\Lib\site-packages\django\views\decorators\http.py", line 43, in inner
    return func(request, *args, **kwargs)
  File "E:\Resume_Projects\accessafter\accounts\views.py", line 877, in emergency_settings_view
    return render(request, 'accounts/emergency_settings.html', context)
  File "C:\Users\BHAGWANJHA\AppData\Local\Programs\Python\Python313\Lib\site-packages\django\shortcuts.py", line 24, in render
    content = loader.render_to_string(template_name, context, request, using=using)
  File "C:\Users\BHAGWANJHA\AppData\Local\Programs\Python\Python313\Lib\site-packages\django\template\loader.py", line 61, in render_to_string
    template = get_template(template_name, using=using)
  File "C:\Users\BHAGWANJHA\AppData\Local\Programs\Python\Python313\Lib\site-packages\django\template\loader.py", line 19, in get_template
    raise TemplateDoesNotExist(template_name, chain=chain)
django.template.exceptions.TemplateDoesNotExist: accounts/emergency_settings.html
ERROR 2026-05-02 00:13:19,177 basehttp 6068 29084 "GET /accounts/emergency-settings/ HTTP/1.1" 500 107895
ERROR 2026-05-02 00:43:59,992 log 6068 26444 Internal Server Error: /accounts/emergency-settings/
Traceback (most recent call last):
  File "C:\Users\BHAGWANJHA\AppData\Local\Programs\Python\Python313\Lib\site-packages\django\core\handlers\exception.py", line 55, in inner
    response = get_response(request)
  File "C:\Users\BHAGWANJHA\AppData\Local\Programs\Python\Python313\Lib\site-packages\django\core\handlers\base.py", line 197, in _get_response
    response = wrapped_callback(request, *callback_args, **callback_kwargs)
  File "C:\Users\BHAGWANJHA\AppData\Local\Programs\Python\Python313\Lib\site-packages\django\contrib\auth\decorators.py", line 23, in _wrapper_view
    return view_func(request, *args, **kwargs)
  File "C:\Users\BHAGWANJHA\AppData\Local\Programs\Python\Python313\Lib\site-packages\django\views\decorators\http.py", line 43, in inner
    return func(request, *args, **kwargs)
  File "E:\Resume_Projects\accessafter\accounts\views.py", line 877, in emergency_settings_view
    return render(request, 'accounts/emergency_settings.html', context)
  File "C:\Users\BHAGWANJHA\AppData\Local\Programs\Python\Python313\Lib\site-packages\django\shortcuts.py", line 24, in render
    content = loader.render_to_string(template_name, context, request, using=using)
  File "C:\Users\BHAGWANJHA\AppData\Local\Programs\Python\Python313\Lib\site-packages\django\template\loader.py", line 61, in render_to_string
    template = get_template(template_name, using=using)
  File "C:\Users\BHAGWANJHA\AppData\Local\Programs\Python\Python313\Lib\site-packages\django\template\loader.py", line 19, in get_template
    raise TemplateDoesNotExist(template_name, chain=chain)
django.template.exceptions.TemplateDoesNotExist: accounts/emergency_settings.html
ERROR 2026-05-02 00:44:00,081 basehttp 6068 26444 "GET /accounts/emergency-settings/ HTTP/1.1" 500 107758
ERROR 2026-05-02 00:44:11,352 log 6068 26444 Internal Server Error: /accounts/emergency-settings/
Traceback (most recent call last):
  File "C:\Users\BHAGWANJHA\AppData\Local\Programs\Python\Python313\Lib\site-packages\django\core\handlers\exception.py", line 55, in inner
    response = get_response(request)
  File "C:\Users\BHAGWANJHA\AppData\Local\Programs\Python\Python313\Lib\site-packages\django\core\handlers\base.py", line 197, in _get_response
    response = wrapped_callback(request, *callback_args, **callback_kwargs)
  File "C:\Users\BHAGWANJHA\AppData\Local\Programs\Python\Python313\Lib\site-packages\django\contrib\auth\decorators.py", line 23, in _wrapper_view
    return view_func(request, *args, **kwargs)
  File "C:\Users\BHAGWANJHA\AppData\Local\Programs\Python\Python313\Lib\site-packages\django\views\decorators\http.py", line 43, in inner
    return func(request, *args, **kwargs)
  File "E:\Resume_Projects\accessafter\accounts\views.py", line 877, in emergency_settings_view
    return render(request, 'accounts/emergency_settings.html', context)
  File "C:\Users\BHAGWANJHA\AppData\Local\Programs\Python\Python313\Lib\site-packages\django\shortcuts.py", line 24, in render
    content = loader.render_to_string(template_name, context, request, using=using)
  File "C:\Users\BHAGWANJHA\AppData\Local\Programs\Python\Python313\Lib\site-packages\django\template\loader.py", line 61, in render_to_string
    template = get_template(template_name, using=using)
  File "C:\Users\BHAGWANJHA\AppData\Local\Programs\Python\Python313\Lib\site-packages\django\template\loader.py", line 19, in get_template
    raise TemplateDoesNotExist(template_name, chain=chain)
django.template.exceptions.TemplateDoesNotExist: accounts/emergency_settings.html
ERROR 2026-05-02 00:44:11,358 basehttp 6068 26444 "GET /accounts/emergency-settings/ HTTP/1.1" 500 107895
ERROR 2026-05-02 00:44:13,129 log 6068 26444 Internal Server Error: /accounts/emergency-settings/
Traceback (most recent call last):
  File "C:\Users\BHAGWANJHA\AppData\Local\Programs\Python\Python313\Lib\site-packages\django\core\handlers\exception.py", line 55, in inner
    response = get_response(request)
  File "C:\Users\BHAGWANJHA\AppData\Local\Programs\Python\Python313\Lib\site-packages\django\core\handlers\base.py", line 197, in _get_response
    response = wrapped_callback(request, *callback_args, **callback_kwargs)
  File "C:\Users\BHAGWANJHA\AppData\Local\Programs\Python\Python313\Lib\site-packages\django\contrib\auth\decorators.py", line 23, in _wrapper_view
    return view_func(request, *args, **kwargs)
  File "C:\Users\BHAGWANJHA\AppData\Local\Programs\Python\Python313\Lib\site-packages\django\views\decorators\http.py", line 43, in inner
    return func(request, *args, **kwargs)
  File "E:\Resume_Projects\accessafter\accounts\views.py", line 877, in emergency_settings_view
    return render(request, 'accounts/emergency_settings.html', context)
  File "C:\Users\BHAGWANJHA\AppData\Local\Programs\Python\Python313\Lib\site-packages\django\shortcuts.py", line 24, in render
    content = loader.render_to_string(template_name, context, request, using=using)
  File "C:\Users\BHAGWANJHA\AppData\Local\Programs\Python\Python313\Lib\site-packages\django\template\loader.py", line 61, in render_to_string
    template = get_template(template_name, using=using)
  File "C:\Users\BHAGWANJHA\AppData\Local\Programs\Python\Python313\Lib\site-packages\django\template\loader.py", line 19, in get_template
    raise TemplateDoesNotExist(template_name, chain=chain)
django.template.exceptions.TemplateDoesNotExist: accounts/emergency_settings.html
ERROR 2026-05-02 00:44:13,135 basehttp 6068 26444 "GET /accounts/emergency-settings/ HTTP/1.1" 500 108023
WARNING 2026-05-02 00:44:13,437 log 6068 26444 Not Found: /favicon.ico
WARNING 2026-05-02 00:44:13,440 basehttp 6068 26444 "GET /favicon.ico HTTP/1.1" 404 3019
ERROR 2026-05-02 00:44:40,106 log 30608 26992 Internal Server Error: /accounts/emergency-settings/
Traceback (most recent call last):
  File "C:\Users\BHAGWANJHA\AppData\Local\Programs\Python\Python313\Lib\site-packages\django\core\handlers\exception.py", line 55, in inner
    response = get_response(request)
  File "C:\Users\BHAGWANJHA\AppData\Local\Programs\Python\Python313\Lib\site-packages\django\core\handlers\base.py", line 197, in _get_response
    response = wrapped_callback(request, *callback_args, **callback_kwargs)
  File "C:\Users\BHAGWANJHA\AppData\Local\Programs\Python\Python313\Lib\site-packages\django\contrib\auth\decorators.py", line 23, in _wrapper_view
    return view_func(request, *args, **kwargs)
  File "C:\Users\BHAGWANJHA\AppData\Local\Programs\Python\Python313\Lib\site-packages\django\views\decorators\http.py", line 43, in inner
    return func(request, *args, **kwargs)
  File "E:\Resume_Projects\accessafter\accounts\views.py", line 877, in emergency_settings_view
    return render(request, 'accounts/emergency_settings.html', context)
  File "C:\Users\BHAGWANJHA\AppData\Local\Programs\Python\Python313\Lib\site-packages\django\shortcuts.py", line 24, in render
    content = loader.render_to_string(template_name, context, request, using=using)
  File "C:\Users\BHAGWANJHA\AppData\Local\Programs\Python\Python313\Lib\site-packages\django\template\loader.py", line 61, in render_to_string
    template = get_template(template_name, using=using)
  File "C:\Users\BHAGWANJHA\AppData\Local\Programs\Python\Python313\Lib\site-packages\django\template\loader.py", line 19, in get_template
    raise TemplateDoesNotExist(template_name, chain=chain)
django.template.exceptions.TemplateDoesNotExist: accounts/emergency_settings.html
ERROR 2026-05-02 00:44:40,118 basehttp 30608 26992 "GET /accounts/emergency-settings/ HTTP/1.1" 500 107758
ERROR 2026-05-02 01:35:51,544 log 19016 5020 Internal Server Error: /accounts/emergency-settings/
Traceback (most recent call last):
  File "C:\Users\BHAGWANJHA\AppData\Local\Programs\Python\Python313\Lib\site-packages\django\core\handlers\exception.py", line 55, in inner
    response = get_response(request)
  File "C:\Users\BHAGWANJHA\AppData\Local\Programs\Python\Python313\Lib\site-packages\django\core\handlers\base.py", line 197, in _get_response
    response = wrapped_callback(request, *callback_args, **callback_kwargs)
  File "C:\Users\BHAGWANJHA\AppData\Local\Programs\Python\Python313\Lib\site-packages\django\contrib\auth\decorators.py", line 23, in _wrapper_view
    return view_func(request, *args, **kwargs)
  File "C:\Users\BHAGWANJHA\AppData\Local\Programs\Python\Python313\Lib\site-packages\django\views\decorators\http.py", line 43, in inner
    return func(request, *args, **kwargs)
  File "E:\Resume_Projects\accessafter\accounts\views.py", line 835, in emergency_settings_view
    emergency_settings.last_check_in = timezone.now()
                                       ^^^^^^^^
NameError: name 'timezone' is not defined
ERROR 2026-05-02 01:35:51,579 basehttp 19016 5020 "POST /accounts/emergency-settings/ HTTP/1.1" 500 93568
WARNING 2026-05-03 23:40:10,420 log 12724 27364 Not Found: /favicon.ico
WARNING 2026-05-03 23:40:10,526 basehttp 12724 27364 "GET /favicon.ico HTTP/1.1" 404 3019
WARNING 2026-05-04 00:08:55,987 log 19288 12760 Not Found: /favicon.ico
WARNING 2026-05-04 00:08:56,010 basehttp 19288 12760 "GET /favicon.ico HTTP/1.1" 404 3019
ERROR 2026-05-04 00:20:48,789 log 19288 19100 Internal Server Error: /accounts/verify-reset-otp/
Traceback (most recent call last):
  File "C:\Users\BHAGWANJHA\AppData\Local\Programs\Python\Python313\Lib\site-packages\django\core\handlers\exception.py", line 55, in inner
    response = get_response(request)
  File "C:\Users\BHAGWANJHA\AppData\Local\Programs\Python\Python313\Lib\site-packages\django\core\handlers\base.py", line 197, in _get_response
    response = wrapped_callback(request, *callback_args, **callback_kwargs)
  File "C:\Users\BHAGWANJHA\AppData\Local\Programs\Python\Python313\Lib\site-packages\django\utils\decorators.py", line 134, in _wrapper_view
    response = view_func(request, *args, **kwargs)
  File "C:\Users\BHAGWANJHA\AppData\Local\Programs\Python\Python313\Lib\site-packages\django\views\decorators\http.py", line 43, in inner
    return func(request, *args, **kwargs)
  File "E:\Resume_Projects\accessafter\accounts\views.py", line 742, in verify_reset_otp_view
    return render(request, 'accounts/verify_reset_otp.html', {'email': email})
  File "C:\Users\BHAGWANJHA\AppData\Local\Programs\Python\Python313\Lib\site-packages\django\shortcuts.py", line 24, in render
    content = loader.render_to_string(template_name, context, request, using=using)
  File "C:\Users\BHAGWANJHA\AppData\Local\Programs\Python\Python313\Lib\site-packages\django\template\loader.py", line 61, in render_to_string
    template = get_template(template_name, using=using)
  File "C:\Users\BHAGWANJHA\AppData\Local\Programs\Python\Python313\Lib\site-packages\django\template\loader.py", line 15, in get_template
    return engine.get_template(template_name)
           ~~~~~~~~~~~~~~~~~~~^^^^^^^^^^^^^^^
  File "C:\Users\BHAGWANJHA\AppData\Local\Programs\Python\Python313\Lib\site-packages\django\template\backends\django.py", line 33, in get_template
    return Template(self.engine.get_template(template_name), self)
                    ~~~~~~~~~~~~~~~~~~~~~~~~^^^^^^^^^^^^^^^
  File "C:\Users\BHAGWANJHA\AppData\Local\Programs\Python\Python313\Lib\site-packages\django\template\engine.py", line 175, in get_template
    template, origin = self.find_template(template_name)
                       ~~~~~~~~~~~~~~~~~~^^^^^^^^^^^^^^^
  File "C:\Users\BHAGWANJHA\AppData\Local\Programs\Python\Python313\Lib\site-packages\django\template\engine.py", line 157, in find_template
    template = loader.get_template(name, skip=skip)
  File "C:\Users\BHAGWANJHA\AppData\Local\Programs\Python\Python313\Lib\site-packages\django\template\loaders\cached.py", line 57, in get_template
    template = super().get_template(template_name, skip)
  File "C:\Users\BHAGWANJHA\AppData\Local\Programs\Python\Python313\Lib\site-packages\django\template\loaders\base.py", line 28, in get_template
    return Template(
        contents,
    ...<2 lines>...
        self.engine,
    )
  File "C:\Users\BHAGWANJHA\AppData\Local\Programs\Python\Python313\Lib\site-packages\django\template\base.py", line 154, in __init__
    self.nodelist = self.compile_nodelist()
                    ~~~~~~~~~~~~~~~~~~~~~^^
  File "C:\Users\BHAGWANJHA\AppData\Local\Programs\Python\Python313\Lib\site-packages\django\template\base.py", line 200, in compile_nodelist
    return parser.parse()
           ~~~~~~~~~~~~^^
  File "C:\Users\BHAGWANJHA\AppData\Local\Programs\Python\Python313\Lib\site-packages\django\template\base.py", line 513, in parse
    raise self.error(token, e)
  File "C:\Users\BHAGWANJHA\AppData\Local\Programs\Python\Python313\Lib\site-packages\django\template\base.py", line 511, in parse
    compiled_result = compile_func(self, token)
  File "C:\Users\BHAGWANJHA\AppData\Local\Programs\Python\Python313\Lib\site-packages\django\template\loader_tags.py", line 293, in do_extends
    nodelist = parser.parse()
  File "C:\Users\BHAGWANJHA\AppData\Local\Programs\Python\Python313\Lib\site-packages\django\template\base.py", line 513, in parse
    raise self.error(token, e)
  File "C:\Users\BHAGWANJHA\AppData\Local\Programs\Python\Python313\Lib\site-packages\django\template\base.py", line 511, in parse
    compiled_result = compile_func(self, token)
  File "C:\Users\BHAGWANJHA\AppData\Local\Programs\Python\Python313\Lib\site-packages\django\template\loader_tags.py", line 232, in do_block
    nodelist = parser.parse(("endblock",))
  File "C:\Users\BHAGWANJHA\AppData\Local\Programs\Python\Python313\Lib\site-packages\django\template\base.py", line 518, in parse
    self.unclosed_block_tag(parse_until)
    ~~~~~~~~~~~~~~~~~~~~~~~^^^^^^^^^^^^^
  File "C:\Users\BHAGWANJHA\AppData\Local\Programs\Python\Python313\Lib\site-packages\django\template\base.py", line 581, in unclosed_block_tag
    raise self.error(token, msg)
django.template.exceptions.TemplateSyntaxError: Unclosed tag on line 1: 'block'. Looking for one of: endblock.
ERROR 2026-05-04 00:20:48,910 basehttp 19288 19100 "GET /accounts/verify-reset-otp/ HTTP/1.1" 500 191772
ERROR 2026-05-04 00:22:19,356 log 13940 18936 Internal Server Error: /accounts/verify-reset-otp/
Traceback (most recent call last):
  File "C:\Users\BHAGWANJHA\AppData\Local\Programs\Python\Python313\Lib\site-packages\django\core\handlers\exception.py", line 55, in inner
    response = get_response(request)
  File "C:\Users\BHAGWANJHA\AppData\Local\Programs\Python\Python313\Lib\site-packages\django\core\handlers\base.py", line 197, in _get_response
    response = wrapped_callback(request, *callback_args, **callback_kwargs)
  File "C:\Users\BHAGWANJHA\AppData\Local\Programs\Python\Python313\Lib\site-packages\django\utils\decorators.py", line 134, in _wrapper_view
    response = view_func(request, *args, **kwargs)
  File "C:\Users\BHAGWANJHA\AppData\Local\Programs\Python\Python313\Lib\site-packages\django\views\decorators\http.py", line 43, in inner
    return func(request, *args, **kwargs)
  File "E:\Resume_Projects\accessafter\accounts\views.py", line 742, in verify_reset_otp_view
    return render(request, 'accounts/verify_reset_otp.html', {'email': email})
  File "C:\Users\BHAGWANJHA\AppData\Local\Programs\Python\Python313\Lib\site-packages\django\shortcuts.py", line 24, in render
    content = loader.render_to_string(template_name, context, request, using=using)
  File "C:\Users\BHAGWANJHA\AppData\Local\Programs\Python\Python313\Lib\site-packages\django\template\loader.py", line 61, in render_to_string
    template = get_template(template_name, using=using)
  File "C:\Users\BHAGWANJHA\AppData\Local\Programs\Python\Python313\Lib\site-packages\django\template\loader.py", line 15, in get_template
    return engine.get_template(template_name)
           ~~~~~~~~~~~~~~~~~~~^^^^^^^^^^^^^^^
  File "C:\Users\BHAGWANJHA\AppData\Local\Programs\Python\Python313\Lib\site-packages\django\template\backends\django.py", line 33, in get_template
    return Template(self.engine.get_template(template_name), self)
                    ~~~~~~~~~~~~~~~~~~~~~~~~^^^^^^^^^^^^^^^
  File "C:\Users\BHAGWANJHA\AppData\Local\Programs\Python\Python313\Lib\site-packages\django\template\engine.py", line 175, in get_template
    template, origin = self.find_template(template_name)
                       ~~~~~~~~~~~~~~~~~~^^^^^^^^^^^^^^^
  File "C:\Users\BHAGWANJHA\AppData\Local\Programs\Python\Python313\Lib\site-packages\django\template\engine.py", line 157, in find_template
    template = loader.get_template(name, skip=skip)
  File "C:\Users\BHAGWANJHA\AppData\Local\Programs\Python\Python313\Lib\site-packages\django\template\loaders\cached.py", line 57, in get_template
    template = super().get_template(template_name, skip)
  File "C:\Users\BHAGWANJHA\AppData\Local\Programs\Python\Python313\Lib\site-packages\django\template\loaders\base.py", line 28, in get_template
    return Template(
        contents,
    ...<2 lines>...
        self.engine,
    )
  File "C:\Users\BHAGWANJHA\AppData\Local\Programs\Python\Python313\Lib\site-packages\django\template\base.py", line 154, in __init__
    self.nodelist = self.compile_nodelist()
                    ~~~~~~~~~~~~~~~~~~~~~^^
  File "C:\Users\BHAGWANJHA\AppData\Local\Programs\Python\Python313\Lib\site-packages\django\template\base.py", line 200, in compile_nodelist
    return parser.parse()
           ~~~~~~~~~~~~^^
  File "C:\Users\BHAGWANJHA\AppData\Local\Programs\Python\Python313\Lib\site-packages\django\template\base.py", line 513, in parse
    raise self.error(token, e)
  File "C:\Users\BHAGWANJHA\AppData\Local\Programs\Python\Python313\Lib\site-packages\django\template\base.py", line 511, in parse
    compiled_result = compile_func(self, token)
  File "C:\Users\BHAGWANJHA\AppData\Local\Programs\Python\Python313\Lib\site-packages\django\template\loader_tags.py", line 293, in do_extends
    nodelist = parser.parse()
  File "C:\Users\BHAGWANJHA\AppData\Local\Programs\Python\Python313\Lib\site-packages\django\template\base.py", line 513, in parse
    raise self.error(token, e)
  File "C:\Users\BHAGWANJHA\AppData\Local\Programs\Python\Python313\Lib\site-packages\django\template\base.py", line 511, in parse
    compiled_result = compile_func(self, token)
  File "C:\Users\BHAGWANJHA\AppData\Local\Programs\Python\Python313\Lib\site-packages\django\template\loader_tags.py", line 232, in do_block
    nodelist = parser.parse(("endblock",))
  File "C:\Users\BHAGWANJHA\AppData\Local\Programs\Python\Python313\Lib\site-packages\django\template\base.py", line 518, in parse
    self.unclosed_block_tag(parse_until)
    ~~~~~~~~~~~~~~~~~~~~~~~^^^^^^^^^^^^^
  File "C:\Users\BHAGWANJHA\AppData\Local\Programs\Python\Python313\Lib\site-packages\django\template\base.py", line 581, in unclosed_block_tag
    raise self.error(token, msg)
django.template.exceptions.TemplateSyntaxError: Unclosed tag on line 1: 'block'. Looking for one of: endblock.
ERROR 2026-05-04 00:22:19,378 basehttp 13940 18936 "GET /accounts/verify-reset-otp/ HTTP/1.1" 500 191772
ERROR 2026-05-04 00:23:25,177 log 13940 18936 Internal Server Error: /accounts/verify-reset-otp/
Traceback (most recent call last):
  File "C:\Users\BHAGWANJHA\AppData\Local\Programs\Python\Python313\Lib\site-packages\django\core\handlers\exception.py", line 55, in inner
    response = get_response(request)
  File "C:\Users\BHAGWANJHA\AppData\Local\Programs\Python\Python313\Lib\site-packages\django\core\handlers\base.py", line 197, in _get_response
    response = wrapped_callback(request, *callback_args, **callback_kwargs)
  File "C:\Users\BHAGWANJHA\AppData\Local\Programs\Python\Python313\Lib\site-packages\django\utils\decorators.py", line 134, in _wrapper_view
    response = view_func(request, *args, **kwargs)
  File "C:\Users\BHAGWANJHA\AppData\Local\Programs\Python\Python313\Lib\site-packages\django\views\decorators\http.py", line 43, in inner
    return func(request, *args, **kwargs)
  File "E:\Resume_Projects\accessafter\accounts\views.py", line 742, in verify_reset_otp_view
    return render(request, 'accounts/verify_reset_otp.html', {'email': email})
  File "C:\Users\BHAGWANJHA\AppData\Local\Programs\Python\Python313\Lib\site-packages\django\shortcuts.py", line 24, in render
    content = loader.render_to_string(template_name, context, request, using=using)
  File "C:\Users\BHAGWANJHA\AppData\Local\Programs\Python\Python313\Lib\site-packages\django\template\loader.py", line 61, in render_to_string
    template = get_template(template_name, using=using)
  File "C:\Users\BHAGWANJHA\AppData\Local\Programs\Python\Python313\Lib\site-packages\django\template\loader.py", line 15, in get_template
    return engine.get_template(template_name)
           ~~~~~~~~~~~~~~~~~~~^^^^^^^^^^^^^^^
  File "C:\Users\BHAGWANJHA\AppData\Local\Programs\Python\Python313\Lib\site-packages\django\template\backends\django.py", line 33, in get_template
    return Template(self.engine.get_template(template_name), self)
                    ~~~~~~~~~~~~~~~~~~~~~~~~^^^^^^^^^^^^^^^
  File "C:\Users\BHAGWANJHA\AppData\Local\Programs\Python\Python313\Lib\site-packages\django\template\engine.py", line 175, in get_template
    template, origin = self.find_template(template_name)
                       ~~~~~~~~~~~~~~~~~~^^^^^^^^^^^^^^^
  File "C:\Users\BHAGWANJHA\AppData\Local\Programs\Python\Python313\Lib\site-packages\django\template\engine.py", line 157, in find_template
    template = loader.get_template(name, skip=skip)
  File "C:\Users\BHAGWANJHA\AppData\Local\Programs\Python\Python313\Lib\site-packages\django\template\loaders\cached.py", line 57, in get_template
    template = super().get_template(template_name, skip)
  File "C:\Users\BHAGWANJHA\AppData\Local\Programs\Python\Python313\Lib\site-packages\django\template\loaders\base.py", line 28, in get_template
    return Template(
        contents,
    ...<2 lines>...
        self.engine,
    )
  File "C:\Users\BHAGWANJHA\AppData\Local\Programs\Python\Python313\Lib\site-packages\django\template\base.py", line 154, in __init__
    self.nodelist = self.compile_nodelist()
                    ~~~~~~~~~~~~~~~~~~~~~^^
  File "C:\Users\BHAGWANJHA\AppData\Local\Programs\Python\Python313\Lib\site-packages\django\template\base.py", line 200, in compile_nodelist
    return parser.parse()
           ~~~~~~~~~~~~^^
  File "C:\Users\BHAGWANJHA\AppData\Local\Programs\Python\Python313\Lib\site-packages\django\template\base.py", line 513, in parse
    raise self.error(token, e)
  File "C:\Users\BHAGWANJHA\AppData\Local\Programs\Python\Python313\Lib\site-packages\django\template\base.py", line 511, in parse
    compiled_result = compile_func(self, token)
  File "C:\Users\BHAGWANJHA\AppData\Local\Programs\Python\Python313\Lib\site-packages\django\template\loader_tags.py", line 293, in do_extends
    nodelist = parser.parse()
  File "C:\Users\BHAGWANJHA\AppData\Local\Programs\Python\Python313\Lib\site-packages\django\template\base.py", line 513, in parse
    raise self.error(token, e)
  File "C:\Users\BHAGWANJHA\AppData\Local\Programs\Python\Python313\Lib\site-packages\django\template\base.py", line 511, in parse
    compiled_result = compile_func(self, token)
  File "C:\Users\BHAGWANJHA\AppData\Local\Programs\Python\Python313\Lib\site-packages\django\template\loader_tags.py", line 232, in do_block
    nodelist = parser.parse(("endblock",))
  File "C:\Users\BHAGWANJHA\AppData\Local\Programs\Python\Python313\Lib\site-packages\django\template\base.py", line 518, in parse
    self.unclosed_block_tag(parse_until)
    ~~~~~~~~~~~~~~~~~~~~~~~^^^^^^^^^^^^^
  File "C:\Users\BHAGWANJHA\AppData\Local\Programs\Python\Python313\Lib\site-packages\django\template\base.py", line 581, in unclosed_block_tag
    raise self.error(token, msg)
django.template.exceptions.TemplateSyntaxError: Unclosed tag on line 1: 'block'. Looking for one of: endblock.
ERROR 2026-05-04 00:23:25,197 basehttp 13940 18936 "GET /accounts/verify-reset-otp/ HTTP/1.1" 500 191787
ERROR 2026-05-04 00:25:35,297 log 6324 5864 Internal Server Error: /accounts/reset-password-confirm/
Traceback (most recent call last):
  File "C:\Users\BHAGWANJHA\AppData\Local\Programs\Python\Python313\Lib\site-packages\django\core\handlers\exception.py", line 55, in inner
    response = get_response(request)
  File "C:\Users\BHAGWANJHA\AppData\Local\Programs\Python\Python313\Lib\site-packages\django\core\handlers\base.py", line 197, in _get_response
    response = wrapped_callback(request, *callback_args, **callback_kwargs)
  File "C:\Users\BHAGWANJHA\AppData\Local\Programs\Python\Python313\Lib\site-packages\django\utils\decorators.py", line 134, in _wrapper_view
    response = view_func(request, *args, **kwargs)
  File "C:\Users\BHAGWANJHA\AppData\Local\Programs\Python\Python313\Lib\site-packages\django\views\decorators\http.py", line 43, in inner
    return func(request, *args, **kwargs)
  File "E:\Resume_Projects\accessafter\accounts\views.py", line 808, in reset_password_confirm_view
    return render(request, 'accounts/reset_password_confirm.html')
  File "C:\Users\BHAGWANJHA\AppData\Local\Programs\Python\Python313\Lib\site-packages\django\shortcuts.py", line 24, in render
    content = loader.render_to_string(template_name, context, request, using=using)
  File "C:\Users\BHAGWANJHA\AppData\Local\Programs\Python\Python313\Lib\site-packages\django\template\loader.py", line 61, in render_to_string
    template = get_template(template_name, using=using)
  File "C:\Users\BHAGWANJHA\AppData\Local\Programs\Python\Python313\Lib\site-packages\django\template\loader.py", line 15, in get_template
    return engine.get_template(template_name)
           ~~~~~~~~~~~~~~~~~~~^^^^^^^^^^^^^^^
  File "C:\Users\BHAGWANJHA\AppData\Local\Programs\Python\Python313\Lib\site-packages\django\template\backends\django.py", line 33, in get_template
    return Template(self.engine.get_template(template_name), self)
                    ~~~~~~~~~~~~~~~~~~~~~~~~^^^^^^^^^^^^^^^
  File "C:\Users\BHAGWANJHA\AppData\Local\Programs\Python\Python313\Lib\site-packages\django\template\engine.py", line 175, in get_template
    template, origin = self.find_template(template_name)
                       ~~~~~~~~~~~~~~~~~~^^^^^^^^^^^^^^^
  File "C:\Users\BHAGWANJHA\AppData\Local\Programs\Python\Python313\Lib\site-packages\django\template\engine.py", line 157, in find_template
    template = loader.get_template(name, skip=skip)
  File "C:\Users\BHAGWANJHA\AppData\Local\Programs\Python\Python313\Lib\site-packages\django\template\loaders\cached.py", line 57, in get_template
    template = super().get_template(template_name, skip)
  File "C:\Users\BHAGWANJHA\AppData\Local\Programs\Python\Python313\Lib\site-packages\django\template\loaders\base.py", line 28, in get_template
    return Template(
        contents,
    ...<2 lines>...
        self.engine,
    )
  File "C:\Users\BHAGWANJHA\AppData\Local\Programs\Python\Python313\Lib\site-packages\django\template\base.py", line 154, in __init__
    self.nodelist = self.compile_nodelist()
                    ~~~~~~~~~~~~~~~~~~~~~^^
  File "C:\Users\BHAGWANJHA\AppData\Local\Programs\Python\Python313\Lib\site-packages\django\template\base.py", line 200, in compile_nodelist
    return parser.parse()
           ~~~~~~~~~~~~^^
  File "C:\Users\BHAGWANJHA\AppData\Local\Programs\Python\Python313\Lib\site-packages\django\template\base.py", line 513, in parse
    raise self.error(token, e)
  File "C:\Users\BHAGWANJHA\AppData\Local\Programs\Python\Python313\Lib\site-packages\django\template\base.py", line 511, in parse
    compiled_result = compile_func(self, token)
  File "C:\Users\BHAGWANJHA\AppData\Local\Programs\Python\Python313\Lib\site-packages\django\template\loader_tags.py", line 293, in do_extends
    nodelist = parser.parse()
  File "C:\Users\BHAGWANJHA\AppData\Local\Programs\Python\Python313\Lib\site-packages\django\template\base.py", line 513, in parse
    raise self.error(token, e)
  File "C:\Users\BHAGWANJHA\AppData\Local\Programs\Python\Python313\Lib\site-packages\django\template\base.py", line 511, in parse
    compiled_result = compile_func(self, token)
  File "C:\Users\BHAGWANJHA\AppData\Local\Programs\Python\Python313\Lib\site-packages\django\template\loader_tags.py", line 232, in do_block
    nodelist = parser.parse(("endblock",))
  File "C:\Users\BHAGWANJHA\AppData\Local\Programs\Python\Python313\Lib\site-packages\django\template\base.py", line 518, in parse
    self.unclosed_block_tag(parse_until)
    ~~~~~~~~~~~~~~~~~~~~~~~^^^^^^^^^^^^^
  File "C:\Users\BHAGWANJHA\AppData\Local\Programs\Python\Python313\Lib\site-packages\django\template\base.py", line 581, in unclosed_block_tag
    raise self.error(token, msg)
django.template.exceptions.TemplateSyntaxError: Unclosed tag on line 1: 'block'. Looking for one of: endblock.
ERROR 2026-05-04 00:25:35,327 basehttp 6324 5864 "GET /accounts/reset-password-confirm/ HTTP/1.1" 500 190012
WARNING 2026-05-04 12:18:53,715 log 27784 24320 Not Found: /favicon.ico
WARNING 2026-05-04 12:18:53,741 basehttp 27784 24320 "GET /favicon.ico HTTP/1.1" 404 3019
WARNING 2026-05-04 12:37:03,889 log 27784 3196 Not Found: /favicon.ico
WARNING 2026-05-04 12:37:03,904 basehttp 27784 3196 "GET /favicon.ico HTTP/1.1" 404 3019
WARNING 2026-05-04 12:43:18,617 log 27784 23368 Not Found: /favicon.ico
WARNING 2026-05-04 12:43:18,642 basehttp 27784 23368 "GET /favicon.ico HTTP/1.1" 404 3019
WARNING 2026-05-04 12:48:31,608 log 27784 23368 Not Found: /favicon.ico
WARNING 2026-05-04 12:48:31,632 basehttp 27784 23368 "GET /favicon.ico HTTP/1.1" 404 3019
WARNING 2026-05-05 15:05:02,089 log 7620 27812 Not Found: /favicon.ico
WARNING 2026-05-05 15:05:02,133 basehttp 7620 27812 "GET /favicon.ico HTTP/1.1" 404 3019
WARNING 2026-05-05 15:12:51,828 log 7620 16520 Not Found: /favicon.ico
WARNING 2026-05-05 15:12:51,865 basehttp 7620 16520 "GET /favicon.ico HTTP/1.1" 404 3019
WARNING 2026-05-05 15:22:21,198 log 7620 8672 Not Found: /.well-known/appspecific/com.chrome.devtools.json
WARNING 2026-05-05 15:22:22,279 basehttp 7620 8672 "GET /.well-known/appspecific/com.chrome.devtools.json HTTP/1.1" 404 3130
WARNING 2026-05-05 15:22:31,834 log 7620 8672 Not Found: /.well-known/appspecific/com.chrome.devtools.json
WARNING 2026-05-05 15:22:31,889 basehttp 7620 8672 "GET /.well-known/appspecific/com.chrome.devtools.json HTTP/1.1" 404 3130
WARNING 2026-05-05 15:22:35,792 log 7620 8672 Not Found: /.well-known/appspecific/com.chrome.devtools.json
WARNING 2026-05-05 15:22:35,809 basehttp 7620 8672 "GET /.well-known/appspecific/com.chrome.devtools.json HTTP/1.1" 404 3130
WARNING 2026-05-05 15:22:48,531 log 7620 8672 Not Found: /.well-known/appspecific/com.chrome.devtools.json
WARNING 2026-05-05 15:22:48,583 basehttp 7620 8672 "GET /.well-known/appspecific/com.chrome.devtools.json HTTP/1.1" 404 3130
WARNING 2026-05-05 15:22:53,381 log 7620 8672 Not Found: /.well-known/appspecific/com.chrome.devtools.json
WARNING 2026-05-05 15:22:53,628 basehttp 7620 8672 "GET /.well-known/appspecific/com.chrome.devtools.json HTTP/1.1" 404 3130
WARNING 2026-05-05 15:26:47,901 log 29884 23132 Not Found: /favicon.ico
WARNING 2026-05-05 15:26:47,916 basehttp 29884 23132 "GET /favicon.ico HTTP/1.1" 404 3019
WARNING 2026-05-06 22:30:44,272 log 25928 32152 Not Found: /favicon.ico
WARNING 2026-05-06 22:30:44,375 basehttp 25928 32152 "GET /favicon.ico HTTP/1.1" 404 3019
WARNING 2026-05-07 22:29:34,349 log 30956 36456 Not Found: /favicon.ico
WARNING 2026-05-07 22:29:34,380 basehttp 30956 36456 "GET /favicon.ico HTTP/1.1" 404 3019
ERROR 2026-05-07 22:50:16,310 log 30588 38416 Internal Server Error: /accounts/nominee-dashboard/
Traceback (most recent call last):
  File "C:\Users\BHAGWANJHA\AppData\Local\Programs\Python\Python313\Lib\site-packages\django\db\backends\utils.py", line 89, in _execute
    return self.cursor.execute(sql, params)
           ~~~~~~~~~~~~~~~~~~~^^^^^^^^^^^^^
  File "C:\Users\BHAGWANJHA\AppData\Local\Programs\Python\Python313\Lib\site-packages\django\db\backends\sqlite3\base.py", line 328, in execute
    return super().execute(query, params)
           ~~~~~~~~~~~~~~~^^^^^^^^^^^^^^^
sqlite3.OperationalError: no such column: nominees.can_add_nominees

The above exception was the direct cause of the following exception:

Traceback (most recent call last):
  File "C:\Users\BHAGWANJHA\AppData\Local\Programs\Python\Python313\Lib\site-packages\django\core\handlers\exception.py", line 55, in inner
    response = get_response(request)
  File "C:\Users\BHAGWANJHA\AppData\Local\Programs\Python\Python313\Lib\site-packages\django\core\handlers\base.py", line 197, in _get_response
    response = wrapped_callback(request, *callback_args, **callback_kwargs)
  File "C:\Users\BHAGWANJHA\AppData\Local\Programs\Python\Python313\Lib\site-packages\django\contrib\auth\decorators.py", line 23, in _wrapper_view
    return view_func(request, *args, **kwargs)
  File "E:\Resume_Projects\accessafter\accounts\views.py", line 1050, in nominee_dashboard
    for nominee in nominees:
                   ^^^^^^^^
  File "C:\Users\BHAGWANJHA\AppData\Local\Programs\Python\Python313\Lib\site-packages\django\db\models\query.py", line 398, in __iter__
    self._fetch_all()
    ~~~~~~~~~~~~~~~^^
  File "C:\Users\BHAGWANJHA\AppData\Local\Programs\Python\Python313\Lib\site-packages\django\db\models\query.py", line 1881, in _fetch_all
    self._result_cache = list(self._iterable_class(self))
                         ~~~~^^^^^^^^^^^^^^^^^^^^^^^^^^^^
  File "C:\Users\BHAGWANJHA\AppData\Local\Programs\Python\Python313\Lib\site-packages\django\db\models\query.py", line 91, in __iter__
    results = compiler.execute_sql(
        chunked_fetch=self.chunked_fetch, chunk_size=self.chunk_size
    )
  File "C:\Users\BHAGWANJHA\AppData\Local\Programs\Python\Python313\Lib\site-packages\django\db\models\sql\compiler.py", line 1562, in execute_sql
    cursor.execute(sql, params)
    ~~~~~~~~~~~~~~^^^^^^^^^^^^^
  File "C:\Users\BHAGWANJHA\AppData\Local\Programs\Python\Python313\Lib\site-packages\django\db\backends\utils.py", line 102, in execute
    return super().execute(sql, params)
           ~~~~~~~~~~~~~~~^^^^^^^^^^^^^
  File "C:\Users\BHAGWANJHA\AppData\Local\Programs\Python\Python313\Lib\site-packages\django\db\backends\utils.py", line 67, in execute
    return self._execute_with_wrappers(
           ~~~~~~~~~~~~~~~~~~~~~~~~~~~^
        sql, params, many=False, executor=self._execute
        ^^^^^^^^^^^^^^^^^^^^^^^^^^^^^^^^^^^^^^^^^^^^^^^
    )
    ^
  File "C:\Users\BHAGWANJHA\AppData\Local\Programs\Python\Python313\Lib\site-packages\django\db\backends\utils.py", line 80, in _execute_with_wrappers
    return executor(sql, params, many, context)
  File "C:\Users\BHAGWANJHA\AppData\Local\Programs\Python\Python313\Lib\site-packages\django\db\backends\utils.py", line 84, in _execute
    with self.db.wrap_database_errors:
         ^^^^^^^^^^^^^^^^^^^^^^^^^^^^
  File "C:\Users\BHAGWANJHA\AppData\Local\Programs\Python\Python313\Lib\site-packages\django\db\utils.py", line 91, in __exit__
    raise dj_exc_value.with_traceback(traceback) from exc_value
  File "C:\Users\BHAGWANJHA\AppData\Local\Programs\Python\Python313\Lib\site-packages\django\db\backends\utils.py", line 89, in _execute
    return self.cursor.execute(sql, params)
           ~~~~~~~~~~~~~~~~~~~^^^^^^^^^^^^^
  File "C:\Users\BHAGWANJHA\AppData\Local\Programs\Python\Python313\Lib\site-packages\django\db\backends\sqlite3\base.py", line 328, in execute
    return super().execute(query, params)
           ~~~~~~~~~~~~~~~^^^^^^^^^^^^^^^
django.db.utils.OperationalError: no such column: nominees.can_add_nominees
ERROR 2026-05-07 22:50:16,448 basehttp 30588 38416 "GET /accounts/nominee-dashboard/ HTTP/1.1" 500 153174
WARNING 2026-05-08 10:18:42,610 log 20776 21712 Not Found: /favicon.ico
WARNING 2026-05-08 10:18:42,680 basehttp 20776 21712 "GET /favicon.ico HTTP/1.1" 404 3019
WARNING 2026-05-10 10:56:05,524 log 1700 3112 Not Found: /favicon.ico
WARNING 2026-05-10 10:56:05,578 basehttp 1700 3112 "GET /favicon.ico HTTP/1.1" 404 3019
WARNING 2026-05-11 01:48:19,983 log 22336 4404 Not Found: /favicon.ico
WARNING 2026-05-11 01:48:20,149 basehttp 22336 4404 "GET /favicon.ico HTTP/1.1" 404 3019
WARNING 2026-05-11 01:57:12,375 log 17244 15872 Not Found: /about/images/img.png
WARNING 2026-05-11 01:57:12,409 basehttp 17244 15872 "GET /about/images/img.png HTTP/1.1" 404 3166
WARNING 2026-05-11 12:22:59,857 log 2616 17888 Not Found: /favicon.ico
WARNING 2026-05-11 12:22:59,923 basehttp 2616 17888 "GET /favicon.ico HTTP/1.1" 404 3139
WARNING 2026-05-11 12:23:16,073 log 2616 17888 Not Found: /about/images/img.png
WARNING 2026-05-11 12:23:16,094 basehttp 2616 17888 "GET /about/images/img.png HTTP/1.1" 404 3166
WARNING 2026-05-11 15:53:42,088 log 2616 12160 Not Found: /about/images/img.png
WARNING 2026-05-11 15:53:42,127 basehttp 2616 12160 "GET /about/images/img.png HTTP/1.1" 404 3166
WARNING 2026-05-11 15:53:51,416 log 2616 12160 Not Found: /about/images/img.png
WARNING 2026-05-11 15:53:51,422 basehttp 2616 12160 "GET /about/images/img.png HTTP/1.1" 404 3166
WARNING 2026-05-11 16:05:20,889 log 2616 12160 Not Found: /.well-known/appspecific/com.chrome.devtools.json
WARNING 2026-05-11 16:05:20,938 basehttp 2616 12160 "GET /.well-known/appspecific/com.chrome.devtools.json HTTP/1.1" 404 3250
WARNING 2026-05-11 16:05:46,147 log 2616 12160 Not Found: /.well-known/appspecific/com.chrome.devtools.json
WARNING 2026-05-11 16:05:46,280 basehttp 2616 12160 "GET /.well-known/appspecific/com.chrome.devtools.json HTTP/1.1" 404 3250
WARNING 2026-05-11 16:06:34,440 log 2616 12160 Not Found: /.well-known/appspecific/com.chrome.devtools.json
WARNING 2026-05-11 16:06:34,441 basehttp 2616 12160 "GET /.well-known/appspecific/com.chrome.devtools.json HTTP/1.1" 404 3250
WARNING 2026-05-11 16:06:38,313 log 2616 12160 Not Found: /.well-known/appspecific/com.chrome.devtools.json
WARNING 2026-05-11 16:06:38,321 basehttp 2616 12160 "GET /.well-known/appspecific/com.chrome.devtools.json HTTP/1.1" 404 3250
WARNING 2026-05-11 16:06:53,970 log 2616 27384 Not Found: /.well-known/appspecific/com.chrome.devtools.json
WARNING 2026-05-11 16:06:53,972 basehttp 2616 27384 "GET /.well-known/appspecific/com.chrome.devtools.json HTTP/1.1" 404 3250
WARNING 2026-05-11 16:06:55,986 log 2616 27408 Not Found: /.well-known/appspecific/com.chrome.devtools.json
WARNING 2026-05-11 16:06:55,996 basehttp 2616 27408 "GET /.well-known/appspecific/com.chrome.devtools.json HTTP/1.1" 404 3250
WARNING 2026-05-11 16:07:01,744 log 2616 27408 Not Found: /.well-known/appspecific/com.chrome.devtools.json
WARNING 2026-05-11 16:07:01,746 basehttp 2616 27408 "GET /.well-known/appspecific/com.chrome.devtools.json HTTP/1.1" 404 3250
WARNING 2026-05-11 16:15:58,171 log 2616 12660 Not Found: /.well-known/appspecific/com.chrome.devtools.json
WARNING 2026-05-11 16:15:58,262 basehttp 2616 12660 "GET /.well-known/appspecific/com.chrome.devtools.json HTTP/1.1" 404 3250
WARNING 2026-05-11 16:17:05,618 log 2616 12660 Not Found: /.well-known/appspecific/com.chrome.devtools.json
WARNING 2026-05-11 16:17:05,696 basehttp 2616 12660 "GET /.well-known/appspecific/com.chrome.devtools.json HTTP/1.1" 404 3250
